created_date,title,body,sentiment,url
2020-12-31 15:28:12,🚀GME DD PT2 🚀🚀🚀🚀 + Coordinated Charity for Autism and Kids + making it rain at GME + Coordinated Social Media,"#Post updated and complete

There are plenty of 🚀🚀🚀🚀 to keep your attention. This will be long. This will be epic. It even includes a physics lesson and how GME is in a physics equation, validating Valhalla. 

Just as reminder, most of you should have possibly received your first “welcome” $5 certificate from GME. Your first month’s Certificates will be available at the beginning of calendar month. You also received 10k points to be redeemed for 2x$5 off coupons or donate $10 to a charity. So by tomorrow you should have $10-$20 incentive to make it rain at GME. (You can end up with min $75 in certificates in the 12 month period)

Since “people” are lurking and keeping tabs on us, let me have your full attention with this. 

Ryan is Vito Corleone and Mel is Don Ciccio. More on this later, but just in case you are clueless, here is a little [preview.](https://youtu.be/gCdXiOssbM0)

Since many people like to compare GME to BlockBuster, both BlockBuster and Toys R Us can be Antonio Andolini. I’ll include an important economic lesson later regarding all 3 companies. 


I want to start some #️⃣ #trends 

#1. #TheDogFather 

I think it’s very fitting for our savior Lord Cohen. Yet still “clean” and catchy for mainstream media. He may be aware of us, but we want him to know that we support him and are looking forward to him. 

#2. #AnOfferHeCantRefuse

I think we all know this one...


#3. #HireOptimusPrimo

GME didn’t take me seriously. I contacted HQ, the HR department specifically. I said I would like to get on board with GME and that I’m responsible for a massive spike in their memberships. The guy was dumbfounded of my request to look into Pro Membership numbers and said he would “email others to look into it and they may contact” me...then he suggested that I should still apply for positions at GME....when I said I want to be on board, I literally meant the board....but I’ll be willing to start off as a district manager or in marketing. 

Now it’s been a few days, and I know it’s right before New Years, but Sherman has yet to contact me. Then again, he doesn’t even have twitter, showing how old school he is. 

3) I will need your input for additional # 
——————————————————————————


#Official Start of the Post

WSB is what GME is to the general public. Just like GME, most people don’t understand WSB and have a negative view on us. They hear rumors, see glimpses and glorified headlines and make their opinion on WSB. 

Are we perfect? Hell no. Are we saints? Absolutely not. Do we have some bad apples who are cringeworthy that even we at WSB despise? Absolutely! WSB isn’t for soft ❄️ and the faint of heart individuals who take things at face value. 

The truth is, just like GME, there is a lot of positives to us, but not everyone notices that and looks at both GME and WSB as pure evil. **Many are betting against GME and WSB.** Unfortunately for them, both are here to stay, and will become a greater presence as time goes on. 


Have you ever beat it up so good that months later  they contacted you back for a repeat? Well you haven’t, but your wife can attest to this experience.

**“The axe forgets what the tree remembers.”**

We are going to hit Mel and other shorts twice. 

Before I lose you since this will be a lengthy post with lofty goals of charity and coordinated social media presence...

GME 🚀🚀🚀🚀🚀🚀🚀🚀🚀🚀🚀🌕🌕🌕🌕🌕🌕📈📈📈📈📈📈📈


This is an attempt to coordinate our efforts and become a more powerful force to be reckoned with. 

##Speaking of Force, even Physics validates GME🚀🚀🚀 🚀🚀🚀

You see there is an equation for Newton’s Law of Universal Gravitation. The law is that objects with greater masses have a greater (attraction) gravitational force. The attractive force is directly related to the mass of the objects, and inversely related to the distance between them. 

The more massive the objects, the greater the force. The greater the distance, the less of the force. Want proof? Have you ever seen any chicks on my 600 lb life who is single? They all have a partner. Have you seen the 1000 lb sisters? One of them is currently pregnant. That means that someone, possibly one of you, managed to get her pregnant. 

The law validates itself, the more massive you are, the more attractive you become. GME has been a massive target for shorts, it has been and will remain a huge attraction to shorts and bears. 

GME is so attractive, that Mel left GME for dead. They could’ve closed positions, they weren’t satisfied at $4. They want GME bankrupt. 

Don Ciccio was wise enough to order Vito to be killed when he was 9, but his foot soldiers weren’t the best. In fact, when Vito’s mom begged Don Ciccio to spare Vito who is ”dumb-witted and only 9 years old” after having killed her husband and her oldest son who has vowed revenge; Don Ciccio responded “when he becomes bigger, he will come for revenge and kill me.” 

So calling Mel Don Ciccio is an insult because Don Ciccio was wise to attempt to tie up loose ends, but the fate is the same. 

Back to Physics: The law and equation...

The equation (for Earth) is:

#F = GMeM / Re^^2

##Can you believe this???

We all know what Re means...but if they are scattered and too far from each other, the force is not as great. This is why we have to recruit and bring all the scattered individuals to join the cause. The closer the distance of Re, the greater the force. 



With that said, not all forces are evil, and we will be benefiting many great causes. 

We are the leading sub in gifting awards, by a landslide, and that’s not even coordinated. Imagine if we did actually start to coordinate for our goals. 

FFS, **we may have set the record of most awards given to a post** for a post that said to buy shares instead of awards. 

People are aware of us....but they don’t take us seriously. They notice us, they lurk for their headlines and etc, but they don’t see the true power behind us. Every now and then, they may acknowledge or refer to us, but the reality is, it is always in a negative way. In fact, that’s ok. We don’t want to give the illusion that we do charities and donations to improve our “image.” We are not like the powerful and famous people who do things for PR purposes. We are just your regular individuals who have a more giving heart then the people who look down upon us. 

Many people here have individually donated to charities and towards great causes, for genuine reasons, and that is far more valuable than those who donate for pure PR. 

##Back to the tree and axe saying:

The tree is Mel, old, ancient, and deeply rooted in their beliefs. While trees are beneficial, this one is rotten and is experiencing heart rot. On top of this, there are many termites planning on feasting (smaller position shorts and bears.) We are not going to eradicate them, we are going to hit them twice. They’ll call the first one a fluke, contribute it to new console releases, and pure luck of WSB. 

But at some point, in order to realize gains, we will have to sell. Eventually time will pass, GME will be lower than its peak values because of the inevitable squeeze, and some unfortunate souls will be FOMOing at the top and be left bag holding. These bags will be so big and heavy that not even Southwest Airlines will let them fly for free. 

The likes of Mel, boomer analysts, and bears will rise again and claim that it is going back to the “5 year trend.” They’ll be setting themselves up for a 2nd round...But by this time

##TheDogFather Cohen has taken over GME 

and laid the foundations of successful business that will help GME transition and thrive. 


GME has consolidated and we’ve kept it above $19.
But no one is taking us seriously. There was an obvious attack that made the Uptick Rule go into effect this week, and many expected today to be the dip. We here at WSB don’t have  🧻 TP hands, but there are others who do. Those individuals are not aware of us and are easily manipulated. We should educate them, harden them up and have them join the cause.

Just like how many of you and the public weren’t aware of the memberships, many people (outside of here) aren’t aware of the strategy. Or if they are, they may not understand what to do and what not to do...ie during uptick rule times and not using margins etc. 

We also want to quickly spread solid info. Some of you posted my post on stock twits and noticed other people talking about it. Thank you for that, we made a reach, but we need to make it bigger. 

This is where my new info and DD will come into play, and many others as well. 

The reality is, many people (consumers and “investors” are still having the stereotypical view of GME. These stereotypes are leading to a downfall and an uphill battle. 

Getting the word out and educating people is the best thing to do, not just for GME, but for all businesses. There is great lesson to learn from and there’s more to it than just “they didn’t transition with the times”

There are valuable lessons to learn from BlockBuster and TRU, which I will get to. 


#You can redeem 5k points for an additional $5 certificate or donate to the current charities GME is affiliated with. 

We can also come up with our indirect donation / charity. One of my ideas was is that we can organize a program with hospitals. 

We can buy memberships under fake names or possibly 

#Ryan Chewy

The Ryan Chewy name will serve a 2 fold purpose. Besides in the name of TheDogFather, it’ll serve as a warning signal to Sherman as what is to come and that he better not start taking credit for more “memberships and retention.”

And use the phone number of a local children’s hospital. This bit of info can be shared with that hospital, and they can use the certificates to purchase little toys etc. Obviously the hospital would need to use their own funds to cover the remaining balance, but perhaps they already have such budget, or maybe they can set up and we can donate here and there. 

At the very least, they can get a physical copy of the magazine (assuming you signed up for $20)...but since it’s COVID, the magazine can’t really be shared...so maybe digital is better.

These are just random ideas, if we combine all of our low IQs, we can come up with some good benefit drive ideas etc.
——————————————————————————-

#New Update


Alright earlier today I wrote an Erotica novel of DD, which was mainly a preface / foreplay to this. The idea was to be able to finish it all in one go, but I ran out of my supply...

All jokes aside, life came up and I thought I could finish it rather soon but that didn’t happen. 

Many of you have an attention span that is longer than you could last in bed, so I’ll just spill the DD here. I highly encourage you to go back to that post because I’m trying to coordinate and a make a push for charities, donation ideas, and creating a social media push / trend to not only round up undiagnosed Autists out there, but to also to send batman signals to #TheDogFather Ryan Cohen.


The best “news” can be slaughtered by poor presentation. I have doubts with Sherman up there, perhaps they’ll use someone effective. 🤷🏻‍♂️

#DD points: 🚀🚀🚀🚀🚀🚀🚀🚀

1) GME is making a bigger push to becoming PC oriented, not just games and accessories, but parts as well. 

2) The reason Sherman was able to qualify GME as “essential business” was because of the few PC stuff they had. Then they sold out of that PC stuff in March and after that they were basically open because of PC qualification despite not having any PC items. By switching to “technology” category, Sherman would have to qualify them into that. The way he has been able to do so is for 2 reasons. 

A) To ensure that they’ll stay open in similar lockdowns. This will probably not be mentioned...but the dude did push for his stores to remain open and got backlash for it. Already tarnished a damaged image. 

B) Change business model and get in that Tech Train.


3) OmniChannel experience. 

4) GME has signed contracts with “about 6” vendors and providers “a couple which were just recently.” That number was a ball park # off the top of their mind. These include MSI, NewEgg and so on. 

5) You will be able to outright buy gaming PCs in stores and / or just order any part you may need. They’ve ran small trials for these and plan on rolling it out to stores at different times. Unfortunately not every store will have the same experience/ products based on demographic/ size...but they should still be able to order and ship to home or store pick up. 

6) Stores will have dedicated areas for PC experience. Ok let’s be realistic, most stores are the size a studio...so the PC area will be a house for ants. 

But if you check out local GME stores and see empty display areas / locked glass with nothing in it, this is where it is probably going to be dedicated. 

7) Even if you buy $10 card with $5 certificate, you’re not hurting GME. All those cards have been paid for before they got on the wall. You’re helping money come back, plus the goal is that people will spend more money. 

The goal from my 1st post with push of pro memberships wasn’t to rely on the $15 or $20...and have that as the savior. 

The idea is that with more memberships, you have more leads, and you have people who are more likely to buy products from you. You’ve now successfully pried someone from going a bigger retailer or online merchant. 

8) Buy memberships for other people. You can also buy memberships for business such as daycare / hospitals etc. At the very least they can have a physical magazine delivered on a monthly basis ($20 version) even if they never choose to use certificates. 

9) Pro Rewards:
#digital gamers benefit hugely. 
Remember those PSN / Steam etc cards, there is 40pts for every dollar spent on those as opposed to 20 pts on everything else.

Why does this matter? Faster points to redeem certificates for yourself or charities already affiliated with GME. 

Every 5k can be redeemed for $5 certificate or donated to charities. 

If you just recently signed up, you got 10K points already, plus welcome $5 coupon. Your 1st official $5 certificate will be available 1st of each month... so you may have up $20 available pretty soon...

10) GME now offers their own CC, which is available to use the same day. They also offer flex pay options from 3 different vendors who allow you to qualify from your phone and make payments ...GME isn’t taking this risk, they get paid from the vendors, customer pays the vendor. 

They also have a rent to own program, with minimum of $120+. 

Final points:

Most customers are buying for other people, that isn’t going to change. So while e-commerce is huge, some Karens will always need to show up to store...

But GME sells “used games” for nearly same price as new or more expensive than new games. They don’t make this decision, they sign contracts that can’t reduce price on these games until x amount of time...

But GME barely offers any $$$ for my product.

Hi there, they are a business, the most important thing for a business after great customer service is to have profit margins. 

##How long 1 minute is depends on which side of the bathroom door you’re on...

Let’s talk a quick lesson of value vs worth.

Your PSP might be worth $100 to you, but it only has a a value of $5 to GME. Why? Because for every 1 person that comes in looking for a PSP, they have 15 others trying to trade in. After they reach their limit of trade in, wtf are they going to do? Collect every PSP at the price you want them to? So that’s part of why you get offered low prices.

There’s other things involved. They have bills to pay, electricity, rent, wages, medical benefits, legal fees, alarm / security, maintenance on commercial grade AC/ventilation and many more. Oh yea, they also provide people with a safe place to trade in without risking getting robbed, shot, or killed. 

When any business closes, it’s not just those employees who lose their job. The services that that business relies on (mentioned above) now lose a customer and revenue as well. There is less stores for that AC company to send people out to...which means less money for them, which leads to more lost jobs. 

And you know what caused it? That lazy bum who chose the comfort of purchasing from home from an online merchant etc. There’s much more to this and this is just the tip of the iceberg when people choose how you do business and shop. There’s pros and cons to everything. I’m not saying never order online, but try to keep a balance. Support your local businesses when you can. 

People complain about not giving their child the same memories of going to TRU, but don’t realize that they themselves led to the downfall. GME was also there for many people who went and played video games at stores for free, as opposed to an arcade. Now people turn their backs on them when they have the opportunity to pay it back, by simply buying the same stuff they are going to anyway from other online / brick &amp;amp; mortar merchants whose gaming department is less than 5% of their piece of pie. 


#TL;DR:

ICR changed to Tech because they are changing their ways, and going more PC oriented. They’ve signed contracts with vendors and providers. More focus to PC gaming, include actual gaming computers, and parts that can be ordered. 

🚀🚀🚀🚀🚀📈📈📈📈📈📈🌕🌕🌕🌕🌕

Don’t forget the hashtags when @RC

1. #TheDogFather
2. #AnOfferHeCantRefuse
3. #HireOptimusPrimo

##[Check this comment for info on stacking points vs auto redeeming](https://www.reddit.com/r/wallstreetbets/comments/knxf4f/gme_dd_pt2_coordinated_charity_for_autism_and/gho03dg/?utm_source=share&amp;amp;amp;utm_medium=ios_app&amp;amp;amp;utm_name=iossmf&amp;amp;amp;context=

4) Already being used but never hurts, remember to use #WeWantCohen

Makes donations easier!!!
Educate people and 🚀🚀🚀🚀🚀🚀",0,https://www.reddit.com/r/wallstreetbets/comments/knxf4f/gme_dd_pt2_coordinated_charity_for_autism_and/
2020-12-31 12:11:40,AAPL is the 2021 Play,"Missed out on the TSLA run in 2020? Aww, that’s cute. You must be new to WSB. Well here’s your source of tendies for 2021 if you’re not a complete idiot and you can afford modest leaps. 

Some proper DD. I’m not citing sources, y’all can Google shit.

- They have around $200B cash on hand
- They had 34% increase in sales just on Xmas (278M)
- With the M1 processor, they’ve increased interest in their hardware again. Winning back jaded fanboys and killing the hackintosh community almost overnight.
- Their iPhone 12 sales are rumored to be strongest mobile sales to date.
- The stock is up over 80% in 2020 despite a pandemic

Now for bias and my own opinions:

I’ve been following Apple most of my life. I worked on some of the first hackintosh distros (iatkos) as a broke college student. I can tell you definitively that a massive majority of Apple users are in the digital media and production space. With their prioritization on services the last few years, they’ve really slacked in staying competitive in hardware. They’ve also made some weird plays at being different without actually innovating. That’s changed entirely this year. Their next earnings is going to reflect that. The M1 is a game changer. Almost everyone I know (which is hundreds of people in the digital agency space) have already or are planning on grabbing up Mac mini’s or Airs because of the chip and price point. Apple is also pretty much recession proof. 

My predictions:

- 10% price increase leading up to Q1 earnings just off anticipation.
- 20% price increase post Q1 (probably within a week or two) and pre Q2
- An easy 100% increase by year end.

My play:

Get calls on discount now. Near ITM for next earnings call. OTM leaps.",0,https://www.reddit.com/r/wallstreetbets/comments/kntu36/aapl_is_the_2021_play/
2020-12-31 08:57:34,"Stock Market News for Today | LMT, AAPL, ACB, TLRY, FUBO, ARKK &amp; other stock market news","**Are investors too bullish right now? What are the latest market movements in the auto industry? Pot get legalized in Mexico while FuboTv Plunges yet again. Let’s talk about this and other stock market news**

**\~Very Long Post\~**

Hello everyone and Good Morning!

First of all, I wanted to wish everyone a happy new year and hopefully things get better in 2021, and this also brings us at least the great returns that we had in 2020 in the stock market!

So, let’s start with the recap of yesterday, as we saw all 3 big indexes finish the last full trading day of the year in the green, with the [Dow Jones](https://ibb.co/0cvjjHN) leading the way, up .24% and closing at a new record high, while both the tech heavy [Nasdaq Composite](https://ibb.co/QFyd2f6) and the broad market [SP500](https://ibb.co/B67fT1g) were up just over .1% for the day.

We also saw the [VIX](https://ibb.co/b6Nqf9Z) barely drop yesterday closing just below 23, and with the Georgia runoff election just days away, we can see this going higher if the Democrats win both seats.

We saw almost 70% of the companies advancing [yesterday](https://ibb.co/g9CHK9Q) with most of them trading way below average volume as 7 of the 11 [SECTORS](https://ibb.co/LzXDF2P) finished in the green, with Energy &amp; Materials closing the day up more than 1.3% while the biggest loser was the Communications sector, falling almost 0.7%, as we saw the small-cap stocks regain some momentum, [leading](https://ibb.co/yQCFtTZ) the way after they had 2 very bad days to start the week, while the only group that was losing ground yesterday was the large-cap growth sector.

Here is the [HEAT MAP](https://ibb.co/x5bN7Lk) from yesterday that pretty much sums up the other charts as we can see most big tech companies like Amazon, Google, Microsoft and even Apple losing ground for the day, while the biggest gainers were companies like Tesla &amp; TSM alongside the industrial sector and companies like Disney and Mastercard.

Yesterday we also got the investor sentiment [SURVEY](https://ibb.co/7QPXjPV), which for me personally came in pretty mixed, as I use this as a contrarian indicator. This last week we saw 2.5% more investors moving to the bull’s camp, while we also saw almost a 5% increase in bears, as investors become more divided. I think the market is still a little to over bullish and I would avoid to add more money right now, but I wouldn’t get of the stock market either. I think this is a good moment to stay put and wait for more developments overall, but there might still be some good opportunities around in the market and I wouldn’t avoid getting into those.

We also got a lot of economic data yesterday, with a survey for business uncertainty for [December](https://ibb.co/87FMyQ6) showing increasing uncertainty for sales growth but a with a small decline in employment growth expectations.

Meanwhile another number that confirms the investor sentiment survey is the Investor Confidence [Index](https://ibb.co/5952C9Z) which rose by more than 13 points in November, as investors increased the risk appetite for their portfolios.

Alongside this we also saw the November pending home [SALES](https://ibb.co/F8WBXnh) decrease by more than 2.5% month over month, but are still up more than 16% since a year ago, with this monthly decrease mostly coming due to the shortage of inventory.

The Chicago [PMI](https://ibb.co/QF40My3) also came in way better than expected and 59.5 vs 57 expected and up from the 58.2 in the previous month with the biggest movement coming from the employment indicator as it rose to a one year high but is still in contraction territory since 2019.

We also saw the wholesale [inventories](https://ibb.co/fkWmNmc) decrease in November’s advance read while the [retail](https://ibb.co/BBKNrb5) inventories saw an increase of .7%, pretty much in-line with expectations while the trade [balance](https://ibb.co/CKSR070) also saw a surprise decline in the deficit to more than of $84B, $4B worse than the last revision.

[Today](https://ibb.co/D14JGZc) we get initial and continuing jobless claims numbers, alongside the money supply and the FED Balance sheet to end us off for the year.

In some other stock market [news](https://ibb.co/GkZgGM1), we saw Fubo sink more than 14% again yesterday after another investing firm announced they have shorted the stock, pointing to the insane valuations of more than $13.000/subscriber.

We also saw a [research](https://ibb.co/QMF5fnG) that indicated some changes in the market share of car companies with Hyundai/Kia having the biggest gains alongside GM, while Nissan saw the biggest decline in market share, mostly due to selling larger &amp; pricier SUVs with cars continuing to see a decline in sales, while the larger vehicles have started to rebound slightly, as all car makers are [bringing](https://ibb.co/kJGkXtz) more &amp; more SUVs and Trucks to the market.

Lockheed Martin also was [awarded](https://ibb.co/bWS5G6j) a new Navy contract worth more than $900M as this might help the company start to get back on track while Mexico will become the world largest legal cannabis market as the Mexican Senate passed a bill in November which is [expected](https://ibb.co/VW3Lqtn) to receive approval in the lower house by February. This is great news for companies in the sector like ACB, Canopy Growth and the future merged company Tilray &amp; Aphria.

Also, one of the biggest active ETFs with over $15B in assets, the [ARK](https://ibb.co/80WJFdW) Innovation ETF saw it’s first daily withdrawal since November, as this hasn’t experienced weekly outflows since early in 2020, this might have been driven by profit taking as this ETF has surged more than 140% this year and also just the ex-dividend date on the 29th, as people expect for the ETF to have a hard time in duplicating the results of this year, which saw it rise on the back of Tesla and Roku with both of them seeing massive increases, with Tesla having more than 7x-ing this year, as that is the biggest holding in the ETF, but who knows we have to wait and see as [TESLA](https://ibb.co/ZzGQgqX) may hit 500K deliveries this year.

And one last piece of [news](https://ibb.co/9bQhB4B) is that Apple did a big purge in their App Store, removing almost 40K game apps as this was the deadline for the developers to submit a government issued license number that enabled users to make in-app purchases. I don’t really think this will have a major impact for the revenues but we will soon find out.

Let’s hope for a good day in the market as US [FUTURES](https://ibb.co/mvv7tjX) seem to be pointing at a mixed open, with the Nasdaq and the SP500 pointing at a good open while the Dow is slightly down, and with no connection to this, in the UK, the [BREXIT](https://ibb.co/Rh1DYyG) chapter is finally about to close.

Thank you everyone for reading! Hope you enjoyed the content! Be sure to leave a comment down below with your opinion on the stock market!

Have a great day and see you next time!",1,https://www.reddit.com/r/wallstreetbets/comments/knqfeb/stock_market_news_for_today_lmt_aapl_acb_tlry/
2020-12-30 23:29:56,A Digital Advertiser’s Take on FB in Q1,"So I’m sure the iOS14 update and it’s negative impact on digital advertising / data collection is already somewhat priced into FB, but I don’t think people are considering how much it’ll really impact their bottom line.

I won’t bore you with the technical stuff like apple getting rid of IDFAs etc.. but one huge update rolling out in March is going to be a required opt-in where people have to agree to let FB collect ANY of their data. I’m sure most people know this, but many don’t know that it’s estimated that just 15-20% of users will opt in. 

Another thing is these changes don’t only hurt FBs data collection and thus the quality of audience targeting, but it also severely impacts the ability for advertisers to track their conversions. So much so, that Facebook will soon only be reporting conversions that take place within 7 days of interacting with an ad. Advertisers are seriously upset with this as we’ve always been able to track conversions for 28 days since the dawn of digital marketing. 

FB said they were going to implement it in October this year, but after a big uproar from advertisers they said they’ll delay it until 2021 and that it could be as early as January. But they said that it’s definitely happening. Facebook definitely wouldn’t do this unless they expect performance metrics to drastically decline. 

This change is the part that I don’t think is fully priced in and I think it’ll drive A LOT of ad spend away from the platform.

I know from experience that FB ad performance has been declining badly since around September this year and most advertisers feel the same way. People are already moving FB budget to other ad channels and I believe that after all the changes in Q1 it will drive A LOT of money away, especially when it comes to small businesses which make up a huge portion of their advertising revenue. There’s also agencies like mine which will have disgruntled clients and will want to move budget to Google, Taboola, etc.

TLDR - FB ad performance has been on the decline and upcoming changes in Q1 will make it much worse, thus driving A LOT more ad spend away from the platform than expected. The play is major puts after FBs June 2021 earnings report which I think will SEVERELY underperform",0,https://www.reddit.com/r/wallstreetbets/comments/knivl9/a_digital_advertisers_take_on_fb_in_q1/
2020-12-30 18:28:10,Why I'm emptying my bank account and buying long $GOOGL calls,"Google seems to get a lot less love than the other tech behemoths. They are sadly not the cutthroat capitalists like Apple or Amazon. But they spend a shit ton on R&amp;D projects like self-driving cars and other weird “moonshots” that are going to start paying off soon. The nerds in [Silicon Valley](https://www.businessinsider.com/most-desired-tech-companies-to-work-for-google-netflix-slack-2020-9) every year say Google is their most desired company to work for. I've decided to put my all my savings into long options.

**Some Google initiatives or statistics that are cool but not why they are undervalued:**

**Android market share worldwide:** 73%

**Search market share:** 87%

**Youtube:** 600 hours of video uploaded every minute, ad revenues through the roof

**Stadia:** One of projects from their “moonshot factory” that looked like it would fail spectacularly until the disaster of Cyberpunk 2077 on consoles showed Stadia could provide mid-tier PC performance on games minus the $2,000 for a PC. Huge increase in users since Cyberpunk fiasco.

**Why I’m going all in: Google is going to take over the world with AI**

Google owns the top two AI outfits in the world, Google Brain and DeepMind. They are far ahead of their competitors in the most important industry of the future.

DeepMind’s AI team solved protein folding this past month. Experts didn’t think this would be possible for decades. Their team will receive the first Nobel Prize where a neural network did a majority of the work. The monetization and scientific breakthrough possibilities for their proprietary protein folding prediction models are endless. ([more info](https://www.youtube.com/watch?v=W7wJDJ56c88))

Google Brain and Deepmind are working with Waymo. No other self-driving company has technology that is remotely close to Waymo. Google proprietary AI processors allow them to simulate billions of miles on the road and millions of people help train their models with captchas everyday. Their taxis are already in Arizona with no human operators. There have been no injuries to passengers. There isn’t a very small chance the car will kill you like with some [Waymo](https://www.theguardian.com/technology/2020/feb/25/tesla-driver-autopilot-crash) [competitors](https://www.nytimes.com/interactive/2018/03/20/us/self-driving-uber-pedestrian-killed.html). Uber realized the threat that Waymo posed to their business and tried to steal their technology. Waymo destroyed them in court and Uber sold off their self-driving operation this past month. Waymo will be first to market partnered with Lyft and will be significantly cheaper than Uber rides with human drivers. ([more info](https://arstechnica.com/cars/2020/12/this-arizona-college-student-has-taken-over-60-driverless-waymo-rides/), [2](https://www.theverge.com/2018/5/9/17307156/google-waymo-driverless-cars-deep-learning-neural-net-interview))

**Cons:**

**Google is super woke.** From what I’ve read their internal message boards make woke twitter look like r/The_Donald. Could definitely be bad for business but they did recently fire one of the libs for jeopardizing their AI business. 

**Politicians want to fuck them.** There is a lot of anti-big tech sentiment on both sides of the aisle now but this has more to do with their enemies (Oracle, Yelp, etc) trying to litigate rather than innovate. I just don’t see politicians breaking up a business that consistently ranks as one of the most respected brands in the country according to Morning Consult and which provides so many useful free services to constituents. 

**Trades made so far**

GOOGL $3,000 1/20/2023

GOOGL $2,900 1/20/2023

**Disclaimer: I’m retarded**",0,https://www.reddit.com/r/wallstreetbets/comments/kndkc7/why_im_emptying_my_bank_account_and_buying_long/
2020-12-30 17:05:04,Post Pandemic Economy,"Let’s talk about what the world will look like post covid-19.

It’s end of year 2021. Most people that wanted to have gotten the vaccine. Cases begin to drop rapidly, the hosipatals are becoming less crowded and lockdowns are now a thing of the past. 

Do we just go back to normal or will there be a cultural change in the way people live this lives?

Travel:
As the borders open up I believe that people will be flocking to get away. Escape from the 4 walls that have kept them safe and ultimately sheltered them from harms way. 

Airports will be slammed. Travel costs will sky rocket to make up for all the months of lost revenue they have incurred. 

Entertainment companies will be able to charge more money for tickets and people will pay. 

I do see consumer spending spiking during the first quarter post lockdown(whenever that may be)

Work life balance will forever shift. 
Companies now realize they can have employees work from home and save thousands on office related expenses. 

I also believe that people have gotten used to spending more time with the family and that some would actually prefer this. 

Online shopping has become the new norm during 2020. Every retailer in sight will have to offer some type of online experience in the next 3 years. 

Food. 
Restaurants have been hit hard in 2020. The ones that survived are most likely in for a treat. As travel and tourism industry goes on a high restaurants will directly benefit from increased foot traffic and lowered restrictions. 

Humans are social creatures. We thrive on being part of a pack and being accepted. This is literally engrained in our DNA in efforts of finding a human mate and being able to reproduce. 

All decisions always come back to basic needs of human life. 

Food/ water
Lesiure
Shelter
Family

If we look at how we have adapted in the last year we can see how all the choices we made have revolves around those 4 basic needs

Zoom became a huge hit since it provides a medium to connect with our family or for work which puts food on our table and shelter over our heads. 

Amazon because we wanted to safely provide food and necessities without being in harms way. 

Apple because it allows us to connect with our loved ones and people we care about, helps us do business which provides shelter and also games and reading leisure(and so many other things). A couple clicks and we have food at our doorstep. 

This is called a 3 banger. It satisfys 3/4 of the basic human needs. 

TDLR : Stonks only go up.",1,https://www.reddit.com/r/wallstreetbets/comments/knbysh/post_pandemic_economy/
2020-12-30 12:29:17,"Its a Boomer play, but its guaranteed money: $GE Leaps","So, this DD isn't actual TA. It is a series of (what I believe) are **very** safe assumptions: a combination of political analysis, energy trends, and inevitable nation-wide ""**must have**"" investments. WARNING: this is long. By necessity, one assumption leads to another. I'll give you the **one sentence TLDR** up front, but because this is an assumption-chain, I encourage you to read this post

\----

TL/DR: 

**In order for Biden to get a quick win for what is looking like unfavorable (to Dems) 2022 midterms, he will first shoot for a massive infrastructure bill. Either way Georgia goes, Dems won't blow up the filibuster. Therefore, if he wants to have any ""green"" policies in his first term, he has to make it super amenable to Republicans. (1) Connecting \*\*rich\*\* renewable areas (mostly Republican states) by extensive HVDC lines to (2) an enhanced nationwide Grid (HVDC lines) will kill two birds with one stone. This \^ infrastructure is inevitable, either way. $GE is the #1 and only American HVDC provider, 220k workers +. $GE Renewables don't contribute to revenue right now, but HVDC + Wind (which will be yuge) make it a massive discount rn.** 

\-----

I am going to lay down a series of linear assumptions and realities below. I feel like these assumptions are all safe, therefore, it is highly likely that the outcome I describe comes to fruition within the next 4 years. 

1. **EVs are going to see mass adoption**. Every automaker + Apple is trying to get in on this. BEV advantages are simply too great. It is highly likely that by 2025, 30% or more of the U.S. fleet will be electric. This will only continue to 2030. 

2. **This will cause big increases in demand on the grid**. Go google around: Grid owners are ecstatic about this. The average American home uses \~33 kWh of energy per day. I own a model 3, and BARELY drive (i dont commute) and still use \~10kWh per day for driving. A commuter may use around 30-35 kWh per day just to drive. By 2025, if \~30% of the U.S. fleet is electric, that'll cause a significant increase in grid demand. More important, though, is that energy generation investment takes time. Grid owners know this is coming. They will beef up generation faster and faster as the U.S. economy becomes more **electrified** instead of based on fossil fuels. 

3. **Added capacity is likely to be green**. This has 2 causes. (1) Finance: Coal isn't cost competitive with solar and wind anymore. Solar is getting very, very cheap and more and more efficient. Offshore wind is having a renaissance. Nuclear is greener, but more expensive (\~$4,200 per kW), and NIMBYism will prevail. Solar/wind + batteries is cheaper than $4,200 per kW right now. Additionally, Alaskan oil can't even get bank financing now, and Coal isn't expanding. People see the end is near. (2) Politics. Dem administration for the next 4 years, and green energy isn't the political football it was 10 years ago. Fighting renewables isn't the focus of the right anymore. Additionally, Democrats resist natural gas expansion: remember the Keystone pipeline? Natural gas is pretty green and cheap af, but its not everywhere, and I deem it unlikely that population centers (NE Corridor, Cali, Chicago, etc etc) are going to be OK with more and more natural gas plants. I deem it unlikely that we're gonna be a 50%+ natural gas country. 

4. **Biden will do an infrastructure bill**. This will happen. Its popular, its needed, and its perfect for his huge desire to be seen as a bipartisan president. 

5. **Biden will try and include moderate green elements in this bill because he knows he won't get green policies otherwise**. Even if the two Georgia seats go blue, there is \*\*ZERO\*\* chance the Dems blow the filibuster. You have (1) a president that won by a narrow margin, that (2) isn't that popular, (3) who has a bad-looking 2022 midterm, that (4) won't run in 2024 cause hes ancient, with (5) a not-too-popular VP, can't afford to run roughshod over norms and weaken their 2022 prospects. 50-50 plus Kamala casting the deciding vote? Please. Not happening.

6. **Green elements in an infrastructure bill will have to benefit Red states** in order to get passed. We're not gonna get a carbon tax / cap and trade system. We're not gonna get massive oil taxes

7. **A lot of Red states are RICH in renewables**. Look at these maps ([https://www.nrel.gov/gis/solar.html](https://www.nrel.gov/gis/solar.html)) for U.S. solar, and this map ([https://energy.maryland.gov/Pages/Info/renewable/windmaps.aspx](https://energy.maryland.gov/Pages/Info/renewable/windmaps.aspx)) for U.S. wind. What do you notice? For the most part, **there are huge wind opportunities in the Midwest**. **There is huge solar potential across Texas and the South**. Outside of California and Northeast Corridor offshore wind, renewables are concentrated in the Midwest and South. 

8. **Right now, we can't take full advantage of these areas because the infrastructure to transport 2025-2030 sized energy demands to population centers don't exist**. This is key. Right now, the U.S. energy grid is largely disconnected in terms of HVDC lines (high voltage lines capable of transmitting huge amounts of power with minimal loss: it resembles small, little fiefdoms. Google ""U.S. HVDC Map"" (make sure you're looking at the current ones--not the projections). We don't have that much HVDC infrastructure. In this past, there wasn't a huge emphasis because there wasn't that much need....renewables price efficiency didn't make for THAT compelling of a need, and localized Grid owners made-do with the status quo. **HVDC network improvement is INEVITABLE.** Renewables are too cheap, and the efficiencies inherent in concentrating wind and solar where appropriate are too vast. Right now, as you read this, there is an UNDERSEA Ultra HVDC cable being laid between Australia and Singapore to transport solar power. I shit you not. Europe and China are building vast HVDC and Ultra HVDC lines right now. **Look at this wiki page:** [**https://en.wikipedia.org/wiki/List\_of\_HVDC\_projects**](https://en.wikipedia.org/wiki/List_of_HVDC_projects)**. See how many are in Asia/Euro vs the U.S.? Its a fucking joke.** It is extremely unlikely that we're gonna just slap solar and wind where they are sub-optimal, rather than seek greater ROI. Mass HVDC lines are inevitable. 

9. General Electric is the only large American HVDC provider. GE employs 200,000+ Americans. It is literally one of the oldest American companies. It has a super American brand name, and is politically connected. 

10. HVDC is **expensive**. I'm not an expert, but because of NIMBY, its likely that a lot of HVDC will be buried along rail lines (From what I read). HVDC between hundreds of wind/solar fields across the U.S. will need to be built, plus HVDC / Ultra HVDC between renewable zones to NE Corridor, Chicago, California. I'd google around for figures, but basically, its $$$$$$$$$. 

11. **Right now,** General Electric's Renewables sector barely brings in any revenue (17% 2019 revenue, around $15 billion [https://www.statista.com/statistics/245430/revenue-of-general-electric-by-segment/#:\~:text=Aviation%20and%20power%20are%20the,U.S.%20dollars%20one%20year%20before](https://www.statista.com/statistics/245430/revenue-of-general-electric-by-segment/#:~:text=Aviation%20and%20power%20are%20the,U.S.%20dollars%20one%20year%20before).). The new CEO is actually pretty fucking great ([https://en.wikipedia.org/wiki/H.\_Lawrence\_Culp\_Jr](https://en.wikipedia.org/wiki/H._Lawrence_Culp_Jr)). He turned Danaher around, and is setting up GE for success. GE has a TON of debt (debt/equity above 6.0), but what will happen to the stock when GE is given absolutely gigantic contracts in order to buff up the U.S. Grid? They really are the only American company with the production/size ability to do this. What happens when the GE Renewables sector grows by 4-5x over the next 10 years? Grid improvements + Wind turbines are going to go up bigly. That $15 billion revenue line item may increase dramatically. 

If you read this far, let me restate that this isn't TA. I don't have strikes for you. I don't know how to value HVDC and Wind over the next decade. However, I have a **STRONG** feeling in my nips that $GE is going to be a major American comeback story, and \^ that political/economic/renewable trends make it exceedingly likely that GE will have huge grid contracts coming up. **How much of this is already baked into the price? I have no idea, but I do know that the big boys don't gamble on Adderall rantings like this, so it probably isn't baked in.** 

I'm using GE to add some safety to my current 100% TSLA portfolio. I encourage you all to pick up at least a few cheap 2022 GE Leaps. I'm buying the furthest out, highest strike calls I can get.",0,https://www.reddit.com/r/wallstreetbets/comments/kn6iy2/its_a_boomer_play_but_its_guaranteed_money_ge/
2020-12-30 08:40:50,"Stock Market News for Today | INTC, PTON, AAPL, HD, LULU &amp; other stock market updates [12-30]","**Should you get into stocks that benefit from the booming housing market? Is the workout at home trade done? Intel stops the bleeding while Apple loses lawsuit. Let’s talk about this and other stock market news**

Hello everyone and Good Morning! So, let’s start with the recap of yesterday, as we saw all 3 big indexes closing the day in the red despite hitting intraday records, with the [NASDAQ COMPOSITE](https://ibb.co/PCN8dwz) losing .38%, while both the broad market [SP500](https://ibb.co/cDjpNKP) and the [DOW JONES](https://ibb.co/RydQj61) Industrial finished the day down just over .2% as we also saw the [VIX](https://ibb.co/44wGzR0) rising by more than 4% yesterday as the $2000 stimulus was [BLOCKED](https://ibb.co/WFNSpCH) in the Senate by McConnell and the Georgia Senate runoff election is just a week away.

Almost 70% of the [COMPANIES](https://ibb.co/LYM4JfL) were declining yesterday on below average volume as the number of companies that were trading above the 50-day moving average fell under 70% for the first time in quite a while.

We saw 9 of the 11 [SECTORS](https://ibb.co/GRJSmht) closing in the red yesterday, with only the Health Care and Consumer Discretionary sectors having small gains as almost all the types of companies were losing ground [YESTERDAY](https://ibb.co/7tKPyP4), especially the small-caps with the small-cap growth group losing more than 2%.

Here is the [HEAT MAP](https://ibb.co/KjVsn9X) from yesterday, it’s mostly red, with only a couple of companies that were gaining big like the Chinese companies alongside Amazon and Intel.HEAT

We also got some economic data yesterday, as a review of the 2020 aviation and air travel [ESTIMATED](https://ibb.co/hRbYxpG) that traffic will be down 67% since last year, dropping to levels not seen since 1999, as air travel is still struggling to come back after the march bottoms. This has affected most of the [COMPANIES](https://ibb.co/FBq4g37) worldwide but it seems that China airlines is doing somewhat better with the biggest percentage of the total number of flights completed compared to last year.

The SP Home price [INDICES](https://ibb.co/W67RBYh) also came in better than expected with the National Index increasing by 1.4% M/M, as this is a leading measure of real estate prices, gaining 8.4% nationwide over year ago.

These moves can also be seen in the latest Redfin report, as home sales [PRICES](https://ibb.co/CwR5H56) are up 14% year/year to over $320K with a great increase in pending [SALES](https://ibb.co/mJtrwV9) which are also up more than 34% since last year, as the number of active [LISTINGS](https://ibb.co/vVkfMMh) of home sales is down more than 30%, as buyers can’t snatch them up quick enough with such low [YIELDS](https://ibb.co/7j1kY3s), as this has led for the [AVERAGE](https://ibb.co/gzQq8Wb) sale price to list value to rise to 99.4% which Is up 1.5% since 2019. This should be good news for companies like Toll Brothers, Lennar, HD and LOW.

This was also accompanied by the great numbers in the us chain store sales [NUMBERS](https://ibb.co/4PykPcH), which rose by almost 9% y/y with December sales expected to rise almost 5% since last year and a .2% increase since last month.

While [TODAY](https://ibb.co/8N3YMPV) we start the day with MBA Mortgage applications, home sales and the Chicago PMI alongside advance reads on many other data points.

In some other stock market [NEWS](https://ibb.co/q1J6Snv), we saw Apple cool of a little yesterday, losing more than 1% for the day while they also lost a lawsuit aimed of stopping Corellium using virtual iPhone for security researching in the operating system, while [INTEL](https://ibb.co/3vvXFGT) finally got a breather and recovered some of the recent loses, after an activist hedge fund manager pushed for strategic changes in the company as Intel is losing market share and top designers, with the company also [ISSUING](https://ibb.co/WgtwTrY) a statement that lifted spirits around the stock.

We also saw the [FAA](https://ibb.co/6rJ6bHd) introduce new rules for drones, this may have a big impact on companies like UPS, Walmart and Amazon, as all of them have started trials for drone-delivery, as this could lead to better margins for the companies.

The Fed also [EXTENDED](https://ibb.co/cxV3HkC) the main street lending programs until Jan. 8 with the approval of Mnuchin as they try to process a bunch of applications this month, this means we can get even more money put into the economy and eventually the stock markets which is good news.

And meanwhile, AstraZeneca’s vaccine was [APPROVED](https://ibb.co/y5QWbmh) for emergency use in the UK, this is another weapon to find this freaking illness, while JNJ will give us some results in early 2021 and Novavax just started their trial in the US.

Also, one last piece of data that I found recently shows that there was indeed a huge spike this [YEAR](https://ibb.co/JrKw01B) in the move to live streaming video and pre-recorded videos this year, as this has boosted companies like Peloton, Lululemon and others.

But this trend is seen slowing down in the next years with just a 4% [CAGR](https://ibb.co/HGhFJXS) in the equipment market, but that the exercise apps will see a big [GROWTH](https://ibb.co/02wm273) in the next years, so there are 2 different POV. I wouldn’t stay invested in companies like PTON right now, I’d rather take profits and move to other areas in the stock market. But don’t rush into companies like which have diluted their stock a lot or have lots of debt… this will not recover so fast...

Let’s hope for a good day in the market as US [FUTURES](https://ibb.co/nbV49Bs) seem to be pointing at a good open, with all 3 big indexes in the green as the Nasdaq is leading the way.

Thank you everyone for reading! Hope you enjoyed the content! Be sure to leave a comment down below with your opinion on the stock market!

Have a great day and see you next time!",1,https://www.reddit.com/r/wallstreetbets/comments/kn2g7f/stock_market_news_for_today_intc_pton_aapl_hd/
2020-12-30 05:27:50,Apple Stock Price Predictions | Buy or Sell AAPL? Apple [AAPL] Stock Price Target &amp; Analysis Stocks,"**Should You buy Apple stock or has the company run out of growth opportunities? What is my price prediction for Apple in the next years? Read until the end as I reveal my price target for Apple and also what I think will happen in the next couple of days, weeks &amp; months!**

**\~ Warning! Very Very Long Post\~**

Hello everyone! So, let’s go over some of the latest news on Apple before moving on to some fundamental and technical analysis, predictions and my price target for the stock in the next years.

So, let’s start with the [news](https://postimg.cc/Xrkwk6rP) that Apple will cut the App Store commission in half for small app developers starting in the next days, this will impact developers who earn less than $1M annually from the App Store Sales. This is likely to lead to a small decline in commission revenues for Apple as around 98% of the app developers will qualify for this tax reduction from 30% to 15%, but all these small developers only contribute to about 5% of the estimated $50B in annual revenues from the App Store, so that would be only a $1.25B loss for the company, that is less than half a % of the company’s total net sales in the last fiscal year.

Also, these changes may lead to a potential long-term revenue boost, as it is likely this will lead to an increasing creation of apps which will generate more commissions in return.

Alongside this we also saw the company releasing the new MacBook’s with their first in-house [chip](https://postimg.cc/vc39NF7x), which promises faster video and imaging processing [times](https://postimg.cc/CR5Fmj5V), with both [CPU](https://postimg.cc/Y4yLdrMd) and [GPU](https://postimg.cc/xJz8gLsd) performance up to 2 times faster than the latest PC laptop chip using just a fraction of the power consumption, with both of the macbooks promising big improvements in [battery](https://postimg.cc/1fp6y1rz) life. Apple is also [expected](https://postimg.cc/GHrtJ8vc) to roll out even more in-house chips in future products, as they have started the 2-year breakup with Intel chips.

We also saw Morgan Stanley [upgrading](https://postimg.cc/bZ5qMsSS) their base case to $191 at the end of November, as they have cited record lead times, supply chain forecasts and carriers demand as they expect that the company will sell around 270M iPhone in fiscal year 2021, that’s 50M more than the consensus and almost 30M more than the previous estimate of Morgan Stanley, with an average selling price of 842$, 9% more than the base case, as people tend to chose the more expensive and high tech versions of the lineup in this new 5G cycle.

The 5G super-cycle, which I believe is on the way, and will continue in the next years, as 5G become more available worldwide, could still be the biggest thing coming right away for the company with 5G smartphones [expected](https://postimg.cc/LJptP88f) to surpass 4G sales by 2024, with the average sale price of the 5G phones also coming down, helping them become more popular.

They also [released](https://postimg.cc/PpWhPy31) an update iPad Pro and an all-new iPad Air in September which will also boost sales in this work-from-home environment that will keep the demand very high for this kind of products, just like the Macs. Alongside the increasing demand from the Wearables, Home &amp; Accessories that include Air Pods, Apple TV, Apple Watch, and many more products.

But the biggest reasons I believe Apple is poised for continued growth, is primarily due to its services business, as they start to have more and more services like the Apple ONE [BUNDLE](https://postimg.cc/4777MD3s), which include up to 6 services from (Apple Music, Apple TV+, Apple Arcade, Apple News+, the new Apple Fitness+ and the iCloud service) for a pretty reasonable price in my opinion [starting](https://postimg.cc/BLkDnqzj) from 15$ up to 30$/month, this could be a great option for families and even individuals who use their services a lot.

The latest services, [Fitness+](https://postimg.cc/cKV4KrsG) just launched in the past days, and is a direct competitor to the likes of Peloton, as the service is available on the iPhone, iPad or even Apple TV. This also makes consumers buy the Apple Watch which syncs to the other devices to show you all kinds of information. The Fitness+ app just on its own is 8$/month or 80$/year which is less expensive than Peloton subscription which charges 13$ or even traditional gyms like Planet Fitness at 10$/month.

I think this will be the fastest growing sector for the company, as this aligns with the new macro trends, as the world is moving more and more to a digital approach to almost everything as consumer preferences, with more &amp; more younger people reaching the point in life when they use these services start to align to this increasing digital approach.

We also shouldn’t forget the Apple Card &amp; Apple Pay service among many others which also seem to gain from the move to digital &amp; contactless payments, as this has been accelerated due to the current situation in the past year.

And one last piece of [news](https://postimg.cc/k6BKCVTr), and the most recent one, is that Apple may have fast-tracked the Titan project. The Titan project is targeting a 2024 or 2025 push to develop an electric vehicle with advanced battery technologies, that will deliver significant increases in range at much lower costs than the current technologies while also having self-driving capabilities.

It’s reported they will not use the same technology as Tesla Full-Self-Driving feature, but will use LIDAR sensors, similar to those that we can find in the latest iPhone 12 PRO.

I think Apple can go 2 ways with this project, they can either use the huge amount of cash the company has to buy another car-maker like Ford, GM or any other car manufacturer expect Tesla and Toyota which do have a big market cap, so that they can fast-track the potential manufacturing of cars, or they can enter into a partnership with big companies like Tesla, Volkswagen or any other car marker to either produce cars or license their technology to this other car-makers which would ultimately and probably have higher margin-returns than the actual manufacturing of cars. Apple’s current overall [gross margins](https://postimg.cc/ykv1mfVP) stand at 38% vs the 15% average of the world top 10 automakers by market cap, which is significantly lower.

But this Apple Car thing is so long out, and there are so many unknowns, I will not try to predict anything related to this until there is more clarity on the subject.

And last, before moving on to some predictions, here are some of the highlights that we heard from the latest investors conference meeting, as the CEO, Tim Cook [expressed](https://postimg.cc/TyhpLzgg) optimism ahead with the launch of many new products and services, especially the Home Pod Mini and the new 5G iPhones, as these new iPhones include new LIDAR scanners that greatly improve the camera capabilities, as the iPhone as seen very positive reviews. We also saw the Senior VP and CFO, Luca Maestri give us great [outlook](https://postimg.cc/DWDmqxPD) for the company as they expect the installed devices base to continue to growth despite already being at an all-time high as they have over 585M paid subscriptions on their platforms and expect this to surpass 600M by the end of 2020.

I also researched and found what products we can see in the near future, with the first half of [2021](https://postimg.cc/jCBQsXVM) bringing new iMacs, the AirPods3 and the iPad Pro, while in the [FALL](https://postimg.cc/8jVJKngg) event we will probably get the new iPhone 13 alongside the iPhone SE PLUS and the Watch Series 7 with more products coming [later](https://postimg.cc/GHc3s01t) in 2021 or that don’t have an estimated release date like the Air Pods Pro, the Air Tags and the iPad Mini 6.

So, before even starting, you should know that I am bull on Apple but I am willing to hear other opinions so don’t be afraid to leave a comment down below.

I have made some predictions based on the growth rate of the [company](https://postimg.cc/JHRDpPGQ), the latest plans announced by them and used some estimates. So, keep in mind this are only projections and are calculated by myself, this is not an investment advice and you should do your own research.

This are my 2025 projections for Apple, let’s take a closer look at them, each on their own.

So, in term of revenues, Apple has 5 big sources of revenue, which saw an overall increase of 6% despite lagging sales in the iPhone. The biggest revenue is by a big margin the iPhone right now with over $137B in revenue in the fiscal year ending in September. I expect to see the iPhone sales increasing in the next years, especially in 2021, with the new 5G iPhone creating a super-cycle for the [company](https://postimg.cc/XGfBKT7J), as most iPhone users, including myself here, as I will upgrade from my iPhone X, will switch to this new product. The iPhone sales have decreased in the last couple of years by 14% and 3% as a result of the product not having big improvements, as well as iPhone usually starting to last longer than previous models, so I expect to see a 12% increase in sales next year and a gradual decrease in the growth of sales as more people upgrade, ending with just a 5% growth in iPhone [sales](https://postimg.cc/V0wfRpr7) in 2025.

The next revenues stream is from the Mac, which has seen an increase in the past 2years, with revenues topping $28B this year after the huge demand from the work from home consumers. I [expect](https://postimg.cc/1405tm2b) this trend to continue as they plan to continue to launch better products and I can see the company having a similar growth next year before starting to decline slightly until 2025, also ending with a 5% growth.

The iPad is currently the smallest revenue stream for Apple but has also seen an increase in demand in the past 2 years with a 13% average increase in revenues. I also expect the iPad to continue to grow in the next couple of years, especially with the learn-from-home environment for kids, and even after this period ends, the transformation for learning will implicate more digital usage. I [expect](https://postimg.cc/5XKtVsT0) the iPad to see some similar growth to the Macs, especially with the latest generation also bringing a new iPad air to the market.

The 4th revenue stream and the fastest growing in the past 2 years, with an average growth of 33% are the wearables, home &amp; accessories revenues. This have topped $30B this year, as Apple has also just launched the Apple Watch series 6 and also feature other great products like Apple TV, the Air Pods the Home Pod and the Home Pod mini alongside other third-party accessories.

I gave this [revenue](https://postimg.cc/v4C4JQ4T) stream a growth of 20% starting next year with a gradual decrease to around 8% by 2025, as I believe this will become more &amp; more popular as they start to have more vertical integration.

And last, but by no means least, the revenue stream that I expect to grow the most and the fastest is the revenue from the services that Apple gets. This includes revenues from Apple Care, Advertising, Cloud Services, Payment Services like Apple Card &amp; Apple Pay and of course the digital content which includes fees from the App Store alongside subscription-based revenue including the new Apple One Bundle and Apple Fitness+ alongside the already know Apple Arcade, Apple Music, Apple News+, Apple TV+ and hopefully I don’t forget any others.

So, I [expect](https://postimg.cc/svV7mDWR) this to become the clear 2nd biggest revenue stream for Apple by 2025, as I expect this to grow more than 20% next year, mainly due to the Apple One Bundle and Apple Fitness+ followed up by a slightly decreasing growth, ending with a 10% increase in revenues in 2025.

I think this are fairly conservative base case scenarios for the revenues, as I expect them to continue to increase the [other](https://postimg.cc/1VFFgkxJ) revenue streams and not have such a large percentage of the revenues coming from the iPhone sales as you can see in this chart.

In terms of expenses, I pretty much kept the same margins as in previous years, with a 68% expense ratio on product sales \[ [iPhone](https://postimg.cc/JDZ7jMnD) / [iPad](https://postimg.cc/Wd14CB9C) / [Mac](https://postimg.cc/q6GkZw2p) / [WHA](https://postimg.cc/211q9q8g) \] and 35% expense ratio on [SERVICES](https://postimg.cc/8sdLLrjH), as this are way more lucrative.

In the past 3 years, the products [gross margin](https://postimg.cc/ykv1mfVP) was 32.7%, so I actually imply bigger expenses for the manufacturing and sales of products, as this is mostly impacted by the company’s supplier’s ability to make up for and demand, while for the services revenue, the gross margins for the last 3 years has been 63.5% on average, but I expect this to be more in-line with the 66% margin in this past year. So, if services manage to grow to about half the revenues from the iPhone, this will double the gross revenues, as every buck gained in the service revenues account for 2$ in the product sales.

So, I expect the total [revenues](https://postimg.cc/sMjByQ2n) for Apple to increase from $274B in 2020 to over $440B by 2025, increasing by approximately 10%/year, while I will keep the expense ratio pretty much in-line and have them increasing by 11%/year, this would bring the total gross for Apple to $177B, increasing mainly due to the services revenues as I said earlier. This growth is just above the 4year [average](https://postimg.cc/Tp8g83mS), and below the 2018 levels, which we might see again with this 5G super-cycle and explosive growth in the services revenue.

I also think the company will continue to invest in both Capital Expenditure and Operating expenses.

I think the operating expenses will remain pretty much in line with the [previous](https://postimg.cc/2qBCfrnc) years, as this number has increased by 1% [annually](https://postimg.cc/Fd5JL9v8) both in R&amp;D and SG&amp;A. So, I will keep the exact percentages from previous years, as I expect the revenue to increase, thus I don’t see a big increase percentage wise. This would account for over $60B in operating expenses by 2025 and over $11B in Capital Expenditures by 2025, as I expect this to increase, mainly due to the possible EV developments or investments in self-driving capabilities alongside other manufacturing capabilities. You can see that the Capex [spending](https://postimg.cc/yDsRdpLy) has been decreasing in the past years with just over $8.8B in payments for business acquisitions and the other traditional Capex spending. Some people may use the cash generated by [investing](https://postimg.cc/Mn9nG6Mz) activities as Capex, but that is more unreliable. I also can see the Capex going back up, so I wanted to be safe and implied a 10% growth.

This money would account for over $73B in [expenses](https://postimg.cc/dZnY91K1) and would bring the profit for the company to almost $104B before **I&amp;T**.

Moving on, let’s see what revenue and expenses the [company](https://postimg.cc/cgy0x2ms) has had in the past few years. We can see a decrease in **I** expense in the past few years as the company has been paying debt, but they have also been generating less money in this department, with an overall decrease in this department of more than 50% in the past year, way less than the amount from 2018. So, for safety reasons, I used a 10% decline in both revenues and expenses [related](https://postimg.cc/QKgtZhZG) to **I**, while increasing the other losses by 10%/year.

This would bring the company pre-tax $$$ to just over $104B in 2025.

Let’s move on to taxes. I know the Federal tax rate is 21% for the [company](https://postimg.cc/ykY39pq1), but the actual tax rate for the company was lower than 15% in the past year, mainly due to lower tax-rates on foreign earnings alongside tax-benefits and tax-settlements. The average tax rate has been just over 16% in the past 3 years, but with more and more of the revenues coming from outside the US, I think it’s safe to say that the company will have around a 15% tax rate by 2025, this obviously if nothing major changes in tax policy around the world.

So, Apple would [have](https://postimg.cc/Wqc3ytKw) $88.6B in $$ after tax by 2025 and with the current outstanding shares standing at just under 17B, so I don’t even account for the company probably continuing to do share buybacks, this would mean a $5.22 [future](https://postimg.cc/4YytCLwL) earnings/share. And with today’s price for Apple just around 136$, that would mean to [company](https://postimg.cc/RNf1qH44) is trading at just over 26 times forward price to earnings.

I don’t think Apple will ever trade at a discount again, with the current PE [standing](https://postimg.cc/RqwqHQ6s) at over 40, I believe this will eventually go down, probably to around 35, despite the increase in services revenue, which is highly valued by investors. I think we can see Apple trade somewhere near 35 [times](https://postimg.cc/5H98PKv2) P/E in 2025, especially if something big happens with the EV project, this could be even higher, just look at Tesla which trades at [insane](https://postimg.cc/sBZhxMk5) P/E. Of course, we also have to take into consideration the dividends that will be received from owning the stock, as Apple has started to pay dividends almost a decade ago and has 9 years of dividend growth, with a 10% annual rate of [growth](https://postimg.cc/CnbZMbD2) in the past 5 years. [Here](https://postimg.cc/7CLT1G8C) is the dividend growth history for the company, as I also went conservative on this [estimate](https://postimg.cc/Tp7LcjGr) and implied a 7% growth for the next 2 years, 6% for 2023 and 2024 and just 5% in 2025.

So [here](https://postimg.cc/R3PK21QQ) are my 3 price targets for the company, [including](https://postimg.cc/JHR8JXvv) dividends but not reinvested. My bear case scenario is that Apple will trade at almost 165$ which implies a [return](https://postimg.cc/jCYzWhd2) of over 21% by 2025, while my base case scenario would see Apple trading at 195$ with a return of capital of 43%. I will also make the bull case for Apple trading at 225$ by 2025 with dividends included, which would imply just over 65% in gains by then.

I think this is possible as Apple has also [continued](https://postimg.cc/fJj36jMt) to buy back shares of the company on a constant basis, as they continue to an impressive campaign with over $72B worth of common stock repurchased in 2020. They continue to buy back shares at a very fast pace, having repurchased over 1.3B shares in 2019 and 2018, while also issuing less stock every year.

So here is the full [spreadsheet](https://postimg.cc/Z995KrzL) that I have projected for Apple by 2025 and the breakdown of everything i estimated \[ [1](https://postimg.cc/jCT7qdZJ) / [2](https://postimg.cc/DmcbSkMp) \] , if you do have another opinion or a suggestion please leave a comment down below, I think I have been conservative in most of my projections, but feel free to give your opinion.

Keep in mind, these targets might sound ridiculous, but just [look](https://postimg.cc/V50nHCSn) at the growth Apple has had in the last 5years. The company has increased in value by more 400% in just the past 5years and is over 100.000% up since it started trading. So yes, the valuation is mad right now for the company. So, are you willing to bet against Apple?

The company also has pristine [financials](https://postimg.cc/LYcYMxqf), with more than $65B in total assets compared to total liabilities, and more than $38B in cash and cash equivalents.

So, what do I expect in the next couple of days, weeks and months for Apple?

Let’s look at this [CHART](https://postimg.cc/7592T1c8), so starting with the stock split, Apple saw a correction within the September stock market pullback, in a buy the news &amp; sell the event, after a huge runup post-announcement of the stock split. The stock entered a consolidation period, and didn’t have any big catalysts, especially with new iPhone lineup not being included in the Q4 results due to the late launch. The stock found some levels of resistance near the $120 levels that it struggled to get past but acted also as support after breaking them just before the recent news of the possible EV developments or self-driving-features to be licensed to other car manufacturers. After that news the stock spiked and has now reached the previous highs made before the stock split and is facing some resistance, if the stock pushes over $140 I think we can say that it broke the resistance at those levels and is not just a fake-out. But I think it’s likely that the stock will consolidate between 122 and 135$ in the next weeks until the next iPhone sales and quarterly results are released, as the stock has entered overbought territory again with an RSI over 70, the first time since the stock split.

So, what would I do? Well, I own Apple stock, and I would really add on any weakness that the stock shows before the next quarter earnings are released, as typically Q1 [earnings](https://postimg.cc/V5t0FPTF) are the best for the company due to increased holiday sales combined with the launch of new products. I think any entry below 130$ would be really nice to start and build a position or increase it if you already own the stock.

Thank you everyone for reading! Hope you enjoyed the content! Be sure to leave a comment down below with your opinion on the stock market!

Have a great day and see you next time!",0,https://www.reddit.com/r/wallstreetbets/comments/kmzvqv/apple_stock_price_predictions_buy_or_sell_aapl/
2020-12-29 15:58:40,DD PSA: How to avoid getting fooled by a company like Nikola again,"Alright, knuckleheads. I know this isn't school, so I'll try to make this easy to understand and impart some of my limited aCtUaL kNoWleDgE upon this community in return for all you've given me.

NKLA happened, and NKLA will happen again. There's a million ways to slice, dice, and wife profits off a meme stock like that, but my favorite way to create a long forecast on a fast-rising techie company is to **look at the company's IP holdings**.

Companies (especially startups growing out of diapers and getting ready to shit the bed) have great incentive to patent anything and everything they can. Patents prove the company is working on R&amp;D, hired competent people, and has legal chops hovering feverishly. It gives them license to wave their dick around in the market space. Nikola's IP portfolio can be likened to Trevor Milton's bulge: ^(it's) ^(tiny.)

There are three easy ""types"" of patents.

1. Granted: ""real"". Legally sound. Valid for 20 years.
2. Pending: not ""real"", can turn real, valid for like a year.
3. Design: for design. Apple has many. Nikola needs none.

Nikola has like 9 patents (a minuscule amount for a company of its former stature) and almost all of them are design, or ""D"" patents. D patents are for Jonny Ive and the ghost of Steve Jobs' OCD. If a small company like Nikola or whatever goddamn meme stock you want to suck off this week has majority D patents, take a page out of Forrest's book and run. **You want a company with a history of turning pending patents into granted ones.** Even if it's a ""new"" company splooging all over the scene, I guarantee they've been producing IP for eons. If they haven't, that's a red flag big enough to cripple Lana Rhoades. If it breaks her, I fucking promise it'll break your margin account too. 

Patents should be

1. of the same volume as comparable companies in your meme stock's size and market space and
2. aligned with what the company says it's doing

Patents are forward-thinking documents. Companies want them to be viable and maybe even cutting edge 5, 10, 15 years down the line. You know what doesn't stay current for that amount of time? The design of a semi. Vehicles get redesigned year-to-year and substantially about every 5. You know what Trevor Fuckton decided to patent? A bunch of useless design patents protecting the contours on his DOA load of gravity-defying shit. And guess what? His company is garbage. Patents are a huge tell. **Good news for you addicts: NIO has a normal-looking patent portfolio.** Are they good quality? I'm not gonna look. But maybe you can.

**TL;DR since I know you want one:** My bidet's control panel is protected by more patents than Nikola has to its name. That's never a good sign. Do your dd. Love you idiots.",0,https://www.reddit.com/r/wallstreetbets/comments/kmmt51/dd_psa_how_to_avoid_getting_fooled_by_a_company/
2020-12-29 11:37:06,PLTR - Technical/Fundamental Analysis from a Professional Investor - Update 12/29,"So a lot has happened with the shares.

The wedge looks like it has broken down, but it could easily be just an extension of a wedge. The point is that we don't have a full breakdown unless we spend considerable time below 25, then I could maybe see things fall back down to 20. I think it is far more likely we just remain in this extended consolidation phase of 25-30 until we get some sort of a catalyst or a short squeeze.

https://preview.redd.it/ddzg718of5861.png?width=1224&amp;format=png&amp;auto=webp&amp;s=58b39c19f793dee8366fc2bafbc55bfe49d49836

But this is not the point of the post today. Today I am here to convince you why a cost basis of 20 or 25 doesn't matter for PLTR. You are buying the company at around 40-50x 2020E sales, Which seems quite high  (not as much compared to SNOW and some other big data plays) but still. So why bother with PLTR?

Before I proceed, I know most people who are here can't read, and I am going to be dropping a gigantic wall of text which I expect all maybe two of your guys to read, so here is the short form  **🚀**  **🚀**  **🚀**

This was the primer I had written on Information Technology  back in 2017

[https://etherealvalue.wordpress.com/2017/02/25/technology-primer/](https://etherealvalue.wordpress.com/2017/02/25/technology-primer/)

I started by looking at the S&amp;P500 since the early 1900s to understand if there was a mental model I could use to outperform the index. What I found was that starting in the late 1800s, most of the companies that ended up creating enormous shareholder value started as technology companies. Dupont was a technology company in the 1800s, Edison Electric was a technology company in the 1900s, GM was a technology company in the 1920s. If one looks at the market capitalization of companies today, many of the largest are today’s technology companies: Google, Apple, Amazon, Microsoft have market capitalizations which eclipse many old traditional industries.

There is clearly something about technology companies that allows them to generate enormous shareholder value and create wealth for society, after all, if the stock index was still dominated by the likes of American Cotton Oil and American Sugar Refining like in the 1900s, we would all be living in a different and much poorer world. The challenge with investing in technology companies is that for every Edison Electric there is a Zenith Radio. for every IBM there is a Sinclaire Rearch and for every Apple there is a Blackberry. There had to be a way to analyze or put into context why some companies last longer than others and why some managed to generate returns over a thousand fold for its investors while others fizzile and pop with the latest turn in the economic cycle.

I agree with Peter Thiel’s thesis that technology advancement is probably slowing down and primarily concentrated around information technology as a result of regulations around the “world of stuff”. I believe this will continue to be the trend of the next 20-30 years, with some exceptions and that the rise of AI may start creating innovation again in many static fields. I believe historically, there were massive innovation happening across multiple disciplines from the 1800s-1950s, where technological progress branched  out like a tree and built on itself. Since the 1970s or so, this branch narrowed  into only a few sectors, primarily focused in information technology.

So I wanted to strip out the massive amount innovations that have taken place around agriculture, communications, transportation, energy and petrochemicals over the past 100 years. It is helpful to think backwards if you will, focusing on just the age of computers and back into the late 1800s, into the birth of the electronic age. When we focus on just the computer led revolution in the 1950s and electricity revolution in the 1870s, we start seeing some interesting trends.

**Information Technology Cycles**

The following is my attempt at describing from a very high level the history of computing and informational technology. What I found was that technology moves both in cycles of proliferation and consolidation and that there is a directional theme.

Electronic Age

**Electricity/Scaled Power (1875-1900):** Platform competition and consolidation phase: Edison vs Tesla. Enterprise facing, originally to convince government and factory owners to replace physical labor.(Important companies: GE and Westinghouse)

**Electronics (1900-1925):** Electricity prices fall as infrastructure rollout, creating a proliferation of electronic hobbyists and startups. Hardware dominates first half, platform dominates next half. Consumer Facing.(Important companies: RCA, Zenith, Galvin (Motorola), most went belly up, upstream and downstream do well)

**Electronics Consolidation (1925-1950):** The electronics sector consolidates, with content platform operators (software) dominating, and winners usually emerge from previously niche targets.(Important companies: AT&amp;T, NBC, IBM)

Computing/Software Age

**Computing/Scaled Electronic (1950-1975):** Platform consolidation: IBM and the seven dwarfs. Enterprise facing, originally to convince government and large scale enterprise to replace  basic mental labor.(Important companies: IBM)

**From Hardware to Software (1975-2000):** Computing price falls, creating a proliferation of hobbyists, IT startups and companies. Lots of PC makers who go bust, software and internet dominate in the second half.(Important companies: Intel, Microsoft, Apple, Dell, most early PC makers go belly up, up and downstream do well)

**Software Consolidation (2000-2025):** Sectors like Retail, information and social consolidate. Hardware continues to fall away to software as content platform start to dominate, winner is emerging across multiple sub verticals.(Important companies: Amazon, Apple, Alibaba, Tencent)

Cloud/AI Age

**Machine Learning (ML)/Smart Software (2025-2050):** Platform consolidation phase. Enterprise facing, convince companies this is the future of advanced mental labor. It will be about the use of AI at the industrial scale being adapted by corporations and governments for various analytical, resource management and decision making processes.(Candidate Important companies\*\*:\*\* AWS, Microsoft, Palantir, companies yet to exist in China)

**Specialized AI (2050-2075):** Machine learning/AI becomes cheaper, creating a proliferation of AI hobbyists and developers, high level programing focused, consumer facing. This will be about the proliferation of AI in our everyday lives. Just as how starting in the 1990s, the story of technology was one with the integration of computers and software to our daily lives, to some extent, outsourcing the memory/logic processing components of our lives to computers. Now, we will be calling upon multiple AIs to do many deal of the functions of our lives in perhaps faster input times (using neural interfaces). Companies and products could be formed in seconds from simply thinking through the process and outsourcing it to smart software who functionally construct its various parts in second to minutes depending on how quickly you can direct and scale your digital minions to do your bidding.(Candidate important companies: most will go bust, up and downstream will likely do well.)

**General AI (2075-2100):** Consolidation of Software/AI. It will be about the web linkages of human/AI integration. Whether this looks like some sort of neural net where we live in a web of information buffeted by our web of AI advisors.

The average core technology cycle seems to be approximately 75 years, with 25 years of infrastructure platform competition and roll-out, 25 years of new venture creation most of which gets washed out, and 25 years of industry consolidation.

The initial phase of the cycle is dominated by 1-3 players fighting it out in a standards war that then gets rolled out as the foundational infrastructure of the next 50 years:

In the initial phase, the general theme is that the companies start off as enterprise and government facing. In the historical electronics and computer cycle, there has been two such periods, the roll out of electrical grid by GE/Westinghouse and the roll out of mainframe computers by IBM. In the case of the AC vs DC standard war between Edison and Tesla, both men through their respective backers, GE and Westinghouse, to invent and supply standardized power equipment and build power plant, the initial consumers were local government to replace previous gas lamp systems with electrical street lamps and to factories. The new technology was seen as cheaper and more efficient than previously gas operated lambs operated by cities and more importantly, electricity delivered by wire is seen as much more efficient than having onsite power for factory operators, allowing for the displacement of onsite steam engines and boilers. The birth of the mainframe computer was similar, although less competitive. Due to an earlier lead and first mover position, IBM was able to dominate the market over its competitors, making them irrelevant. The mainframe computer was sold to large corporations and government defense agencies for the calculation of complex formulas that had previously required the employment of hundreds of staff. The two initial cycles produce two monopolistic businesses that are still DOW components today, GE and IBM, which set the standard for a drop in the price of electricity and computing that would benefit the next phase of the cycle.

The proliferation phase, the general theme is that there is a cheapening of the previous platform technology, electricity and computing power, which enables hobbyists to take advantage and start building new products in the electronics and PC space. This is characterized by period of high new firm creation, high levels of creativity and a move from enterprise focus to the consumer. We saw it in the 1900-1920s with the birth of the electronics industry, there were dozens of radio makers, appliance makers and various electronics manufacturing startups. During this time, there was heavy competition from the host of new hardware businesses, with most profits coming from IP licensing. A similar analogy could be made of the PC era of the 1980s-2000s, there was a lot of hardware makers, it was highly competitive, and the winners of the era were primarily focusing on software (ie Microsoft).

The consolidation phase, In the case of the 1920s, the commoditization of hardware created an opportunity for content providers. History is littered with names of large scale manufacturer that are now defuct, names like Zenith, admiral and dozens of electronics makers which use to hover mid-western industrial hubs such as Chicago. The content providers in Radio and TV became more dominant. Through the current consolidation phase, starting in 2000, we see less new venture creation and generally a focus on the content/distribution platform side of consumer technology. Amazon, Netflix, Google, Apple are key examples of the shift.

What it means today,

I would argue that we are in the consolidation part of the cycle until 2020-2025, where it will continue to be about shrinking number of consumer technology players and the dominance of content over infrastructure. This explains the phenomenal increase of FANG stocks relative to the rest of the market. As a result, for the next 5-10 years, if one can pick good entry points for Amazon (I will discuss my dislike of Google in a future post), one will be successful, and the company will likely last for a long time. It remains to be seen if Apple can create a bigger ecosystem. Contrarian value plays probably revolve around Chinese ADRs which are out of favor with the US public.

**From 2025 onward, the most exciting prospect is the idea of a repeat of the infrastructure buildout that happened at the onset of the electricity and computing age. I believe that the new phase will be targeting enterprise and government and will be a winner take all fight similar to the few cycles. The previous cycles revolved around scaled mechanical energy and scaled linear mental processing, I believe the next phase will revolve around advanced mental processing. I think that corporations and government while benefiting from scale, are beholden to inefficient decision making due to complicated management structuring.** The automation of complex management process that can analyze of complex large data and deploy resources more efficiently will become invaluable to large corporate/government clients. Companies that have potential in this space are big data players with big client channels like AWS and **Palantir** or emergent players which have yet to develop in the US or China. It is also possible that will come from a spinout team from one of current tech giants.

It is a serious mistake to continue to look for consumer plays in the technology space. I believe that the sector is consolidating and played out. New entrants will find it nearly impossible to survive at the downturn of the next cycle and current incumbents will solidity their positioning. The next batch of potentially interesting companies will likely come from the enterprise space. While Wall Street analysts continues to be focused on AWS and the fight over IaaS and PaaS, the most interesting segment to watch is in advanced analytics and resource allocation tools, which is ripe for innovation. There are lots of fat in the middle management layer of corporations and governments. I strongly believe that this space is where the next once in a generation infrastructure player (like GE and IBM) can offer an impressive solution which will fill the niche. The early identification of this company/companies will generate significant out performance relative to any market benchmark.

2020 Update:

If we are in the infrastructure roll-out stage than first mover absolutely has an advantage as we could see with GE, IBM and microsoft to some extent during the previous eras. In the consolidation ages, the last mover had an advantage. Amazon and Apple were not the first e-commerce or hardware makers, but are likely the last because they benefit from  a slow down of technology and a focus on ease of use and scale.  This is why every contract and sticky ones PLTR has is so important, because these relationships will scale in a non-linear way once AI and machine learning starts making its way into  large institutions and first mover advantage is very very important here, just like how GE was working around the clock to sign on factories and local governments for lighting and electricity contracts, once they were in, that is forever and they could start selling other equipment and devices all of which were collecting licensing or patent fees.

I have very high conviction on Palantir.  I believe the reason above is what drove Peter Thiel to invest into Palantir, because it is building the infrastructure layer for the age of AI and PLTR is primed to becoming the single most important company in technology for the next 2-3 decades and will be a 100-1,000x bagger.

Position Update;Now have $220k in shares  (bought another \~$90k in shares yesterday, still about 30k (down from 50k) in calls. I fully expect to lose all my call value.  If it drops to 20, I'll add another 100k. These shares are long term holds and are the ones to pass down to your children.",-1,https://www.reddit.com/r/wallstreetbets/comments/kmhp1p/pltr_technicalfundamental_analysis_from_a/
2020-12-29 04:22:17,VIAC Bull Case,"**TLDR: Buy VIAC. Potential 10X returns. Large proprietary content library. Great subscription growth numbers. Paramount+ launching globally.**

Long time lurker, first-time poster. Was introduced to WSB by a friend and bought GME a few weeks back. Best decision of my life. I've just gotten out of GME and am putting all of that cash into ViacomCBS (VIAC). Here's why I'm extremely bullish about VIAC:

**Introduction**

The global video streaming industry continues to grow at a staggering pace and **revenues are expected to double over the next 5 years to \~1 Tn**. Few pure-play media assets remain, with surviving firms beginning to explore alternative strategies in the face of disruption. There are **three main trends** currently in the industry:

1. Merge / acquire downstream (typically with telecoms) (e.g. AT&amp;T / Comcast) and launch DTC offerings
2. Launch DTC offerings (e.g. Disney, ViacomCBS) without downstream merger
3. Stay the course, seek opportunities for sale (e.g. Lionsgate / Discovery)

The **primary issue with type (1) companies**, in my opinion, is that the **high cost of an LBO / M&amp;A have increased debt levels of companies such as AT&amp;T**. Shareholder inertia coupled with high debt-servicing costs in the long term will translate into **lower content spend** and **higher bankruptcy risks moving forward**.

Yes, interest rates are at an all-time low currently, with the fed pledging to keep them at 0% for the foreseeable future. However, I believe that it would be a mistake if we were to disregard financial frictions increasing debt servicing costs. Banks have already started to tighten loan originations, and consumers are beginning to cut back on retail expenditure. **Falling consumer confidence and consumption, increased asset price dislocations, and likely regulatory failure may precipitate a credit crunch, one not dissimilar to 2008's subprime crisis.**

If I had to bet on which firm would survive the following few years (AT&amp;T / Comcast / ViacomCBS), I'd put my bet on ViacomCBS. **It is important to not simply examine gearing ratios to determine a firm's liquidity moving forward, but also their inherent cost structures.** All three firms are highly levered. However, unlike AT&amp;T and Comcast, **ViacomCBS is also actively reducing their debt**. Rather than acquiring traditional satellite tv providers (looking at you AT&amp;T), it decided to sell off legacy businesses (e.g. Simon &amp; Schuster). In addition, it is worth noting that the majority of ViacomCBS' debt comes from the acquisition of media IP.

In summary, **ViacomCBS is navigating industry headwinds with relative ease compared to telecom-media companies**. It has an asset-light structure compared to AT&amp;T and Comcast, and is hence **better positioned to move into the digital streaming age**.

**Comps**

**At the moment, VIAC trades more like a traditional media play** (low PE ratio of 8.55). Comparables include Lionsgate (PE: 12.7) and Fox (PE: 10.7). Even when benchmarked against traditional media play comparables, VIAC is undervalued. There is substantial market demand right now for traditional media assets as the streaming wars continue to heat up. **At the very least we would be looking at a 20-30% jump in VIAC if we simply rely on comps analysis.**

More importantly, ViacomCBS has been digitalizing and reorganizing themselves to become a streaming giant - more comparable to Netflix (PE: 82.9) and Disney (PE: 86.4). Even Comcast has a PE ratio of 17.7. **Paramount Plus has already launched in certain parts of Europe to great success**and will be **launching in the US and Australasia in 2021 (More on this later)**. Valuing VIAC as a **Content as a Service** play would mean a **potential 10X upside**.

**Execution**

Extremely robust growth in streaming of **72% YOY**, with **total US subscribers** to Pluto and CBS AA **totaling** **\~46M**. This is greater than 50% of ***Disney+'s global subscription base***, and a strong showing given that ViacomCBS has only started focusing on streaming a little over 2 years ago.

ViacomCBS has named **Tom Ryan as their new head of streaming**. Ryan comes from ViacomCBS' acquisition of Pluto, is a **notable figure in the startup and venture capital community,** and has sat at the **convergence of retail and entertainment** over the past few decades. He was formerly affiliated with Trunk Club (retail disruptor acquired by Nordstrom) and Bessemer (one of the valley's leading VCs). It is **increasingly difficult for large corporates to acquire innovative talent**.

Unlike AT&amp;T, **ViacomCBS understands branding**. Their decision to streamline their streaming services and rebrand them as Paramount+ (which is a relatively visible brand globally) is nothing short of a stroke of marketing genius. Compared to its competitors, it is **building on a brand that has been associated with quality films and TV programming globally**.

What are its competitors doing? **I sure as hell have never heard of Peacock before 2020**. And while HBO is associated with quality programming globally, **AT&amp;T has had substantial brand confusion across its streaming products**. I mean, there is HBO Go, HBO Now, and HBO Max (in addition to a variety of AT&amp;T streaming brands). AT&amp;T's branding strategy is a complete clusterfuck.

**Content**

Content is king. More specifically, proprietary content is king. At **30,000+ hours of content**, ViacomCBS will have **one of the largest content libraries** when Paramount+ launches.

In addition, it owns a **large library of top-tier proprietary content** including Star Trek, Gossip Girl, Survivor, and Billions. As licensing agreements with distributors and other streaming platforms expire, ViacomCBS will be home to one of the largest proprietary content libraries in the world. At the end of the day, differentiation is king; and **differentiated content attracts and retains customers**.

More importantly, **proprietary content allows streaming providers to scale their offerings globally**, eliminate distribution fees, and reach consumers directly. Paramount+'s access to a large library of proprietary content (which can be scaled globally without licensing concerns once existing licensing agreements expire) means that Paramount+ has a shot at becoming one of the leading streaming services globally. It is also worth noting that **the number of media assets available for purchase has dwindled over the years** (Lionsgate is one of them). Most have been snapped up by Disney. Whatever scraps are available out there **will not make a big difference to the quality and quantity of proprietary content that existing streaming providers can offer**.

&amp;#x200B;

|Service|US Hours of Content (Proprietary &amp; Licensed)|Notable Content (Proprietary)|Proprietary Content Ranking|
|:-|:-|:-|:-|
|Netflix|40,000+ (Est)|House of Cards, The Crown, Stranger Things, Lost in Space, The Umbrella Academy, Grace and Frankie, Orange Is the New Black, Ozark, Bodyguard, My Next Guest Needs No Introduction with David Letterman|2|
|ViacomCBS: Paramount+ (As of Q1 2021)|30,000 ([Source](https://techcrunch.com/2020/09/15/cbs-all-access-to-rebrand-to-paramount-expand-internationally-in-2021/))|Star Trek, CSI, Gossip Girl, Criminal Mind, Madame Secretary, Amazing Race, Survivor, Twilight Zone, Billions, Colbert Report, 60 Minutes, Dora the Explorer, iCarly, Two and a Half Men|2|
|Disney: Disney+|20,000+ (Est)|All things Marvel, All things Disney, Star Wars, Scandal, Ugly Betty, The Good Doctor, Quantico, The Muppets, How to Get Away with Murder, Criminal Minds, Empire, Jimmy Kimmel Live, Nightline|1|
|Amazon Prime Video|20,000+ (Est)|Jack Ryan, Man in the High Castle, Tales from the Loop, Homecoming, The Marvelous Mrs. Maisel, The New Yorker Presents, The Expanse, Bosch|4|
|Comcast NBCUniversal: Peacock|20,000 ([Source](https://www.cnet.com/news/peacock-tv-free-premium-streaming-app/))|Friends, The Blacklist, This Is Us, Law &amp; Order, Late Night with Jimmy Fallon, Parks and Recreation|4|
|AT&amp;T Time Warner: HBO Max / HBO Now / HBO Go / AT&amp;T TV / AT&amp;T Now / AT&amp;T WTF I can't differentiate between them all|10,000 ([Source](https://techcrunch.com/2020/04/21/hbo-max-debuts-on-may-27th-with-10000-hours-of-content-including-a-handful-of-originals/))|Game of Thrones, The Sopranos, The Wire, Sex and the City, Succession, Veep, Silicon Valley, Westworld, Industry, His Dark Materials, True Blood|3|
|Apple TV+|\~300 (Est) (Sidenote, this is not a streaming service, it's grandma's small AF DVD catalog)|For All Mankind, The Morning Show, Central Park, Snoopy, Oprah's Book Club|No.|

**Concluding Remarks**

**This is not a winner takes all market.** These streaming providers are the cable providers of the 21st century - except they are able to scale and reach an audience that is 20X larger than the cable providers of the 20th century.

In short, **ViacomCBS checks all the boxes - execution, branding, talent, content, and value.** **It is on track to become one of the top 3 players in the streaming wars and is an extremely good buy today**.

&amp;#x200B;

\-----------------

Added on 17 Apr 2021

***PS: Thanks for the support***

*Thanks so much for supporting my posts! It's been a great learning experience posting my thoughts on Reddit, and building on my thesis with the community. I really appreciate all the Reddit Awards / comments / questions. But please spend your money someplace else. If you have made money based off my thoughts, donate some of it to your local food bank.*

***PPS: Answers to common questions that I receive***

1. *What options should I buy or sell? I don't advocate for the buying and especially (naked) selling of options. Unless you are Optiver, Jane Street, or Jump, the chances of you outsmarting the markets are slim to none.*
2. *How can I support your work? I write on Reddit mainly for fun. I won't say no if you want to contribute to my retirement fund though. I am happy to receive Ether at 0xb5E765D04Ea46420D4649800dA7a455eCDb2E7F9 or Stellar Lumens at GAEOAO6XR43RWAD27NCFQI5OIB5OM74ZWSFN2NW4Z45OVJYRSUWUK6NY.*
3. *Do you recommend buying alternative currencies? Yes, but not as an investment. More like insurance. I bought into Bit-coin, Ripple, and Stellar back in 2014.*
4. *What do you do for a living? I used to work in investment banking. Now I work in venture capital.*",0,https://www.reddit.com/r/wallstreetbets/comments/kmb3ry/viac_bull_case/
2020-12-28 22:59:41,BLNK Blink charging is the biggest EV bubble of them all,"&amp;#x200B;

[Full Disclosure, My position. 2k in 3-month exp puts.](https://preview.redd.it/2nyudb5ny1861.jpg?width=663&amp;format=pjpg&amp;auto=webp&amp;s=b6ff95a958a3d5e87a0ed0c69a8bbfe29e806782)

&amp;#x200B;

BLNK Is 100 times overvalued and is basically a Ponzi scheme at this point. BLNK is a sinking ship that is being propped up by the EV bubble.

&amp;#x200B;

**Company overview**

&gt;We are a leading owner, operator, and supplier of proprietary electric vehicle (“EV”) charging equipment and networked EV charging services. We serve both residential and commercial EV charging settings, enabling EV drivers to easily recharge at various location types.  
&gt;  
&gt;Our principal line of products and services is our Blink EV charging network (the “Blink Network”) and EV charging equipment (also known as electric vehicle supply equipment) and EV related services. Our Blink Network consists of proprietary cloud-based software that operates, maintain, and tracks all of the Blink EV charging stations and the associated charging data. The Blink Network provides property owners, managers and parking companies, who we refer to as our “Property Partners,” with cloud-based services that enable the remote monitoring and management of EV charging stations payment processing and provide EV drivers with vital station information including station location, availability and applicable fees.

&amp;#x200B;

In short. They make third party EV chargers. A highly competitive space right now.

&amp;#x200B;

**Competition**

Blink faces a lot of competition and are only a small player in the EV charging boom.

Competitors:

* EVgo
* SemaConnect
* Charge Point
* Plug Share
* Megear
* Juicebox
* Mustart
* Ect....

&amp;#x200B;

Blink isn't on the front page of amazon for chargers, and if you look their not even at the top 50. Small fish in a big sea.

[Top EV chargers, Amazon. ](https://preview.redd.it/lu4fxs1xt1861.png?width=1655&amp;format=png&amp;auto=webp&amp;s=1d3e31011fb16fd466fb8790088edadb637c6f87)

Blink has to be searched on amazon the space is so competitive. Oh yea, and they are giving customers $100 just to buy their product because it's selling so poorly.

[You have to search to find Blinks charger and they offer$100 back to buy it](https://preview.redd.it/gjfoyke9u1861.png?width=1179&amp;format=png&amp;auto=webp&amp;s=556694bf3b661b169d5d38b6b6cf9a7a7b26ba4a)

&amp;#x200B;

**Blink VS Charge point**

The charge point is planning on becoming pubic and is one of the bigger competitors to blink. Below is a comparison between the two based on data I could find.

||IPO Evaluation|Chargers on network|Total Network|Year Revenue|Mkt Cap|
|:-|:-|:-|:-|:-|:-|
|Blink|50-100m|7000|30,000|1.2m|1.5B|
|Charge Point|1.4-3B|115,000|300,000|147m+|2.4B|

&amp;#x200B;

As you can see. Blink is a tiny player valued like a big player. Charge point is eating blink for breakfast and is only ONE of the competitors in the market.

Compared to charge point, Blink is 100 times overvalued.

&amp;#x200B;

**Revenue and P/S ratio**

Now let us looks at how terrible Blink Charging’s revenue in comparison to their stock price.

PS/ is a company’s market cap/ annual sales. This tells us, roughly, how good a company is at generating cash inflows.

**Below is Apple sitting at a cool 8.3 P/S. A company experiencing all-time highs, and our baseline.**

&amp;#x200B;

https://preview.redd.it/1hj6b62is1861.jpg?width=807&amp;format=pjpg&amp;auto=webp&amp;s=4a1bd56243c32833c4ba97859afc7f084c2bc387

**Here is Tesla at a somewhat high P/S of 25.95. Tesla, the so-called “bubble” by bears, has a PS of 26. Keep this in mind.**

https://preview.redd.it/c4qeklljs1861.jpg?width=790&amp;format=pjpg&amp;auto=webp&amp;s=8d9eebf6940df20d8f4d36348048455a0c4135bb

**Now Blink. Blink has a P/S of 348.84. Yes. More than 15 times the PS of Tesla and 40 times Apple. Disgusting gentlemen.**

https://preview.redd.it/vq82xumls1861.jpg?width=797&amp;format=pjpg&amp;auto=webp&amp;s=d103ed301e2b06dcdbe02a873df492925b0f50d5

**Looking At their income statement it only gets worse.**

Below is the income statement for BLNK. Last quarter BLNK reported 900k revenue in 2020. 760k in 2019. Only a 28% growth YOY for the last quarter. At the current stock price, to match Tesla’s P/S, BLNK needs to increase revenue by 1500% percent and about 4000% to match Apple.

Compared to Apple or Tesla Blink is 150 to 400 times overvalued.

[Statement of cash flow \(From 10q\)](https://preview.redd.it/g7ngx3gss1861.jpg?width=543&amp;format=pjpg&amp;auto=webp&amp;s=5c397f14d310927378987290069401ffbb013752)

**Here’s where things go from bad to Nikola fellas.**

Look at operating expenses. In ONE quarter, BLNK paid out 3.6m in salaries in 2020 and 2.2M in 2019. A 60% increase. BLNK is paying their executives so much go dam money, about 10m + per year and it’s increasing while sales stay flat. Because of their ridiculous salaries and bonuses, the company lost 4 million one quarter. Increasing from 2.6 in 2018

&amp;#x200B;

**Where are they getting this money and how are they losing so much?**

Short answer: Dumb investors like us.

Below is the cash flow statement for the last nine months. Highlighted are key parts. As I mentioned above they are losing about 10m per year, highlighted below. Ideally, losses result from investment into company infrastructure to, hopefully, generate more money and profit in the future. This, however, is no the case for BLNK as they are GETTING money from their investments. A sign of decreased spending on the future development of the company. This is a small of where they are getting money, about 2m.

&amp;#x200B;

[Income statement \(from 10q\)](https://preview.redd.it/tf8rwjszs1861.jpg?width=768&amp;format=pjpg&amp;auto=webp&amp;s=893d6537fe377c999c05b3a09220725ce46ed981)

Okay, now onto where they are getting most of their money. Big surprise, from sales of stock. BLNK raised 18m in the sale of stock in 2020. About 17 times their revenue if we're keeping score. So, to make up for a loss of 10m. BLNK sold a fuck ton of shares and sold investments. Leaving them with 14m in cash in the bank to continue to increase the salary and bonuses of the executives.

&amp;#x200B;

**Endless stock sales**

Why not? It is free money and they are making 17 times the amount of selling stock than selling chargers. This stock is a Ponzi scheme.

Below are all the mentions stock sales. Notice how they are using their stock to pay everyone from their supplies to executives. Basically, free money, and the company is laughing to the bank right now.

&amp;#x200B;

**All mentions of stock reimbursements in 10q:**

&gt;“Since April 17, 2020 and through November 11, 2020, the Company has sold 3,566,971 shares of common stock under the ATM program for aggregate gross proceeds of approximately $19.5 million” (p19 10q)  
&gt;  
&gt;“During the nine months ended September 30, 2020, a holder elected to convert 5,125 shares of Series D Convertible Preferred Stock into 1,642,628 shares of the Company’s common stock at a conversion price of $3.12 per share” (p19 10q)  
&gt;  
&gt;“During April 2020, the Company issued 47,542 shares of common stock with an aggregate issuance date fair value of $87,000 as compensation to certain officers of the Company.” (p19 10q)  
&gt;  
&gt;“During June 2020, the Company issued 10,000 shares of common stock with an aggregate issuance date fair value of $23,500 as compensation to a consultant.” (p19 10q)  
&gt;  
&gt;“During July 2020, the Company issued 6,847 shares of common stock with an aggregate issuance date fair value of $46,560 as compensation to a consultant” (p19 10q)  
&gt;  
&gt;“During April 2020, the Company granted five-year options to purchase an aggregate of 160,416 shares of common stock to executives with an exercise prices ranging from of $1.83-$2.01 per share”  (p20 10q)  
&gt;  
&gt;“During June 2020, the Company granted five-year options to purchase an aggregate of 150,000 shares of common stock to executives with an exercise price of $2.20 per share” (p20 10q)  
&gt;  
&gt;“During September 2020, the Company granted five-year options to purchase an aggregate of 603 shares of common stock to employees with an exercise price of $9.14 per share. The options vest on September 27, 202”  (p20 10q)  
&gt;  
&gt;Subsequent to September 30, 2020, the Company issued an aggregate of 480,360 shares of the Company’s common stock pursuant to the exercise of warrants at an exercise price of $4.25 per share for aggregate gross of $2,041,530 (p20 10q)

&amp;#x200B;

The stock sold by the company ranges between $1 to $9. Based on what the COMPANY thinks its stock is worth, BLNK is 5-40 times overvalued.

&amp;#x200B;

**Final thoughts**

Guys. This is a shitty company caught up in the EV hype and is being swept up with the bubble. They were worth $1 a year ago and have gone up 2000% 56 for no reason. The company knows this and is making out like bandits selling stock. Don’t get fucked by this company and actually get into good and strong EV companies.

&amp;#x200B;

&amp;#x200B;

&gt;**Works Cited**  
&gt;  
&gt;[https://roboticsandautomationnews.com/2019/05/01/top-20-electric-vehicle-charging-station-companies/22138/](https://roboticsandautomationnews.com/2019/05/01/top-20-electric-vehicle-charging-station-companies/22138/)  
&gt;  
&gt;[https://www.chargepoint.com/about/news/chargepoint-inc-become-public-company/](https://www.chargepoint.com/about/news/chargepoint-inc-become-public-company/)  
&gt;  
&gt;[https://www.businessinsider.com/electric-vehicle-charging-network-chargepoint-to-go-public-at-24-billion-valuation-2020-9](https://www.businessinsider.com/electric-vehicle-charging-network-chargepoint-to-go-public-at-24-billion-valuation-2020-9)  
&gt;  
&gt;[https://ir.blinkcharging.com/sec-filings/all-sec-filings/content/0001493152-20-021359/0001493152-20-021359.pdf](https://ir.blinkcharging.com/sec-filings/all-sec-filings/content/0001493152-20-021359/0001493152-20-021359.pdf)

&amp;#x200B;

&amp;#x200B;

**Tl:DR**

Blink charging revenue is small as fuck; stock price is large as fuck. The company is making 17 times more money selling stock than actual revenue so the company pays executives and staff insane salaries and stock options&gt; Basically is a Ponzi scheme. Buy puts, short it, or sell gentlemen.

Edit: BLNK down 10% today so far. Hop on boys.
Edit 2: down 15% I hope everyone bought puts.",0,https://www.reddit.com/r/wallstreetbets/comments/km6kn3/blnk_blink_charging_is_the_biggest_ev_bubble_of/
2020-12-28 20:30:58,2021 will be a great year for Ford,"New CEO is the best CEO they have had in a long time.  He is the first in a while that has spent his entire life in the car industry and not just some rando.  The last guy made like furniture or something.

Plus they're moving away from boomer stock material to full blown meme stock.  No dividend, theyre doing the apple/tesla hype shows, and its doubled in a few months.  Its on the cusp of meme stock material. 

Mach E will be coming in 2021.  More details about all electric F150.  They're coming out with their electric fleet Vans, and due to their massive sales volume, once they start to roll out subscription based self driving software, they already have the consumer base, and it will be an absolute massive additional revenue stream. They already have the connections and so forth to make the sales.  

Plus two massive liabilities will decrease this year. Their pension because lots of old people died, and they don't have a dividend or any special dividends right now.  

They have massive sales increases in China and growing profits.  Sitting on a 🚀🚀🚀🚀 here.  Small enough market cap to pump this ez.

Position: 2500 Shares and accumulating.  Will be adding more and options shortly",0,https://www.reddit.com/r/wallstreetbets/comments/km3zj4/2021_will_be_a_great_year_for_ford/
2020-12-28 18:43:42,Why Ford is Primed To double,"There's alot of factors going for ford. I know its a boring ass boomer stock, but in a market overinflated nearly everywhere, Ford is being slept on. If you need a good place to park your 6 figure pay day from Tesla, Ford is the place to go. Here's why.

1. Alot of old people died this year, so Ford will be paying out less in Pensions.

Covid killed alot of old people. Giving all those workers 30k a year for life gets expensive. Luckily, alot of those crusty boomers died this year due to the coronavirus, and that'll help that bottom line so they won't have to keep paying crusty old people their checks for 30 years of employment. Pensions were a massive burden so this is a blessing in disguise.

2. They got a new (competent) CEO and their restructuring plan is going well

They played it smart and basically cut production of all of their shitty vehicle lines. Now they took one from the Tesla and Apple playbook and they don't just release an abundance of shitstains with wheels, they did what they did with the Mach-e and the Bronco, and made super nice cars, made a show about it and hyped it up. Kinda like Elon did with the Cybertruck and Semi's and the Roadster and so forth. As of now they only produce their most popular and profitable cars, not shit like the ford Pinto.

Their Old CEO built furniture or some shit and went to the University of Michigan. The new guy went to Ivy league and literally worked his entire life in the Car industry.

3. They are primed for an EV take-off.

They have their electric Vans fleet. They have the Mach-E coming in 2021. They have an all-electric F-150 which they have been hyping up big time. They also have a few other big players coming along with their already full hybrid lineup.

4. Current Dividend yield is sitting at 7%.

They discontinued their dividend as of January due to the corona drop, which IS GOOD because theyre not wasting money on some boomer garbage no one cares about. That money just goes straight to R&amp;D to get some sick new EV's out, and goes to your returns. If you buy stock, and hold it, and the dividend comes back, you can make 7% a year for life as well, if you need a place to park your 6 figure gains from the year.

5. Literally tons of room to run.

It was at 90$ in the dot com bubble. The market cap is insanely low, so we can easily pump this up more. Options are cheap because there's no volatility, but pulling a tesla and buying up tons of options tricks the bots into buying all the stock up and all that.

6. They have had several good quarters this year, meaning the restructuring is actually helping the EPS.

They are finally focusing on profitability and earnings growth instead of revenue and market share. Something like 25% ER growth in China as well.

7. The boomers have a hard-on for it

All the boomers are raising the price on it and saying about how much they love the new restructuring and so forth. ""The only EV ill buy is GM and Ford"" etc etc. While boomers are idiots, they have alot of money, and love parking it in places like Ford. Get a hype train going on Ford, and the boomers will FLOCK to ford with their boomer money.

Positions:

2500 Shares

100 Mar 19 2021 - 9$ strike",1,https://www.reddit.com/r/wallstreetbets/comments/km21kn/why_ford_is_primed_to_double/
2020-12-28 18:43:42,Why Ford is Primed To double,"There's alot of factors going for ford. I know its a boring ass boomer stock, but in a market overinflated nearly everywhere, Ford is being slept on. If you need a good place to park your 6 figure pay day from Tesla, Ford is the place to go. Here's why.

1. Alot of old people died this year, so Ford will be paying out less in Pensions.

Covid killed alot of old people. Giving all those workers 30k a year for life gets expensive. Luckily, alot of those crusty boomers died this year due to the coronavirus, and that'll help that bottom line so they won't have to keep paying crusty old people their checks for 30 years of employment. Pensions were a massive burden so this is a blessing in disguise.

2. They got a new (competent) CEO and their restructuring plan is going well

They played it smart and basically cut production of all of their shitty vehicle lines. Now they took one from the Tesla and Apple playbook and they don't just release an abundance of shitstains with wheels, they did what they did with the Mach-e and the Bronco, and made super nice cars, made a show about it and hyped it up. Kinda like Elon did with the Cybertruck and Semi's and the Roadster and so forth. As of now they only produce their most popular and profitable cars, not shit like the ford Pinto.

Their Old CEO built furniture or some shit and went to the University of Michigan. The new guy went to Ivy league and literally worked his entire life in the Car industry.

3. They are primed for an EV take-off.

They have their electric Vans fleet. They have the Mach-E coming in 2021. They have an all-electric F-150 which they have been hyping up big time. They also have a few other big players coming along with their already full hybrid lineup.

4. Current Dividend yield is sitting at 7%.

They discontinued their dividend as of January due to the corona drop, which IS GOOD because theyre not wasting money on some boomer garbage no one cares about. That money just goes straight to R&amp;D to get some sick new EV's out, and goes to your returns. If you buy stock, and hold it, and the dividend comes back, you can make 7% a year for life as well, if you need a place to park your 6 figure gains from the year.

5. Literally tons of room to run.

It was at 90$ in the dot com bubble. The market cap is insanely low, so we can easily pump this up more. Options are cheap because there's no volatility, but pulling a tesla and buying up tons of options tricks the bots into buying all the stock up and all that.

6. They have had several good quarters this year, meaning the restructuring is actually helping the EPS.

They are finally focusing on profitability and earnings growth instead of revenue and market share. Something like 25% ER growth in China as well.

7. The boomers have a hard-on for it

All the boomers are raising the price on it and saying about how much they love the new restructuring and so forth. ""The only EV ill buy is GM and Ford"" etc etc. While boomers are idiots, they have alot of money, and love parking it in places like Ford. Get a hype train going on Ford, and the boomers will FLOCK to ford with their boomer money.

Positions:

2500 Shares

100 Mar 19 2021 - 9$ strike",1,https://www.reddit.com/r/wallstreetbets/comments/km21kn/why_ford_is_primed_to_double/
2020-12-28 00:02:22,$U DD: There has never been anything like it,"\*\*Where they are:\*\*You've probably heard of Unity and the reputation of Unity games. But did you know that Unity commands 70% of the top 100 app store games? Almost half of all mobile games now are made using Unity.

Okay so big deal I hear you say, they're big. But everyone knows their reputation, all shit games, right? Wrong! Not only do they dominate the mobile market but even AAA studios love Unity.

A few small names powered by Unity:

* Hearthstone
* Pokémon GO
* Rust
* Wasteland 2
* 7 Days to Die
* Kerbal Space Program
* RISK: Global Domination
* Firewatch
* Escape from Tarkov
* GTFO

Or any other number of massively successful titles &amp; AAA studios which use this fantastic engine:[https://en.wikipedia.org/wiki/List\_of\_Unity\_games](https://en.wikipedia.org/wiki/List_of_Unity_games)

\*\*Growth Potential:\*\*Unity has always been vocal, not only about expanding what they're doing in the game industry but with software far outside of just video games. Aquarium touch screens? Unity. Business deep-learning prediction software? Unity. Virtual museum? Unity.

But what makes their plans for the future more special is their new scriptable render pipeline. Originally Unity was meant to be an out-of-the-box ""One size fits all"" model so that as many different games could be made with it as possible. With the introduction of the scriptable render pipeline they've now introduced URP and HDRP. So what does that mean?

Knowing all the ins-and-outs of Unity was what was originally required for making a game look good. You had to know about the package manager, about how to make good post processing, etc. Now with HDRP &amp; URP you get a premade choice. URP if you're going for mobile or performance. HDRP if you're going for AAA quality. Unreal Engine's starting to look dated by comparison!

\*\*Why has there never been anything like it?\*\*Companies prior to around 2012 always had to write their own engines from the ground up usually in hard-to-program frameworks and in intensive languages like C++. Now games have become so complex that companies are opting to license out to software like Unity or Unreal Engine.

What makes Unity special though is that this is the first time that a third party game engine has gone public. Literally history in the making. Millions of game developers and investors across the world immediately began pouring money into the stock and its increased in value over 100%. The stock opened September 18th @ $75 and is already valued at $166. And as the first publicly traded engine this also means they now have access to a massive cash pool with they can use to innovate, and expand in a way their competitors just can't keep up with!

With the massive growth of companies in and outside of game development switching to Unity the company is seeing unprecedented levels of growth. And with their introduction of the scriptable render pipeline &amp; HDRP they now even threaten their main rival Unreal Engine's advantage which was primarily in graphics. Not to mention the large asset store, a mini free market where developers can put up their own paid game assets which Unity taxes every sale of. Models, Scripts, Audio, you name it. And with it being all virtual there's little overhead.

What's more is that similar to Windows or Apple, Unity inspires loyalty among its users who believe in it. This immediately meant that software engineers, game designers, and more began investing in it. And the better it does, the more those who waited jump on board.

This concludes my wsb talk.

oh and one more thing.. 🚀 🚀 🚀 🚀 $U TO THE MOON BABY!🚀 🚀 🚀 🚀🚀 🚀 🚀 🚀🚀 🚀 🚀 🚀🚀 🚀 🚀 🚀🚀 🚀 🚀 🚀🚀 🚀 🚀 🚀🚀 🚀 🚀 🚀🚀 🚀 🚀 🚀

Source: I'm a professional game development software engineer, worked with Unity 6 years.

Obviously I'm not a professional investor nor am I qualified to give investment advice, this is just why I personally own $U stock. This is also an analysis for the long-term.",0,https://www.reddit.com/r/wallstreetbets/comments/kljpso/u_dd_there_has_never_been_anything_like_it/
2020-12-27 20:19:13,Is At&amp;t $T a no brainer?,"I mean with how well HBO max is doing, went from 8 million to 12 million active users in 2 months, is going to start releasing new movies straight to streaming, and is now the most downloaded entertainment app in google play store (not sure about apples app store).

 So Netflix's market cap is 227 billion vs At&amp;t which is 204 billion, Hbo max which is brand new only has 6% the amount of users compared to Netflix so it has a shit load of growth potential. 

Also on an anecdotal note most people I know either have an HBO max account or are talking about getting one.

We also all seen how much Disney has shot up do to Disney Plus (which has 86 million users, but has been out for 13 months compared to HBO max which only been out for 7 months, also it's twice as expensive as disney plus). Another thing to consider is it just recently came out to ROKU which is just another avenue for downloads. 

Leaps 2 years out for 32 strike is only $209 which is dirt fucking cheap.

Sorry in advanced, I'm as fucking retarded",0,https://www.reddit.com/r/wallstreetbets/comments/klg2fg/is_att_t_a_no_brainer/
2020-12-27 16:27:40,3rd trade: Something Something Apple,"Anyone else seeing a pattern here? because I sure am and it is 100% massive dong inflating gains.

&amp;#x200B;

Now before we begin proper, let me address something real quick

Boomers really came out in force last thread after I insulted their piddling dividend stocks lol

Call it a difference of opinion but I just happen to enjoy making real fucking money, rather than clinging to a sad, meager existence

but hey we should each stick to what we're good at

&amp;#x200B;

Now on to the show

&amp;#x200B;

Fresh off a fat winning streak (3k-&gt; 100k) I stumbled across an excellent DD all about APPL. Now I'm sure there was a lot of good info in the post, but I wouldn't know because I didn't make it past the opening paragraph.

He quoted Tim Cook discussing the push to 5g as ""a once in a generation cycle"" and that was good enough for me.

Loaded up on 300 APPL 150c 2/19 contracts for 0.70

Sold half when iCar news broke and currently sitting on the remaining 150 till earnings because taxes

&amp;#x200B;

3k -&gt; 150k in under a month without ever having to learn how puts work 

[https://imgur.com/a/gvr5xOF](https://imgur.com/a/gvr5xOF)

&amp;#x200B;

Time to place your bets boys

Will I gamble it all away like a filthy degenerate? Or hit 1m in under a year

Either way stay tuned for tomorrows update because it is 100% extra spicy

&amp;#x200B;

https://preview.redd.it/byiksxc3ps761.jpg?width=1168&amp;format=pjpg&amp;auto=webp&amp;s=d738af81c525e6e855676afe448c6b6378219de7",0,https://www.reddit.com/r/wallstreetbets/comments/klbw4i/3rd_trade_something_something_apple/
2020-12-27 16:27:40,3rd trade: Something Something Apple,"Anyone else seeing a pattern here? because I sure am and it is 100% massive dong inflating gains.

&amp;#x200B;

Now before we begin proper, let me address something real quick

Boomers really came out in force last thread after I insulted their piddling dividend stocks lol

Call it a difference of opinion but I just happen to enjoy making real fucking money, rather than clinging to a sad, meager existence

but hey we should each stick to what we're good at

&amp;#x200B;

Now on to the show

&amp;#x200B;

Fresh off a fat winning streak (3k-&gt; 100k) I stumbled across an excellent DD all about APPL. Now I'm sure there was a lot of good info in the post, but I wouldn't know because I didn't make it past the opening paragraph.

He quoted Tim Cook discussing the push to 5g as ""a once in a generation cycle"" and that was good enough for me.

Loaded up on 300 APPL 150c 2/19 contracts for 0.70

Sold half when iCar news broke and currently sitting on the remaining 150 till earnings because taxes

&amp;#x200B;

3k -&gt; 150k in under a month without ever having to learn how puts work 

[https://imgur.com/a/gvr5xOF](https://imgur.com/a/gvr5xOF)

&amp;#x200B;

Time to place your bets boys

Will I gamble it all away like a filthy degenerate? Or hit 1m in under a year

Either way stay tuned for tomorrows update because it is 100% extra spicy

&amp;#x200B;

https://preview.redd.it/byiksxc3ps761.jpg?width=1168&amp;format=pjpg&amp;auto=webp&amp;s=d738af81c525e6e855676afe448c6b6378219de7",0,https://www.reddit.com/r/wallstreetbets/comments/klbw4i/3rd_trade_something_something_apple/
