created_date,title,body,sentiment,url
2020-12-10 10:20:38,TSLA stock so cheap right now,"You all know about the greatest tech company TSLA, right? It's so damn cheap right now.

I mean they are taking over the world by their fleet of autonomous taxi, as Papa Elon said in 2019 that they would do it in 2020. Sure, we still see no autonomous Tesla taxi's, but since Papa Musk said, we can assume it has happened, right?

Yeah, I know you are a hater, you will say that their revenues almost all of it comes from selling low margin cars, but at least we can assume that within 2035 they will be the ONLY supplier and operator of autonomous taxi services, which will unlock so much tendies, that current valuation is irrelevant.

Sure, lawmakers will tax and vat the hell out of this kinds of services, so the margins would get eroded, but let's not get ahead of ourselves. Imagine big, then imagine even bigger, that's how big Tesla will be.

Oh, you are saying that people said the same thing about Cisco, Yahoo and Microsoft in dot-com bubble? But you do know that, Microsoft stock recovered from the crash in 2015? So, Tesla will of course recover within a day or two even if it crashes for any reason.

Oh, you are now saying it's a $500B company, and is even bigger than even Berkshire? Well, what does  Berkshire even do, except having about $100B+ in Apple stock, owning a battery manufacturer, chocolate company, railway company, bank stocks, pharmaceutical stocks and so many other things in the that they have a literal wikipedia list.

Now you are telling me that competitors can ACTUALLY make electric cars and compete with Tesla. To that I say, ""nah"".

What the hell are you shit-talking about Tesla's energy business? It is capturing some market from competitors; sure it's costly and costing Tesla a fortune and the entire margin in this whole thing will be TINY, but it's nothing compared to the potential, you know? Tesla can always issue stocks to ensure that they can keep on capturing market like that. You do realize that battery tech is one of Tesla's only strength right now? Even though batteries are supplied by LG and Panasonic mostly. This helps vertical integration.

You say vertical integration could lead to inflexibility and higher capex while providing comparatively low benefit and that's why all other companies avoid it? I don't know what to say, you are a hater. Believe in Elon.

What? The insurance business is worthless? I know Buffet himself said that in the long run insurance business will be a net zero-profit business, but don't get ahead of yourself. This will provide precious cash-flow which Tesla will surely need. And also who is Buffet again, Elon will go against the current in the insurance business and will generate billions of profit from this business, the economics of insurance business doesn't matter, he will make his own economics.

What, analyst what? Goldman Sachs and Ark are bullish on Tesla and have a very high price target, granted they have their conflict of interest just like J.P Morgan is trying to shit on Tesla for no apparent reason for their conflict of interest.

Other businesses? Well, count them as also very important, like at least $50B in valuation now, when Tesla stock quadruples, it will be worth $200B.

Are you trying to say that Tesla will not quadruple within the next year because it's already a $500B+ company? Nah, the market cap doesn't matter. The only thing that matters is the stock price. When Papa Elon splits the stock market cap will automatically double at least. And then the next split will help it quadruple.

You saying that they are worth more than the entire auto manufacturers in USA, Europe etc? Well they are auto company mostly(even though they have hundreds of similarly diversified business), but Tesla is a tech company, and when you are a tech company, valuation doesn't matter. Just look at Snowflake.

PS, PE, PEG? Are you a bean counter or what? Look at Snowflake, a TECH company, that's much more expensive compared to Tesla. And also, the matrics behind judging these things is only share price. If the share price is lower, the stock is cheaper, can you argue with that?

Also, you do know that SpaceX is going to help us go to Mars and colonize it. How much fucking trillions of dollar is it worth, heh? Plus, Boring company will make hyperloop and so many things. Plus Neuralink, remember??

You are just a hater.

Edit: trolls seems to be downvoting.",0,https://www.reddit.com/r/wallstreetbets/comments/kah3ty/tsla_stock_so_cheap_right_now/
2020-12-05 7:40:38,Just bumping a reply I made so more you can gain insight from it.,"Don't rely on TA alone. The market sentiment was weak this week because of the SaaS sector earnings risks and the desire of hedge funds to get in cheaper for a second December rally. HOHOHO.

Salesforce got hammered to create enough delta for a gap up back to $250+ for accumilation. 

Snowflake couldn't stay down and its valuation is absurd, approxiamtely the size of IBM.

Palantir will retest $30 and breakout, just because SNOW did. ($370s) It's up to 2.5X PLTR market capitalization with half the revenue and an operating loss of 14 million. These SNOW investors paid up early for next year 2022. All the Warren Buffett hype and it's paid for WallStreet IPO client/Brokerage PR bias shilling (even by Cramer who won't support PLTR because of the Direct Listing model as an ex-hedge fund manager)

Facebook's underwriters were Morgan Stanley, J.P. Morgan, Goldman Sachs, Bank of America, Barclays and Allen &amp; Co. - and they fucked Facebook with a botched roadshow and  didn't say anything meaningful to shore up its 16 month share price collapse. 

They were too busy being bearish on FB and probably shorted it themselves, especially Goldman Sachs. 

Peter Thiel is a Director on the Facebook Board and remembers what low value paying $350 million for IPO offers.

Thiel and Karp dumped very cheap shares on the first trading day to provide liquidity and Wall Street was (by law very neutral but with a bearish vibe with chicken little risky risky!!!) 

This company would have been IPO listed at $35 a share, still making it much cheaper than the Snowflake IPO. But you can't withhold Wallstreet its tendie tribute. Thiel took it directly to the exchange. 

Meme stock or not, I'm disappointed to see the lack of faith in this company because of a broad market shakeout. $21 was a great entry point, but people expect to realize their ideal oversold wet dream. The Germans are bullish still calling it the next Tesla fairy-tale story. Karp is phil-German and speaks fluently while studying in Frankfurt for years and considers it his cultural homeland. Thiel is German American. So was Wernher Von Braun...*cough Elon Musk the South African/Canadian of Dutch ancestory. 

You chose your bets.

Check out this recent Welt article.

https://www.welt.de/finanzen/plus221449160/Palantir-Diese-Aktie-verspricht-ein-Boersen-Maerchen-wie-Tesla.html",0,https://www.reddit.com/r/wallstreetbets/comments/k76sqe/just_bumping_a_reply_i_made_so_more_you_can_gain/
2020-12-02 7:48:04,"Why analyst ratings should be taken with a grain of salt, an analysis of J.P. Morgan's NKLA analyst Paul Coster","So, the GM MoU with NKLA gets published yesterday and the stock tanks.
This is the last coffin in the nail for NKLA, they are completely done for.

Yet, we hear our lord and savior Paul Coster say this,

{On Wall Street, two analysts who cover Nikola disagreed on what the scaled-down GM agreement means. J.P. Morgan analyst Paul Coster maintains an overweight rating on the stock.

""We think this is a positive outcome for Nikola over the medium to longer term, since the company can now focus on the core Class 8 truck initiative and avoid the distraction and [capital expenditures] associated with the Badger,"" Coster said in an investor note.}-[link.](https://pub.webull.com/us/news-html/3de4184e223f46448f8f09bdf66a2e4e.html?theme=2&amp;_v=1&amp;color=1&amp;hl=en&amp;sp=1&amp;_v=1&amp;theme=2&amp;color=1&amp;hl=en)

In October he said this,
{J.P. Morgan analyst Paul Coster calls it “a compelling strategy.”However, Coster also points out Nikola’s near-term success hinges on GM signing on the dotted line.“We think the GM partnership deal is the most important near-term catalyst,” Coster said. “Failure to consummate the GM deal would be a fatal blow for the Badger initiative, but a serious blow to the more important Truck initiative too, in our view. The fuel station partnership announcement is less important, in our view, though a potential validation of the company that could resonate with investors. Pending completion of the five Nikola Tre trucks could be a boost to credibility, obviously… For now, the GM partnership is a stress-test for the company.”Coster remains positive on Nikola and keeps an Overweight (i.e. Buy) rating along with a bullish $41 price target.}-[link.](http://www.shippipedia.com/nikola-stock-will-surge-70-from-current-levels-says-analyst/)
Did you just read that? He has a price target of $41. 

Again, what he said yesterday kinda completely contradicts with what he said in October.

2 years ago he have had such a [low rating(screenshot of a screenshot)](https://imgur.com/a/kTSmcxW) that I find it surprising that he has almost come to [3 stars.](https://www.tipranks.com/analysts/paul-coster)

Of course, he probably has inherent interest to see NKLA go above its current price. For this he doesn’t give a f**k if people buy into his arguments and jump on board on this stock.

I guess he wants just a dead cat bounce so that he could save his ass and make sure that retail investors become the ultimate bagholders of this company.

There are many other analysts like that in the Street and I don’t know how they remain in business for so long. But my main point is that be careful before you jump into a stock. 

Some of you probably just see an average analyst price target, see a stock is undervalued or overvalued and jump to trade it. I mean according to analyst estimates NKLA would be a kind of a good deal in this overvalued market. But we all know that this company's stock is ultimately going to $0(probably within next year).",0,https://www.reddit.com/r/wallstreetbets/comments/k58lmi/why_analyst_ratings_should_be_taken_with_a_grain/
2020-11-30 22:24:23,C3.ai IPO same week as DASH,"**C3.AI**

Seems like a potential buy, any more information is welcome. Here is my DD.

Week of December 7th, 2020

NYSE Price range $31-$34, 15.5M Shares. Ticker “Ai”

Launched in 2008 by Tom Siebel. Siebel started Siebel systems and sold it to Oracle in 06 for $6bn. C3.AI software can read massive data and provide information to clients. They have a partnership with Microsoft, Bank of America, Koch Industries, AstraZeneca, U.S Air Force, Army Aviation, U.S Strategic Command from California.

Most recently valued at 3.3 BN. C3.AI research teams were awarded a $1m grant in April to develop mathematical models to predict COVID-19 spread. They have pledged to spend $367m over the next 5 years to find ways to slow the ongoing impact of COVID-19.

Underwriters are Morgan Stanley, J.P Morgan, and Bank of America.

Underwriters are offered an additional 2.33 million shares. Koch Industries has agreed to purchase $100m of common stock. Microsoft has agreed to buy $50m of common stock.

After IPO C3.ai will have roughly 99.2m shares ($33.20 share midpoint). Siebel will retain 72% of voting power after IPO.

Siebel was an executive at Oracle Corporation, CEO of Gain Technology, founder and CEO of Siebel Systems sold to Oracle. Other customers of C3.ai are

3M, Royal Dutch Shell, New York Power Authority

Has been listed in 2019 and 2020 CNBC “Disruptor List”

From wikipedia

“Enterprise AI software applies artificial intelligence methods, such as machine learning and neural networks, to solve complex analytical problems in commerce, industry, and government.\[26\] Organizations use enterprise AI software to increase efficiencies, reduce costs, and improve operations.\[27\] The US Air Force, for example, uses AI to predict engine failure in aircraft before a failure occurs in order to improve maintenance and increase aircraft readiness.\[24\]”

The company being valued at 3.08-3.3 BN goes down if the underwriters do not exercise their purchase option. Down by about 70-80m.

If you want the prospectus you can email;

prospectus-eq\_fi@jpmorganchase . com

From Investopedia

“A prospectus includes some of the following information:

* A brief summary of the company’s background and financial information
* The name of the company issuing the stock
* The number of shares
* Type of securities being offered
* Whether an offering is public or private
* Names of the company’s principals

Names of the banks or financial companies performing the underwriting”

&amp;#x200B;

TL;DR

AI Company with thicc clients debut's around $31-$34 a share in or around dec 7th. Some dude named Siebel founded it, seems legit. Know anything? Pls share.",0,https://www.reddit.com/r/wallstreetbets/comments/k4cj6v/c3ai_ipo_same_week_as_dash/
2020-11-15 16:58:06,"Which one of you got put in charge of the largest U.S Pension? CALPERS buys hundreds of thousands of shares in NKLA, NIO, and ZM","The largest public pension in the U.S. by assets increased its bets on makers of electric vehicles, and a videoconferencing stock in the third quarter.

California Public Employees’ Retirement System, or Calpers, raised investments in Nikola ￼ (NKLA) and NIO ￼ (NIO) in the period, and nearly doubled an investment in Zoom Video Communications ￼ (ZM). It also edged up an investment in Tesla ￼ (TSLA). Calpers disclosed the stock trades, among others, in a form it filed with the Securities and Exchange Commission.

The pension, which manages nearly $400 billion in assets, declined to comment on the investment changes.

Calpers bought 205,792 more Nikola shares to end the third quarter with 261,546 shares of the maker of trucks powered by alternative fuels. The pension had bought in a volatile period for Nikola stock. Shares have fallen in the second half of 2020, plunging 70% in the third quarter alone, and slipping 3.4% so far in the fourth quarter.

A short seller’s report in September alleged Nikola management overstated its internally developed battery and fuel-cell capabilities. The company disputed the report and called it misleading. Another negative report in November alleged that Nikola had considered using customers’ deposits to fund Nikola One, a truck in development that will be powered by hydrogen fuel cells. Nikola also denied that allegation.

NIO, a Chinese maker of electric-powered vehicles, has seen its American depositary receipts multiply 11 times in value this year, and have more than doubled since the end of September. Those gains far outstrip the 11% year-to-date rise in the S&amp;P 500 index, a broad measure of the market. Since the end of September, the index has gained 6.6%.

J.P. Morgan issued a bullish note on NIO ADRs in mid-October, and the company’s deliveries were strong that month. We have noted that trading volume in NIO ADRs is at elevated levels.

Calpers bought 381,439 more NIO ADRs to end September with 2.3 million.

The pension also added 312,406 Zoom shares in the third quarter, lifting its investment to 653,764 shares.

Zoom stock has surged nearly 500% in 2020, including a 14% slide since the end of the third quarter.

The advent of Zoom and videoconferencing has left televisions behind, we have noted. The company announced in October that it will begin collecting communications taxes in certain states. Zoom stock slipped last week on a sign that a coronavirus vaccine could be available soon.

Calpers bought 38,373 additional Tesla shares in the third quarter to edge up its holdings to 1.69 million shares.

Tesla stock has rocketed nearly 400% this year through Friday’s close, including a 4.8% slip since the end of September.

The electric-vehicle giant’s earnings have been strong. There has been speculation Tesla stock could join the S&amp;P 500. Recently a prominent investor blamed a mania for Tesla stock for hurting his short position in the shares.

Source: https://www.newsbreak.com/news/2102889962897/largest-us-pension-bought-up-ev-stocks-nikola-and-nio-and-zoom",0,https://www.reddit.com/r/wallstreetbets/comments/juufzo/which_one_of_you_got_put_in_charge_of_the_largest/
2020-10-15 14:45:45,Just wanted to put on the radar Array Technologies (ARRY) IPO today,"Shares of Array Technologies Inc. ARRY, 54.00% charged out of the gate, as the first trade was 34% above where the upsized initial public offering priced. A total of 47.5 million shares were sold in the IPO, as the New Mexico-based maker of ground-mounting systems used in solar energy projects sold 7 million shares to raise $154 million and a selling shareholder sold 40.5 million shares. The IPO priced at $22, above the top of the expected range of $19 to $21. With about 127.0 million shares outstanding, the IPO pricing valued the company at about $2.79 billion. The selling shareholder, a parent entity of the company controlled by Oaktree Capital, has increased the amount it planned to sell a number of times, starting at 26.75 million shares on Oct. 7, to 38.00 million shares on Oct. 13 and to 40.50 million shares late Wednesday. For the six months ended June 30, the company recorded net income of $76.1 million on revenue of $552.6 million, after a net loss of $5.2 million on revenue of $255.4 million in the same period a year ago. Goldman Sachs, J.P. Morgan, Guggenheim Securities and Morgan Stanley were the lead underwriters. The company went public at a time of good demand for IPOs, as the Renaissance IPO ETF IPO, -1.41% has rallied 28.7% over the past three months while the S&amp;P 500 SPX, -0.45% has gained 7.3%.",0,https://www.reddit.com/r/wallstreetbets/comments/jbtls6/just_wanted_to_put_on_the_radar_array/
2020-10-05 15:25:01,Prologis Inc DD: The next big earnings jump,"So there's no need to really explain that Amazon is a big boi and that while you can still trade it for money, if you want astronomical gains on amazon in under a month you're out of luck since everyone has already played that fiddle to death.

And of course every idiot and their mother has pumped the amazon copy cats. No need to go over those, they've already meme'd out as much as possible. Most of these places have worst margins than amazon without the attached data and cloud components to subside the remainder of their operations. Sure they're decent companies doing insane amounts of business but I don't expect to see Wayfair go up another 15-30% anytime soon.

So how do we squeeze the remaining juice out of this E-Commerce trend? After all while alot of these companies have reached their peak evaluations, the market they've created hasn't and ecommerce will likely continue to grow for the rest of our lives.

Well let me introduce you to my little friend: Prologis

Amazon and all of these other companies need warehouse space bigly and Prologis has taken advantage of this the best they can. They've recently raised their warehouse rents on papa bezos by [over 20%](https://www.reuters.com/article/us-usa-stocks-warehouses/behind-those-amazon-prime-boxes-a-bull-market-in-warehouses-idUSKCN0Z92AK) while still growing their business. 

That same article I mentioned argues that this trend will continue due to a pretty interesting catalyst:

&gt; Some fund managers expect the rally to continue, in part because of a technical change by S&amp;P that will recognize real estate as its own sector, rather than a part of financials. That will require active U.S. equity fund managers - who have traditionally been underweight real estate - to buy more than $100 billion in real estate shares to reach a market neutral position, according to J.P. Morgan.  
&gt;  
&gt;“You’re going to see more adoption of REITs overall, especially on the part of managers who haven’t held the sector before, and they’re going to gravitate to what they know,” said Mike Underhill, portfolio manager at RidgeWorth Investments.  
&gt;  
&gt;Underhill estimates Prologis will be among the companies that see the largest inflows as a result of the change because of its connection to the more-familiar consumer discretionary sector.

So asides from the rent thing what does this have to do with earnings? Not as much. But keep in mind their next earnings report is October 20th. Not only will they report a blow out earnings as a result of a massive increase in their margins but they've also been preparing for it with a massive acquisition that happened last august of DCT, the fruits of which should just [start to ripen](https://www.prologis.com/logistics-industry-news/press-releases/prologis-completes-85-billion-acquisition-dct-industrial):

&amp;#x200B;

&gt;SAN FRANCISCO, Aug. 22, 2018 /PRNewswire/ -- Prologis, Inc. (NYSE: PLD), the global leader in logistics real estate, today announced it has completed its all-stock acquisition of DCT Industrial Trust Inc. (NYSE: DCT) for $8.5 billion, including the assumption of debt.  
&gt;  
&gt;In connection with the transaction, each share of DCT common stock was converted into 1.02 shares of Prologis common stock.  
&gt;  
&gt;The DCT portfolio is highly complementary to Prologis' existing portfolio in terms of product quality, location and growth potential. The DCT portfolio includes the following:  
&gt;  
&gt;71 million square foot owned and managed operating portfolio  
&gt;  
&gt;7.5 million square feet of development, redevelopment and value-added projects  
&gt;  
&gt;305 acres of land in pre-development with an estimated build-out potential of over 4.5 million square feet and 131 acres of land under contract, or option, with a build-out potential of over 1.6 million square feet

So tldr:  They are gonna benefit massively from the ecommerce boom and have some big catalysts coming up. They are gonna go up pretty nicely so get in on it now while it lasts! 

&amp;#x200B;

I'm gonna be buying the 105 November 20 calls whos gonna join me?",0,https://www.reddit.com/r/wallstreetbets/comments/j5q04d/prologis_inc_dd_the_next_big_earnings_jump/
2020-09-16 17:48:38,"DD on firms, analysts, their ratings and price targets for Nikola (NKLA)","More often than not, analysts get a lot of ratings and price targets wrong. A classic example is Goldman Sachs, that somehow always downgrades AAPL before earnings only for AAPL to smash earnings.  
  
Here is the analyst data on NKLA I collated for you to see. It's been a common consensus around these parts that NKLA is a scam masquerading as a public EV company. Burn the names of the following firms and analysts in your head. And set their opinions to IGNORE because they simply cannot do basic due diligence to not see the holes.  
  
JPM even had the gall to stand firm on their rating, causing NKLA to go up today: https://markets.businessinsider.com/news/stocks/nikola-stock-price-jpmorgan-analyst-defends-company-following-cfo-meeting-2020-9-1029595994#  
  
Even though the SEC and DOJ are starting to look into the murkiness in NKLA, these analysts have no shame in defending their ratings and price target.

Firm | Analyst | Rating | Price Target
:--:|:--:|:--:|:--:
RBC Capital | Joseph Spak | Sector Perform | $46.00
Wedbush | Daniel Ives | Neutral | $45.00
Deutsche Bank | Emmanuel Rosner | Hold | $54.00
J.P. Morgan | Paul Coster | Overweight | $45.00 
Cowen | Jeffrey Osborne | Outperform | $79.00  
  
Next time you see a tweet or a news article that involves the aforementioned analysts on some of the plays you are in (like Goldman Sachs for AAPL), just ignore or take it with a big pinch of salt.  
  
Seems like these analysts are like astrologers or palm readers. The scam is right before your eyes and still they remain bullish on NKLA.",0,https://www.reddit.com/r/wallstreetbets/comments/iu5lli/dd_on_firms_analysts_their_ratings_and_price/
2020-08-14 12:26:33,$VVNT You didn't miss the train. Its picking up more steam.,"So I've been posting about VVNT a lot, I tried to post early May but had to wait 30 days for my account to be old enough to post, and ever since it was I've been calling for VVNT. Read my old posts if you want the full picture, just gonna talk about new stuff now.

**Insider Buying again**

&amp;#x200B;

https://preview.redd.it/myrrbdlfrzg51.png?width=827&amp;format=png&amp;auto=webp&amp;s=e136f8ab3701f4b95246db92f37ed36b4ab85861

Last time after earnings, Peterson bought shares 3-4 days in a row early May. After a killer earnings, he is buying AGAIN after earnings. The stock price is currently BELOW where he just bought yesterday, take advantage. Last time he did this the stock went up \~70% since then.

**Bullish Analyst**

Paul Coster of J.P. Morgan just raised his price target from $22 to $30 after a ""fireside chat"" with the VVNT CEO, Todd Peterson. He then goes on to say he is overweight, and its his ""top pick"" within the applied tech sector, and he says it is a ""somewhat undiscovered growth stock""

Somewhat undiscovered, because you retards don't read my posts when I've been trying to tell you about VVNT for 2 months, and my predictions have been spot on so far. So why listen to Paul Coster? Well, [MarketWatch posted a cool graph](https://www.marketwatch.com/story/vivint-smart-homes-undiscovered-growth-stock-jumps-after-jp-morgan-calls-it-a-home-run-2020-08-13) to show you why:

&amp;#x200B;

https://preview.redd.it/xdoobz9hszg51.png?width=1218&amp;format=png&amp;auto=webp&amp;s=0cab3017b005e0e7fc2137d4fe15e61d60d0faa7

So that's about it guys. Not sure what Todd and Paul talked about during their chat, but the fact both are buying hella shares makes me think acquisition potential is back on the table, [as I have discussed before.](https://www.reddit.com/r/wallstreetbets/comments/hbinvp/potential_acquisition_target_vvnt/)

MY Positions:  VVNT $20c 2/19, VVNT 20c 11/20, VVNT 25c 11/20, 21,000 Warrants and 4200 shares.",0,https://www.reddit.com/r/wallstreetbets/comments/i9p3vd/vvnt_you_didnt_miss_the_train_its_picking_up_more/
2020-07-31 17:04:58,Amazon about to lift off?,"Analysts have raised targets for AMZN across the board

Goldman Sachs raises price target to $4,200 from $3,800 

JMP Securities raises price target to $4,075 from $2,850 

J.P. Morgan raises price target to $4,050 from $3,000

Deutsche rasies price target to $4,000 from $3,333

UBS raises price target to $4,000 from $3,000 at UBS

Wells Fargo rasies price target to $3,900 from $3,600

DA Davidson raises price target to $3,800 from $2,625

Morgan Stanley raises price target to $3,750 from $3,450

Needham raises price target to $3,700 from $3,200 at Needham

Mizuho raises price target to $3,700 from $3,450 at Mizuho

Credit Suisse raises price target to $3,680 from $3,400

Benchmark riases price target to $3,675 from $2,650

MKM Partners raises price target to $3,650 from $3,350

MKM Partners raises price target to $3,600 from $3,400

Barclays raises price target to $3,530 from $3,430 at Barclays

Raymond James raises price target to $3,500 from $2,525

Oppenheimer raises price target to $3,500 from $2,700

Stifel raises price target to $3,500 from $3,300

KeyBanc raises price target to $3,500 from $3,285

Baird raises price target to $3,500 from $3,300

Excellent news here imo",0,https://www.reddit.com/r/wallstreetbets/comments/i1fkip/amazon_about_to_lift_off/
2020-07-31 17:04:58,Amazon about to lift off?,"Analysts have raised targets for AMZN across the board

Goldman Sachs raises price target to $4,200 from $3,800 

JMP Securities raises price target to $4,075 from $2,850 

J.P. Morgan raises price target to $4,050 from $3,000

Deutsche rasies price target to $4,000 from $3,333

UBS raises price target to $4,000 from $3,000 at UBS

Wells Fargo rasies price target to $3,900 from $3,600

DA Davidson raises price target to $3,800 from $2,625

Morgan Stanley raises price target to $3,750 from $3,450

Needham raises price target to $3,700 from $3,200 at Needham

Mizuho raises price target to $3,700 from $3,450 at Mizuho

Credit Suisse raises price target to $3,680 from $3,400

Benchmark riases price target to $3,675 from $2,650

MKM Partners raises price target to $3,650 from $3,350

MKM Partners raises price target to $3,600 from $3,400

Barclays raises price target to $3,530 from $3,430 at Barclays

Raymond James raises price target to $3,500 from $2,525

Oppenheimer raises price target to $3,500 from $2,700

Stifel raises price target to $3,500 from $3,300

KeyBanc raises price target to $3,500 from $3,285

Baird raises price target to $3,500 from $3,300

Excellent news here imo",0,https://www.reddit.com/r/wallstreetbets/comments/i1fkip/amazon_about_to_lift_off/
2020-07-23 11:05:00,new analyst puts $65 on MRNA says risk reward isnt worth it due to their pipeline outside of covid vaccine,"thought id share two different news reports from TDA on a new analyst's call, both pretty much saying price has been set at $19, they cant charge more, this pricing does not support current valuation, put $65 on them instead

&amp;#x200B;

&amp;#x200B;

&amp;#x200B;

**Moderna Inc's** (NASDAQ:[MRNA](http://www.benzinga.com/stock/MRNA#NASDAQ))        coronavirus vaccine in development — mRNA-1273 — continues to inspire        confidence among [sell-side        analysts.](https://www.benzinga.com/analyst-ratings/analyst-color/20/05/16075154/moderna-analyst-says-coronavirus-vaccine-candidate-has-65-chance-of-success) 

**The Moderna Analyst:** SVB Leerink analyst [Mani        Foroohar](http://www.tipranks.com/analysts/mani-foroohar) initiated coverage of Moderna with a Market Perform rating        and $65 price target.     

**The Moderna Thesis:** The intense unmet need and the        political will to get one or more vaccines approved are likely to sway        regulators into showing substantial flexibility for vaccine candidates        against SARS-CoV-2, the virus that causes COVID-19, Foroohar said in a        Thursday initiation note. (See his track record [here](https://www.tipranks.com/analysts/mani-foroohar).)     

""As a result, odds of approval for MRNA-1273 and competing therapies are        high, even if pivotal clinical datasets show some inadequacies or        inconsistencies,"" the analyst said.      

Initial demand for the vaccine should be robust, he said.     

SVB Leerink's base case estimates are modestly above the consensus        for 2021.      

Medium- and long-term expectations are unlikely to be met unless Moderna        shows a best-in-class profile, Foroohar said.     

This is an unlikely proposition for Moderna, given its many competitors,        including big biopharma players pursuing mRNA strategies similar to        Moderna's, the analyst said.      

SVB Leerink also sees commoditization risk even in the face of excellent        data, as many companies are entering the market in a short time — and        considering the [early        price point ](https://www.benzinga.com/general/biotech/20/07/16730393/pfizer-biontech-to-supply-us-government-600m-doses-of-coronavirus-vaccine)implied by **Pfizer Inc.** (NYSE:[PFE](http://www.benzinga.com/stock/PFE#NYSE))/**BioNTech        SE's – ADR** supply agreement with the U.S. government.     

This scenario implies a price target of $19 per share attributable to        Moderna's vaccine program, Foroohar said.      

While being optimistic about Moderna's mRNA-1273, the analyst said he's        uncomfortable with Moderna's valuation, even after ascribing value to a        dozen programs, many of which are quite early.     

""Without major pipeline catalysts to counterbalance competitive risk to        MRNA-1273, we view risk/reward as unappealing at this valuation.""      

&amp;#x200B;

&amp;#x200B;

second report:

&amp;#x200B;

&amp;#x200B;

 

SVB Leerink analyst Mani Foroohar thinks that Moderna's        experimental Covid- 19 vaccine has ""high odds"" of receiving approval        from the Food and Drug Administration. But in a note out        Wednesday evening, he initiated coverage of the company with a rating of        Market Perform, saying that the stock's share rice already incorporates        an optimistic outlook about the vaccine's longer-term sales.     

""Consensus expectations in the medium- and long-term bake in aggressive        price and share assumptions, despite numerous competitors entering the        market,"" Foroohar wrote. ""We view the current valuation and expectations        as offering unattractive risk/reward to investors.""     

Foroohar initiated the stock at Market Perform, setting a price target        of $ 65. Moderna        (ticker: MRNA) shares closed Wednesday at $83.23, and        were down 1.8% in early trading Thursday. The stock price has climbed        325% so far this year, and 492% over the past 12 months.     

Moderna has a market capitalization of $32.2 billion,        and is by far the largest biopharmaceutical company by market        capitalization with no approved products. Yet Foroohar's take is, for        the time, a contrarian one:     

Of the 15 analysts who cover Moderna        tracked by FactSet, he is one of only three with Hold or Market Perform        ratings. The other 12 rate the stock Buy or Overweight.     

Another analyst with a cautious take, J.P. Morgan's Cory Kasimov,        downgraded the stock to Neutral from Overweight on Monday, citing        similar reasons to Foroohar.     

In his note, Foroohar compared the situation to when companies like        Gilead (GILD) introduced a new generation of hepatitis C drugs in 2014        and 2015. They enjoyed enormous sales for a year before effectively        exhausting the market.     

""Investors in the \[hepatitis C\] market recall the risk to pricing from        serial new entrants in viral disease markets with prominent government        payors,"" Foroohar wrote. ""With many companies entering the market in a        short time, and the early price point implied by \[ Pfizer and        BioNTech's\] supply agreement with the US government, commoditization        despite excellent data is a very real risk -- a scenario that implies a        PT of $19/share.""     

Yet Foroohar wrote that the stock wasn't a promising target for short        sellers, either, given his estimation that the Covid-19 vaccine will        likely receive FDA approval.     

""We are optimistic MRNA will play a role in combating a pandemic that        disproportionately impacts society's most vulnerable,"" he wrote. ""We        struggle to reach MRNA's current valuation, despite ascribing value to a        dozen programs, many quite early.""",0,https://www.reddit.com/r/wallstreetbets/comments/hwh7wy/new_analyst_puts_65_on_mrna_says_risk_reward_isnt/
2020-07-18 22:16:49,Huge Opportunity NCLH,"We going to the MOOON boys, NCLH just had an offering priced in at $15, It was trading at $18.86 the day before and I SOLD MY PUT :( just my luck. 

NCLH had some huge Securities scoop up the shares:  

J.P. Morgan Securities LLC

Citigroup Global Markets Inc.

Goldman Sachs &amp; Co. LLC

Barclays Capital Inc.

Mizuho Securities USA LLC

UBS Securities LLC

Co-Managers:

BNP Paribas Securities Corp.

Credit Agricole Securities (USA) Inc.

HSBC Securities (USA) Inc.

SG Americas Securities, LLC

Its literally bottomed out and never went under $15 (offering price), THIS IS GOING TO THE MOON get on while you can. Im picking up more calls on monday this is tooo sexy

https://preview.redd.it/rg0zt6jx3qb51.png?width=839&amp;format=png&amp;auto=webp&amp;s=75a4fde9b152795a06632cd84e973854100c537d",0,https://www.reddit.com/r/wallstreetbets/comments/htsw9b/huge_opportunity_nclh/
2020-06-01 13:33:10,The GAP DD,"The GAP (GPS) reports this Thursday and I think it will be a disappointment.  The GAP is a discount clothing retailer that operates large physical footprint stores across the USA and other countries.

I am looking at this primarily from a TA perspective:

Bearish arguments:

[lower high formed on 5\/29 - the stock has been stuck in a $7-9 channel since early April.  It is attempting a breakout above 10 but I believe it will fail.](https://preview.redd.it/gd7ncuyq1c251.png?width=700&amp;format=png&amp;auto=webp&amp;s=42ef739d641b2ab800c3c12972ce2816441e0761)

&amp;#x200B;

[Stochs indicate overbought condition. CMF remains negative.  Lower high formed in intraday trading on a big volume spike.  ](https://preview.redd.it/q9o5o3ju1c251.png?width=700&amp;format=png&amp;auto=webp&amp;s=0b2a958a8ef13c154929b3e5caf4c7db74494756)

&amp;#x200B;

[Intra-day PCR snapshot](https://preview.redd.it/swsqln01bc251.png?width=1370&amp;format=png&amp;auto=webp&amp;s=c73b95c49572da8b2b0dd687b7dc507c7f634c6d)

&amp;#x200B;

Bullish arguments:  Retail stocks are outperforming as more stores open and reports on traffic indicate at least some moderate activity with shoppers amid social distancing rules.

More specifically the apparel sector has seen signs of life: ANF, UAA, RL, GES, etc.  Analysts at some banks have been upgrading GPS.

BUT my retort is that if you look at the price action immediately after earnings for the retail stocks they have returned only lower highs and failed to maintain their momentum upwards.  GPS' immediate catalyst today, 6/1/20, is due to a JPM upgrade to Neutral - see below:

*"" J.P. Morgan analyst Matthew Boss boosted his rating on        Gap to Neutral from Underweight, and raised his price target by $4        to $11. He notes that Gap stock (ticker: GPS) has tumbled some        70% since October, and the upgrade is largely due to this fact, which        has left the shares trading below other troubled retailers.*

*On an EV/Ebitda (enterprise value to earnings before interest, taxes,        depreciation and amortization) basis, Boss pegs the current ""distressed        retail"" trough-multiple average around 0.43 times. If Gap's Old Navy        brand could hit that level (and its Athleta brand could outperform) the        shares wouldn't need any contribution from Banana Republic or        the flagship Gap brand to get to an equity value of $14 a        share.*

*Old Navy has long been key to Gap's success (and the stock        jumped after the cancelation of its spinoff). The brand accounts for        about half of Gap's sales and around 80% of the company's Ebit. Of        course, the current environment hasn't been kind to apparel retailers,        as many consumers pull back on all but essentials (and don't need many        new clothes when leaving the house is frowned upon). Yet within this        framework, Old Navy looks better positioned than most, Boss opines, as        it is squarely in the value category -- and the brand performed well in        2009 when the U.S. began to exit the Great Recession. Old Navy        may further get a boost from the fact that it has many off-mall        locations, and the fact that it does a brisk business in kids and baby        items (areas where consumers have less option to hold off on buying new        clothes).*

*The shares have slipped more than 42% since the start of the year, but        were struggling even before the coronavirus hit. The fact that the        shares are responding so favorably to an upgrade that isn't even a call        to buy shows how starved Gap investors are for good news. A $14        equity value isn't the same as saying the stock will reach $14        -- especially as Gap has moved away from plans to break out its        faster-growing brands. Yet investors likely welcome the theory that the        shares have finally been oversold.*

*Write to Teresa Rivas at* [*teresa.rivas@barrons.com*](mailto:teresa.rivas@barrons.com)

*(END) Dow Jones Newswires   06-01-20 1127ET ""*

**TLDR: GPS deserves to be trading in the $7-9 range.  Sell any rally.  Why target 7/17?  Just to be safe.  The stock has a high chance of disappointing after earnings.  Especially if we have a 2nd wave of corona and governor mandated retail closures this summer.**

**7/17 9p.**",0,https://www.reddit.com/r/wallstreetbets/comments/guox0r/the_gap_dd/
2020-05-09 1:29:20,The new age of Monetary Policy: an in-depth analysis of Federal Reserve Policy in the 2008 and 2020 financial crises,"**The Evolution of Monetary Policy: Age of the Bailout**

In the years leading up to 2008 Wall Street had been celebrating massive gains; top finance executives were awarded up to $53 billion dollars in total compensation in 2007. Lloyd Blankfein, former CEO of Goldman Sachs, made $68 million himself. These profits were the result of financial innovations and financial derivatives, specifically mortgage backed securities (MBS). A mortgage backed security is an asset backed security which is secured by a collection of mortgages. The mortgages are aggregated and securitized so that investors can buy them and receive periodic payments similar to a bond’s coupon payment. Mortgage backed securities were doing so well in the years leading up to 2008 that lenders were running out of people with good credit to lend to. Everyone was buying and building houses so much so that the real estate market became a bubble and all the prices inflated.

At first everyone was celebrating the gains in housing prices, since price increases generally meant profits for home investors, mortgage brokers, and even big banks. Not too long after the party, the real estate bubble burst. Everyone was immediately impacted; mortgage giants, Fannie Mae and Freddie Mac, were on the verge of bankruptcy. Some of the biggest investment banks in the world, each having upwards of $10 trillion assets under management, such as Bear Stearns, Lehman Brothers, and Merrill Lynch were about to collapse. The whole financial sector was in shambles. “In a period of 18 months, Wall Street had gone from celebrating its most profitable age to finding itself on the brink of an epochal devastation.” Banks were heavily involved with mortgage securities. Most of these securities were financial derivatives which means they derive their price from an underlying asset. “Banks were creating increasingly complex products, many levels removed from the underlying asset.” 

The first bank to really be shallow waters was Bear Stearns. Bear Stearns was a global investment bank whose main area of business was capital markets, wealth management, and investment banking. In 2008 Bear Stearns had roughly $13 trillion in derivative financial instruments, $2 trillion of which were in options and futures contracts. The company had a highly leveraged balance sheet with a lot of illiquid assets that were potentially worthless. Bear Stearns was the seventh largest securities firm in the world. Since their business was highly intertwined with other huge financial institutions, their potential collapse would be detrimental  for the global economy.

U.S. Treasury secretary Hank Paulson knew that if Bear Stearns and Lehman Brothers collapsed there would be a domino effect across the financial sector and other huge financial institutions such as Citigroup, Merrill Lynch, and others would fail while consumers would start to lose confidence in the banking sector,  more banks would be subject to bank-runs. In order to prevent the worst from occurring the U.S. Treasury Secretary put together a task force which included Jamie Dimon, CEO of J.P. Morgan Chase, Ben Bernake, Chairmen of the United States Federal Reserve, and Tim Geithner, Head of the New York Fed. After pondering possible loans and other solutions in order to rescue Bear Stearns, they deemed that there was no way to save Bear Stearns. This is not because of insufficient capital but because confidence had been lost in Bear Stearns. J.P. Morgan Chase ended up acquiring Bear Stearns for $10 a share, much less than their 52 week high of $133 per share.

After Bear Stearns fell the next bank about to collapse was Lehman Brothers.  Lehman Brothers was the fourth largest investment bank in the United States. Its CEO at the time Richard Fuld blamed the declining stock price on short sellers. However the short sellers argued that the way Lehman viewed non-liquid assets such as mortgages was disturbing. Fuld refused to accept that the bank essentially had a bunch of junk mortgage backed securities on their balance sheets and  tried to solve Lehman’s liquidity problem with more cash. He reached out to Warren Buffett to try and secure a loan, but Buffett said it was too risky. Richard even reached out to the U.S. government for a bailout, but Treasury Secretary at the time Henry Paulson refused to bail out Lehman with public tax payer money and instead said that the bank must secure funding from the private sector. Paulson gathered all the CEO’s of major banks and told them to come up with a solution for saving Lehman Brothers. Likely contenders to buy out Lehman Brothers were Bank of America and British bank, Barclays. However neither of which were willing to take on the Lehman’s real estate assets which were basically worth half of what Lehman was valuing them at. After failing to secure capital, or merge with another bank Lehman Brothers filed for chapter eleven bankruptcy protection on September 15th, 2008. Chapter eleven bankruptcy protected some creditors and most employees. In the bankruptcy agreement, Lehman Brothers’ shareholders paid the ultimate price and watched their fortunes from a year prior be worth a fraction of what they were. 

At the same time Lehman Brothers was crashing, insurance giant American International Group (AIG) and mortgage giants Fannie Mae and Freddie Mac were tumbling down cliffs of their own. James Lockhart, head of the Federal Housing Finance Agency (FHFA) issued a plan to make the two mortgage giants into a conservatorship as government sponsored enterprises. The two mortgage companies were now and still are U.S. government enterprises who facilitate the secondary mortgage market. The United States Treasury Secretary, Hank Paulson, as well as Federal Reserve Chairman, Ben Bernanke, both agreed with the housing agency's decision. 

On the other hand, AIG executives were assuring everyone that the company was in sound financial standing. At the time, AIG had $1 trillion in assets and roughly $40 billion in cash. In addition, executives argued that they had an extremely profitable business supporting insurance on collateral debt obligations (CDO). A CDO is a financial tool that banks use to package individual homeowners, credit card, and auto loans into securities sold to investors on the market. CDOs at the time were mainly used to refinance mortgage backed securities.. Most of AIG’s business was traditional insurance products such as health, life, and home insurance. However during the real estate bubble the company began taking a lot of risks in the form of credit default swaps (CDS). A CDS is a financial exchange agreement where the issuer of the CDS will compensate the buyer if the buyer’s asset defaults (similar to investment insurance). Essentially investors were buying credit default swaps as insurance for their mortgage backed securities. Once the real estate bubble popped, everyone came to claim insurance for their MBS that just went bankrupt. AIG had over $500 billion in subprime mortgages on their balance sheet. Its officials were revaluing credit default swaps and losses started to pile up at AIG. By May of 2008 AIG had suffered a first quarter loss of roughly $8 billion, their largest loss ever. Hank Paulson knew that if AIG went bankrupt it would trigger the collapse of financial institutions that bought these credit default swaps. 

As the MBS tied to the swaps defaulted, AIG was forced to come up with the capital to repay their investors. Shareholders started dumping their shares which made it even more difficult for AIG to produce the capital it needed. Even though they had the assets on their balance sheet to cover the losses, AIG could not liquidate them fast enough before the swaps were due. It was clear that they were about to go bankrupt. Hank Paulson and Ben Bernanke did not want AIG’s huge influence to hurt lower and middle class families since AIG sold lots bonds, annuities, and insurance products to these people. An AIG bankruptcy would’ve hurt lower and middle class families as well as the whole financial sector which owned credit default swaps issued by AIG. They were just too big to fail. So the Federal Reserve along with the U.S. Treasury planned a bailout of an $85 billion loan to AIG. To put that loan amount into perspective, “Eighty-five billion dollars was more than the annual budget of Singapore and Taiwan combined; who could understand a figure that size.”

The loan itself was not enough to calm the markets. Investors were left puzzled as to why the federal government would bailout one company and not the other. What were the rules for a bailout? Did Hank Paulson’s background as a top executive at Goldman Sachs have anything to do with the government allowing Lehman Brothers, a competitor of Goldman, to collapse? These questions forced Hank Paulson, Ben Bernanke, and Tim Geithner, president of the New York Federal Reserve Bank, to come up with a solution to calm confusion. Now with the whole financial sector on the verge of collapsing the Treasury and Federal Reserve came up with a fiscal policy to purchase toxic assets from nine of the largest financial institutions in order to stabilize them. The institutions include J.P. Morgan, Goldman Sachs, Morgan Stanley, Citigroup, Wells Fargo, Bank of New York Mellon, Merrill Lynch, Bank of America, and State Street Corp.  The program to bail them out was known as TARP. However congress was not too attached to the idea of bailing out Wall Street. Republicans saw a bailout as socialism creeping into the United States, and Democrats saw it as Paulson bailing out his Wall Street buddies. Congress voted against TARP and the Dow Jones Industrial Average fell roughly 800 points that day. 

Paulson, Bernanke, and Geithner went back to the drawing board. Now desperate for a solution Paulson decided to follow the advice of his assistant Neel Kashkari, which was to purchase equity in the nine largest banks in the United States. Paulson reached out to Sheila Bair who was the head of the Federal Depositors Insurance Corporation (FDIC) and told her about the Treasury Department’s new plan. Sheila agreed to increase the nine bank’s coverage limit. 

Without wasting any time Hank Paulson, Treasury Secretary of the United States, called all the nine executives together for a meeting at the NY Federal Reserve. “It was the first time - perhaps the only time - that the nine most powerful CEOs in American Finance and the people who regulate them would be in the same room at the same time.” Without  knowing what the meeting was about, the CEO’s of all nine banks had shown up. To stress the severity and seriousness of the meeting, Paulson had brought along with him the Chairman of the Federal Reserve, the president of the NY Fed, and The head of the FDIC. Paulson unveiled his plan to purchase up to $250 million in preferred stock in the leading banks in order to stabilize them and restore confidence. He strong armed all of them into taking the deal even though a few of them claim that they did not need the capital, such as Wells Fargo and J.P. Morgan. He also informed the banks that the collapse of Lehaman Brothers will spillover into other banks, Merrill Lynch was of most concern. Paulson agreed to let Merill get bought out by Bank of America in order to save them. They were sold to Bank of America for $29 per share or $50 billion far from their 52 week high of $88 per share. The banks had agreed to the deal and so did Congress on October 3rd, 2008 President George Bush signed the TARP program into law. The program normalized the big banks and brought back investor confidence in Wall Street. 

The following year, President Barack Obama introduced legislation that would transform the whole financial regulatory system. This act was known as the Dodd-Frank Wall Street Reform and Consumer Protection Act. One specific provision known as the Volker rule forbids banks from making speculative investments that do not benefit their consumers. This type of overhaul has not been seen in the U.S. financial system since the Great Depression of 1929. In regards to the subprime mortgage crisis, the United States’ Congress, Treasury, and Federal Reserve acted appropriately however they should have acted more quickly and effectively like Jerome Powell’s Federal Reserve has during the COVID-19 crisis. 

Some say because of the catastrophe in 2008 and the lessons we have learned, the U.S. The Treasury and Federal Reserve acted the way they did in 2020. Thus far, they both have combated the current financial market crisis with immediate action. If the Federal Reserve and Treasury could’ve bailout Bear Stearns, Lehman, AIG, and Merrill Lynch the way that they bailed out Boeing, that would have been the best case scenario. In March of 2020 Boeing Co. the airplane manufacturer went to Washington with its hands out begging for a bailout. The company had spent $50 billion on stock repurchases within the past year and now was asking for a $60 billion bailout. Instead of giving the company a direct handout, the Federal Reserve boosted liquidity in the credit markets by purchasing corporate bonds, thus, Boeing was able to secure $25 billion from private investors via the corporate bond market and withdrew its original request for a government bailout. Despite the 33 million unemployed, many people are applauding Jerome Powell and Steven Mnuchin for quickly passing emergency monetary policy measures. Like 2008, these policy measures have insulated the financial markets from total ruin. 

Author: #$%\^#\^%, Economist

Editor: @#$%!\^&amp;\*, Attorney

Any constructive criticism, feedback, and opinions are greatly appreciated.",1,https://www.reddit.com/r/wallstreetbets/comments/gg9lag/the_new_age_of_monetary_policy_an_indepth/
2020-05-09 1:29:20,The new age of Monetary Policy: an in-depth analysis of Federal Reserve Policy in the 2008 and 2020 financial crises,"**The Evolution of Monetary Policy: Age of the Bailout**

In the years leading up to 2008 Wall Street had been celebrating massive gains; top finance executives were awarded up to $53 billion dollars in total compensation in 2007. Lloyd Blankfein, former CEO of Goldman Sachs, made $68 million himself. These profits were the result of financial innovations and financial derivatives, specifically mortgage backed securities (MBS). A mortgage backed security is an asset backed security which is secured by a collection of mortgages. The mortgages are aggregated and securitized so that investors can buy them and receive periodic payments similar to a bond’s coupon payment. Mortgage backed securities were doing so well in the years leading up to 2008 that lenders were running out of people with good credit to lend to. Everyone was buying and building houses so much so that the real estate market became a bubble and all the prices inflated.

At first everyone was celebrating the gains in housing prices, since price increases generally meant profits for home investors, mortgage brokers, and even big banks. Not too long after the party, the real estate bubble burst. Everyone was immediately impacted; mortgage giants, Fannie Mae and Freddie Mac, were on the verge of bankruptcy. Some of the biggest investment banks in the world, each having upwards of $10 trillion assets under management, such as Bear Stearns, Lehman Brothers, and Merrill Lynch were about to collapse. The whole financial sector was in shambles. “In a period of 18 months, Wall Street had gone from celebrating its most profitable age to finding itself on the brink of an epochal devastation.” Banks were heavily involved with mortgage securities. Most of these securities were financial derivatives which means they derive their price from an underlying asset. “Banks were creating increasingly complex products, many levels removed from the underlying asset.” 

The first bank to really be shallow waters was Bear Stearns. Bear Stearns was a global investment bank whose main area of business was capital markets, wealth management, and investment banking. In 2008 Bear Stearns had roughly $13 trillion in derivative financial instruments, $2 trillion of which were in options and futures contracts. The company had a highly leveraged balance sheet with a lot of illiquid assets that were potentially worthless. Bear Stearns was the seventh largest securities firm in the world. Since their business was highly intertwined with other huge financial institutions, their potential collapse would be detrimental  for the global economy.

U.S. Treasury secretary Hank Paulson knew that if Bear Stearns and Lehman Brothers collapsed there would be a domino effect across the financial sector and other huge financial institutions such as Citigroup, Merrill Lynch, and others would fail while consumers would start to lose confidence in the banking sector,  more banks would be subject to bank-runs. In order to prevent the worst from occurring the U.S. Treasury Secretary put together a task force which included Jamie Dimon, CEO of J.P. Morgan Chase, Ben Bernake, Chairmen of the United States Federal Reserve, and Tim Geithner, Head of the New York Fed. After pondering possible loans and other solutions in order to rescue Bear Stearns, they deemed that there was no way to save Bear Stearns. This is not because of insufficient capital but because confidence had been lost in Bear Stearns. J.P. Morgan Chase ended up acquiring Bear Stearns for $10 a share, much less than their 52 week high of $133 per share.

After Bear Stearns fell the next bank about to collapse was Lehman Brothers.  Lehman Brothers was the fourth largest investment bank in the United States. Its CEO at the time Richard Fuld blamed the declining stock price on short sellers. However the short sellers argued that the way Lehman viewed non-liquid assets such as mortgages was disturbing. Fuld refused to accept that the bank essentially had a bunch of junk mortgage backed securities on their balance sheets and  tried to solve Lehman’s liquidity problem with more cash. He reached out to Warren Buffett to try and secure a loan, but Buffett said it was too risky. Richard even reached out to the U.S. government for a bailout, but Treasury Secretary at the time Henry Paulson refused to bail out Lehman with public tax payer money and instead said that the bank must secure funding from the private sector. Paulson gathered all the CEO’s of major banks and told them to come up with a solution for saving Lehman Brothers. Likely contenders to buy out Lehman Brothers were Bank of America and British bank, Barclays. However neither of which were willing to take on the Lehman’s real estate assets which were basically worth half of what Lehman was valuing them at. After failing to secure capital, or merge with another bank Lehman Brothers filed for chapter eleven bankruptcy protection on September 15th, 2008. Chapter eleven bankruptcy protected some creditors and most employees. In the bankruptcy agreement, Lehman Brothers’ shareholders paid the ultimate price and watched their fortunes from a year prior be worth a fraction of what they were. 

At the same time Lehman Brothers was crashing, insurance giant American International Group (AIG) and mortgage giants Fannie Mae and Freddie Mac were tumbling down cliffs of their own. James Lockhart, head of the Federal Housing Finance Agency (FHFA) issued a plan to make the two mortgage giants into a conservatorship as government sponsored enterprises. The two mortgage companies were now and still are U.S. government enterprises who facilitate the secondary mortgage market. The United States Treasury Secretary, Hank Paulson, as well as Federal Reserve Chairman, Ben Bernanke, both agreed with the housing agency's decision. 

On the other hand, AIG executives were assuring everyone that the company was in sound financial standing. At the time, AIG had $1 trillion in assets and roughly $40 billion in cash. In addition, executives argued that they had an extremely profitable business supporting insurance on collateral debt obligations (CDO). A CDO is a financial tool that banks use to package individual homeowners, credit card, and auto loans into securities sold to investors on the market. CDOs at the time were mainly used to refinance mortgage backed securities.. Most of AIG’s business was traditional insurance products such as health, life, and home insurance. However during the real estate bubble the company began taking a lot of risks in the form of credit default swaps (CDS). A CDS is a financial exchange agreement where the issuer of the CDS will compensate the buyer if the buyer’s asset defaults (similar to investment insurance). Essentially investors were buying credit default swaps as insurance for their mortgage backed securities. Once the real estate bubble popped, everyone came to claim insurance for their MBS that just went bankrupt. AIG had over $500 billion in subprime mortgages on their balance sheet. Its officials were revaluing credit default swaps and losses started to pile up at AIG. By May of 2008 AIG had suffered a first quarter loss of roughly $8 billion, their largest loss ever. Hank Paulson knew that if AIG went bankrupt it would trigger the collapse of financial institutions that bought these credit default swaps. 

As the MBS tied to the swaps defaulted, AIG was forced to come up with the capital to repay their investors. Shareholders started dumping their shares which made it even more difficult for AIG to produce the capital it needed. Even though they had the assets on their balance sheet to cover the losses, AIG could not liquidate them fast enough before the swaps were due. It was clear that they were about to go bankrupt. Hank Paulson and Ben Bernanke did not want AIG’s huge influence to hurt lower and middle class families since AIG sold lots bonds, annuities, and insurance products to these people. An AIG bankruptcy would’ve hurt lower and middle class families as well as the whole financial sector which owned credit default swaps issued by AIG. They were just too big to fail. So the Federal Reserve along with the U.S. Treasury planned a bailout of an $85 billion loan to AIG. To put that loan amount into perspective, “Eighty-five billion dollars was more than the annual budget of Singapore and Taiwan combined; who could understand a figure that size.”

The loan itself was not enough to calm the markets. Investors were left puzzled as to why the federal government would bailout one company and not the other. What were the rules for a bailout? Did Hank Paulson’s background as a top executive at Goldman Sachs have anything to do with the government allowing Lehman Brothers, a competitor of Goldman, to collapse? These questions forced Hank Paulson, Ben Bernanke, and Tim Geithner, president of the New York Federal Reserve Bank, to come up with a solution to calm confusion. Now with the whole financial sector on the verge of collapsing the Treasury and Federal Reserve came up with a fiscal policy to purchase toxic assets from nine of the largest financial institutions in order to stabilize them. The institutions include J.P. Morgan, Goldman Sachs, Morgan Stanley, Citigroup, Wells Fargo, Bank of New York Mellon, Merrill Lynch, Bank of America, and State Street Corp.  The program to bail them out was known as TARP. However congress was not too attached to the idea of bailing out Wall Street. Republicans saw a bailout as socialism creeping into the United States, and Democrats saw it as Paulson bailing out his Wall Street buddies. Congress voted against TARP and the Dow Jones Industrial Average fell roughly 800 points that day. 

Paulson, Bernanke, and Geithner went back to the drawing board. Now desperate for a solution Paulson decided to follow the advice of his assistant Neel Kashkari, which was to purchase equity in the nine largest banks in the United States. Paulson reached out to Sheila Bair who was the head of the Federal Depositors Insurance Corporation (FDIC) and told her about the Treasury Department’s new plan. Sheila agreed to increase the nine bank’s coverage limit. 

Without wasting any time Hank Paulson, Treasury Secretary of the United States, called all the nine executives together for a meeting at the NY Federal Reserve. “It was the first time - perhaps the only time - that the nine most powerful CEOs in American Finance and the people who regulate them would be in the same room at the same time.” Without  knowing what the meeting was about, the CEO’s of all nine banks had shown up. To stress the severity and seriousness of the meeting, Paulson had brought along with him the Chairman of the Federal Reserve, the president of the NY Fed, and The head of the FDIC. Paulson unveiled his plan to purchase up to $250 million in preferred stock in the leading banks in order to stabilize them and restore confidence. He strong armed all of them into taking the deal even though a few of them claim that they did not need the capital, such as Wells Fargo and J.P. Morgan. He also informed the banks that the collapse of Lehaman Brothers will spillover into other banks, Merrill Lynch was of most concern. Paulson agreed to let Merill get bought out by Bank of America in order to save them. They were sold to Bank of America for $29 per share or $50 billion far from their 52 week high of $88 per share. The banks had agreed to the deal and so did Congress on October 3rd, 2008 President George Bush signed the TARP program into law. The program normalized the big banks and brought back investor confidence in Wall Street. 

The following year, President Barack Obama introduced legislation that would transform the whole financial regulatory system. This act was known as the Dodd-Frank Wall Street Reform and Consumer Protection Act. One specific provision known as the Volker rule forbids banks from making speculative investments that do not benefit their consumers. This type of overhaul has not been seen in the U.S. financial system since the Great Depression of 1929. In regards to the subprime mortgage crisis, the United States’ Congress, Treasury, and Federal Reserve acted appropriately however they should have acted more quickly and effectively like Jerome Powell’s Federal Reserve has during the COVID-19 crisis. 

Some say because of the catastrophe in 2008 and the lessons we have learned, the U.S. The Treasury and Federal Reserve acted the way they did in 2020. Thus far, they both have combated the current financial market crisis with immediate action. If the Federal Reserve and Treasury could’ve bailout Bear Stearns, Lehman, AIG, and Merrill Lynch the way that they bailed out Boeing, that would have been the best case scenario. In March of 2020 Boeing Co. the airplane manufacturer went to Washington with its hands out begging for a bailout. The company had spent $50 billion on stock repurchases within the past year and now was asking for a $60 billion bailout. Instead of giving the company a direct handout, the Federal Reserve boosted liquidity in the credit markets by purchasing corporate bonds, thus, Boeing was able to secure $25 billion from private investors via the corporate bond market and withdrew its original request for a government bailout. Despite the 33 million unemployed, many people are applauding Jerome Powell and Steven Mnuchin for quickly passing emergency monetary policy measures. Like 2008, these policy measures have insulated the financial markets from total ruin. 

Author: #$%\^#\^%, Economist

Editor: @#$%!\^&amp;\*, Attorney

Any constructive criticism, feedback, and opinions are greatly appreciated.",1,https://www.reddit.com/r/wallstreetbets/comments/gg9lag/the_new_age_of_monetary_policy_an_indepth/
2020-05-08 21:40:57,$EE 9/18 65p,"**TL;DR - $EE 9/18 65p in case the 6/1 takeover falls apart.**

I've enjoyed y'all a lot lately. There's a lot of really smart folks on here that hide behind feigned autism - frankly you're all probably smarter than I am. That's why I'd appreciate your input/enjoy the read.  

$EE *El Paso Electric* provides generation, transmission and distribution services to 400,000+ retail and wholesale customers throughout New Mexico and West Texas. It also owns a 15.8% stake in the Palo Verde Nuclear Plant.  

On June 1, 2019, IIF Infrastructure Investments Fund entered an agreement to purchase $EE at $68.25 per share or [$4.3 billion](https://www.reuters.com/article/us-el-paso-electric-m-a-infrastructure-i/el-paso-electric-to-be-bought-by-an-infrastructure-fund-for-2-78-billion-idUSKCN1T41K8). At the time, $EE was trading at $57 with $3.8 billion in assets. Obviously, it jumped to $68.25 where it has mostly remained... *(Although oddly enough it touched $63 during the March crash and an incredible amount of shares changed hands - More than when the takeover was originally announced)*

IIF would have 1 year to clear array of regulatory hurdles to complete the purchase. May be extended up to 9/1 with conditions ([See agreement](https://www.sec.gov/Archives/edgar/data/31978/000114036119010234/form8k.htm)).

[Then-CEO of El Paso Electric Mary Kipp](https://www.sec.gov/Archives/edgar/data/31978/000114036119010234/ex99_3.htm) sent a [letter to employees](https://www.spglobal.com/marketintelligence/en/news-insights/latest-news-headlines/56011934): ""IIF is a private investment vehicle advised by a dedicated infrastructure investment group within J.P. Morgan Investment Management Inc."" Mary goes on to note that 'IIF is a fund responsible for investing and growing the retirement funds of more than 40 million families, including 2 million families across Texas and New Mexico'. $EE would be joining IIFs family of 19 companies, including companies in NA, Europe and Australia, 11 of which were utilities as well. Mary Kipp then resigned from the company by July 1, 2019, leaving millions on the table. *Hmm...*

The consumer advocacy group *Public Citizen* quickly took issue then with the apparent upstream ownership, filing interference by 8/13 and then this complaint in [September](https://elibrary.ferc.gov/idmws/file_list.asp?document_id=14800629) 2019. Public Citizen linked IIF to JPMorgan and [it was denied vehemently](https://prospect.org/environment/jpmorgan-concedes-trying-to-buy-an-electric-utility/). In fact, all the companies in the 'family' of IIF are linked to the same 3 individuals \[PUBLIC KNOWLEDGE PER FOLLOWING LINKS\] Rita J. Sallis, Christopher Ward and Dennis Clarke: [https://elibrary.ferc.gov/idmws/file\_list.asp?document\_id=14802626](https://elibrary.ferc.gov/idmws/file_list.asp?document_id=14802626);   [https://www.spglobal.com/marketintelligence/en/news-insights/latest-news-headlines/56011934](https://www.spglobal.com/marketintelligence/en/news-insights/latest-news-headlines/56011934). Also, in addition to being managed by those same 3 - the business addresses for all IIF funds link back to JP Morgan Investment Bank. 

[These findings, along with COVID19, have strengthened Public Citizen and the senate to pressure the FERC into a rehearing](https://elibrary.ferc.gov/idmws/file_list.asp?document_id=14859120)\- likely pushing the deal beyond the 6/1 deadline. When Public Citizen reveals the deliberate attempt to conceal affiliations, armed with senators in an election year, this deal could be trashed. Public Citizen may also reveal that this has been going on for a while. I can't wait for '*the smartest guys in the room' #2*:

[IIF AUSTRALIAN 1 TRUST](https://predictiveops.com/funds/8059600426190)

[IIF CANADIAN 1 HEDGED LP](https://predictiveops.com/funds/8051754425551)

[IIF CANADIAN 1 LP](https://predictiveops.com/funds/8059052748730)

[IIF CANADIAN 2 LP](https://predictiveops.com/funds/8053556045277)

[IIF CANADIAN 3 LP](https://predictiveops.com/funds/8055618079764)

[IIF CANADIAN 4 LP](https://predictiveops.com/funds/8055368697779)

[IIF CAYMAN 1 HEDGED LTD](https://predictiveops.com/funds/8059586774173)

[IIF CAYMAN 1 LTD.](https://predictiveops.com/funds/8053842897700)

[IIF DUTCH 1 CAYMAN L.P.](https://predictiveops.com/funds/8056391380395)

[IIF ERISA LP](https://predictiveops.com/funds/8056367270795)

[IIF HEDGED LP](https://predictiveops.com/funds/8058840460276)

[IIF INT'L HOLDING L.P.](https://predictiveops.com/funds/8052450165714)

[IIF LP](https://predictiveops.com/funds/8051545665851)

[IIF TAX-EXEMPT LP](https://predictiveops.com/funds/8057825353367)

[IIF UK 1 HEDGED LP](https://predictiveops.com/funds/8054889690382)

[IIF UK 1 LP](https://predictiveops.com/funds/8055651832720)

[IIF US HOLDING 2 LP](https://predictiveops.com/funds/8057267130410)

[IIF US HOLDING LP](https://predictiveops.com/funds/8056310306237)

[IIF USSC LP](https://predictiveops.com/funds/8053456561966)

ALSO I have a question: What are the tax advantaged implications of investing through Nuclear Decommissioning Trusts and why are pension funds investing huge amounts in equities through them, wrapped inside utilities?",0,https://www.reddit.com/r/wallstreetbets/comments/gg6btk/ee_918_65p/
2020-04-06 18:38:08,Daily Update - Stocks Only Go Up,"04/06/2020 - Stocks Only Go Up

TDLR;   05/01 $20 TQQQ puts.


*This series is intended as a daily update of those items which I see as having some use and are condensed from news reports, digging into various items and what information is found. 
If you are capable and already doing this yourself, keep doing so, these will be absolutely useless for you unless you want my perspective.*

The S&amp;P remains trading at almost 15 times Forward Earnings. - During most prior recessions it dropped to around 10-11x earnings at the bottom. There are arguments being made that this isn't and wont lead to a recession. That it's a market correction exacerbated by a virus. 

Forward looking consumer confidence for future market gains over the next year is at record breaking highs.

Using chineese data as a metric, it looks like even once things come back to normal. There will be some lag before economies pick fully back up, and supply chains will need some work to get flowing smoothly again. 

Economists seem to be starting to come together around the idea of a U shaped recession, there is question as to whether Corona caused the downturn, or is part of more systemic issues in the U.S. economy. 

J.P. Morgan has now announced in less than a week that there was no recession, that it's going to be a V shaped recovery, that brands like Starbucks will be fine, that brands like Starbucks will not be fine and that the downturn could cause quote ""A Corona Virus Induced Viscious Spiral""
- I now believe they are throwing papers will press releases up in the air and seeing which ones waft into the MarketPlace windows.

Trump appears to be starting to make a victory lap about the entire Corona situation.

Buffett is raising even more cash by selling more bonds backed by the Japaneese Yen
A brief refresher from last weeks post - Japan is one of the few countries with more money inflows than debts owed. During the Great Depression part of the reason the U.S. was able to recover so well was due to very similar conditions to what Japan has right now. 
- Personally I see this as a really good hedge against the dollar, since it continues to rally out of control, and if kept up as this rate will have to be deflated.",1,https://www.reddit.com/r/wallstreetbets/comments/fw8n2k/daily_update_stocks_only_go_up/
2020-04-04 11:22:09,"Wall Street Week Ahead for the trading week beginning April 6th, 2020","Good Saturday morning to all of you here on r/wallstreetbets. I hope everyone on this sub made out pretty nicely in the market this past week, and is ready for the new trading week ahead.

Here is everything you need to know to get you ready for the trading week beginning April 6th, 2020.

# **The stimulus boost has passed and now the stock market is focused solely on virus developments  - [(Source)](https://www.cnbc.com/2020/04/03/the-stimulus-boost-has-passed-and-now-the-stock-market-is-focused-solely-on-virus-developments.html)**
*****
&gt; The stock market enters a four-day week that is the lull before earnings season, but it’s the headlines on developments around the spread of the coronavirus that may result in the most volatility.
*****
&gt; Strategists say investors are now most focused on how the virus is progressing, what medical developments might help, and how long it could take to end the shutdown of most of the U.S. 
*****
&gt; “I think it’s a wait and see with a drift to the downside. I think if you look back to that three-, four-day rally we had in March, capping off the end of the month, I think a lot of that was reaction to the Fed, a lot of it was reaction to the stimulus out of Washington,” said Lori Calvasina, chief U.S. equities strategist at RBC. “There were good vibes coming off of that, but that was yesterday’s news. I think the Fed has done a good job. They have peoples’ confidence...One thing we now need is a decline in the number of virus cases in the U.S.”
*****
&gt; Oil could be a factor in the week ahead as OPEC and Russia hold an emergency meeting Monday to discuss production cuts. Oil rallied 12% in the past week with West Texas Intermediate futures at $28.34 per barrel, its best week ever.  President Donald Trump sparked the rally when he said he spoke to Saudi Arabia and Russia and they wanted a deal to cut production. 
*****
&gt; In the past week, stocks were lower for the third week in four, as the market absorbed the latest shocking reports of layoffs, and investors worried about the duration of the virus related shutdowns. The S&amp;P 500 closed down 2% for the week, at 2,488.
*****
&gt; # Jobs picture
&gt; On Sunday, Trump extended the guidelines on social distancing to April 30, as the number of cases grew.
*****
&gt; Thursday’s report of 6.6 million new unemployment claims for the week ended March 28 brought the two week total of workers filing claims to 10 million. The biggest data report in the week ahead could again be that jobless claims number on Thursday.  
*****
&gt; “We look for 7 million new claims to be reported for the week ended April 4, though obviously the range of uncertainty around this forecast is wide, and a substantial decline is also possible,” noted J.P. Morgan economist Jesse Edgerton.
*****
&gt; Consumer sentiment is reported Thursday, and consumer price index inflation is reported Friday, when the stock market is closed for the Good Friday holiday.
*****
&gt; “I’m not a big believer that investors gain a lot of information from single points of data and even less right now,” said Mike Swell, co-head of global portfolio management at Goldman Sachs Asset Management. “We need the world to open back up. We need the global economies to open back up to have any sense of the lasting impact of this on jobs. The concerns in corporate boardrooms is how conservative they’re going to be when it comes to cap ex and hiring.”
*****
&gt; The Fed releases minutes of its last meeting Wednesday.
*****
&gt; “The schedule doesn’t matter anymore. What matters now is how the pandemic is playing out, the extent of the downturn of the economy, and then how capital markets are functioning,” Swell said. “All of those things together are going to drive what the Fed’s going to do, and they’ll act when they need to take action.”
*****
&gt; The Fed has flooded the markets with liquidity and is ballooning its balance sheet with Treasury and mortgage purchases. Swell said the Fed’s programs are helping the markets they’ve taken aim at including corporate debt, mortgages and commercial paper.
*****
&gt; # Earnings ahead
&gt; First quarter earnings season is scheduled to start in the week after next, and there could be more companies withdrawing guidance between now and then.
*****
&gt; “We’re all facing the realization [the virus shutdown] that it’s going to take longer, it’s going to go deeper and that alone is taking the wind out of the sales,” said Calvasina. “Then the companies are going to report , and they’re not going to tell us anything...companies are just withdrawing guidance. It’s not even like there’s a new lower bar. Are we going to come out of this with a bar or are we going to come out of this with no direction?”
*****
&gt; According to Refinitiv, earnings are expected to decline about 5.5% for the first quarter, which saw the biggest impact from the virus in the final weeks of March. 
*****
&gt; Calvasina said she expects the market to retest the lows of March 23, in part because it does not seem investors have gotten negative enough. She said they do not appear to be factoring in the latest gloomy projections from economists of a more than 30% decline in second quarter GDP. She said the market could still have a ways to go before bottoming, and notes the financial crisis drop was 49%. A drop of that magnitude would take the S&amp;P to 1,727.
*****
&gt; Her own survey of clients shows that many investors still have a bullish view on the market with a six to 12-month horizon. “We’re seeing investors taking a constructive view. They like what the Fed has done.There seems to be a view about the economy that the damage is really going to be concentrated in the second quarter, and it’s going to be contained in terms of depth and contained in terms of duration,” she said.
*****

# **This past week saw the following moves in the S&amp;P:**
###### **([CLICK HERE FOR THE FULL S&amp;P TREE MAP FOR THE PAST WEEK!](https://i.imgur.com/IaPD6we.png))**

# **Major Indices for this past week:**
###### **([CLICK HERE FOR THE MAJOR INDICES FOR THE PAST WEEK!](https://i.imgur.com/VuZwvnw.png))**

# **Major Futures Markets as of Friday's close:**
###### **([CLICK HERE FOR THE MAJOR FUTURES INDICES AS OF FRIDAY!](https://i.imgur.com/53oHnoH.png))**

# **Economic Calendar for the Week Ahead:**
###### **([CLICK HERE FOR THE FULL ECONOMIC CALENDAR FOR THE WEEK AHEAD!](https://i.imgur.com/mrxih7p.png))**

# **Sector Performance WTD, MTD, YTD:**
###### **([CLICK HERE FOR FRIDAY'S PERFORMANCE!](http://elite.finviz.com/grp_image.ashx?bar_sector_t.png&amp;rev=636115211971930604))**
###### **([CLICK HERE FOR THE WEEK-TO-DATE PERFORMANCE!](http://elite.finviz.com/grp_image.ashx?bar_sector_w.png&amp;rev=636115211971930604))**
###### **([CLICK HERE FOR THE MONTH-TO-DATE PERFORMANCE!](http://elite.finviz.com/grp_image.ashx?bar_sector_m.png&amp;rev=636115211971930604))**
###### **([CLICK HERE FOR THE 3-MONTH PERFORMANCE!](http://elite.finviz.com/grp_image.ashx?bar_sector_q.png&amp;rev=636115211971930604))**
###### **([CLICK HERE FOR THE YEAR-TO-DATE PERFORMANCE!](http://elite.finviz.com/grp_image.ashx?bar_sector_ytd.png&amp;rev=636115211971930604))**
###### **([CLICK HERE FOR THE 52-WEEK PERFORMANCE!](http://elite.finviz.com/grp_image.ashx?bar_sector_y.png&amp;rev=636115211971930604))**

# **Percentage Changes for the Major Indices, WTD, MTD, QTD, YTD as of Friday's close:**
###### **([CLICK HERE FOR THE CHART!](https://i.imgur.com/SOJjzMp.png))**

# **S&amp;P Sectors for the Past Week:**
###### **([CLICK HERE FOR THE CHART!](https://i.imgur.com/viH35nH.png))**

# **Major Indices Pullback/Correction Levels as of Friday's close:**
###### **([CLICK HERE FOR THE CHART!](https://i.imgur.com/7ObY8Ob.png)**

# **Major Indices Rally Levels as of Friday's close:**
###### **([CLICK HERE FOR THE CHART!](https://i.imgur.com/pVz969K.png))**

# **Most Anticipated Earnings Releases for this week:**
###### **([CLICK HERE FOR THE CHART!](https://i.imgur.com/R9DSwjk.png))**

# **Here are the upcoming IPO's for this week:**
###### **([CLICK HERE FOR THE CHART!](https://i.imgur.com/xwSPBAW.png))**

# **Friday's Stock Analyst Upgrades &amp; Downgrades:**
###### **([CLICK HERE FOR THE CHART LINK #1!](https://i.imgur.com/4kzBNe8.png))**
###### **([CLICK HERE FOR THE CHART LINK #2!](https://i.imgur.com/gUMjuu3.png))**
###### **([CLICK HERE FOR THE CHART LINK #3!](https://i.imgur.com/sHtCwud.png))**

*****

# A Technical Look at Market Internals

&gt; Following last week’s more than 10% gain, the S&amp;P 500 Index is tracking toward another weekly loss, its fifth of the last seven. This has many investors wondering if a retest of the lows may be in the cards for US equities. As we explored in our How Markets Bottom post, two of the bear markets we believe show the most similarities to our current one did retest or undercut the lows after the worst of the selling.

&gt; “Whether or not we get a retest is an open question,” said LPL Financial Senior Market Strategist Ryan Detrick. “But we believe we’ve seen the worst of the selling, and we will be watching to confirm that fewer individual stocks are making new lows on a further pullback in the indexes.”

&gt; ###### **([CLICK HERE FOR THE CHART!](https://i0.wp.com/lplresearch.com/wp-content/uploads/2020/04/Blog-picture-4.3.20.png?ssl=1))**

&gt; As the LPL Chart of the Day shows, although the S&amp;P 500 made its low on March 23, more stocks actually bottomed a week earlier on March 16, when more than two-thirds of the individual stocks in the index hit a one-year low. Regardless of the direction of the S&amp;P 500 over the coming days, we want to see this trend of fewer stocks making new lows continue.

*****

# Road to Recovery Playbook Factor #1: COVID-19 Case Update

&gt; Factor #1 in our Road to Recovery Playbook is finding confidence in the peak of COVID-19 cases in the United States. At LPL Research we are monitoring this factor daily, and we wanted to provide an update into what we are seeing. As shown in the LPL Chart of the Day, while the number of new cases in the United States has continued to climb, the number of new cases seen outside of the US has begun to drop in recent days. In fact, Italy, the worst-hit country in terms of total deaths from the virus, reported on Tuesday that new cases hit a two-week low.

&gt; ###### **([CLICK HERE FOR THE CHART!](https://i0.wp.com/lplresearch.com/wp-content/uploads/2020/04/picture-blog-cases-pandemic.png?ssl=1))**

&gt; This data is important because thus far the number of COVID-19 cases has conformed to Farr’s Law of Epidemics, exhibiting a somewhat predictable bell curve normal-like distribution. Formulated in the 1800s by British epidemiologist Dr. William Farr, these laws predict that epidemics normally follow a pattern of sharp increase, a peak, and then a decline back to a baseline.

&gt; The distributions of both new COVID-19 cases and related fatalities in China and South Korea have exhibited this behavior and appear to have ridden out the initial outbreak cycle. The City of Wuhan, China, which was the initial epicenter for the virus, reported on March 19 that it had zero new cases—showing us that the curve can be flattened and there is light at the end of this dark tunnel.

&gt; “The market’s bounce last week may have been in anticipation of some of these more positive data points regarding the virus,” said LPL Financial Senior Market Strategist Ryan Detrick. “While US cases continue to climb, the more countries that reach their peak, the more clarity we gain into what that timing may look like for the United States. Investors have historically been rewarded for investing during these crisis events, and we believe the time for suitable investors to consider adding some risk to their portfolios may be approaching.”

*****

# Can April’s Top-Month Record Extend Market Rally?

&gt; April marks the end of the “Best Six Months” for DJIA and the S&amp;P 500. The window for the seasonal MACD sell signal opens on April 1st. The unprecedented speed of the current market selloff and current bear market would appear to have made this year’s signal insignificant. This could be the case, but it is far too early to say if the worst of the bear market is over. Double-digit DJIA losses during the “Best Six Months” have only occurred three times (ending in April in 1970, 1974 and 2009) since 1950. In 1970 &amp; 2009 the “Worst Six Months” were positive while in 1974 DJIA slide another 20.5%.

&gt; April 1999 was the first month to gain 1000 DJIA points. However, from 2000 to 2005, “Tax” month was hit, declining in four of six years. Since 2006, April has been up fourteen years in a row with an average gain of 2.3% to reclaim its position as the best DJIA month since 1950. April is second best for S&amp;P and fourth best for NASDAQ (since 1971).

&gt; The first half of April used to outperform the second half, but since 1994 that has no longer been the case. The effect of April 15 Tax Deadline appears to be diminished with numerous bullish days present on either side of the day. Traders and investors are clearly focused on first quarter earnings and guidance during April. This year, guidance will likely be the greatest focus, as first and second quarter earnings are likely to be disappointing as a result of the coronavirus pandemic.

&gt; Historically bullish election-year influences (the second-best year of the four-year presidential election cycle) have the exact opposite effect on April. Average gains since 1952 are approximately half of the average gain of all years since 1950 for DJIA and S&amp;P 500. Largely due to a 15.6% loss in 2000, NASDAQ’s typical strength in all Aprils since 1971 is transformed into an average loss in election years.

&gt; This data is important because thus far the number of COVID-19 cases has conformed to Farr’s Law of Epidemics, exhibiting a somewhat predictable bell curve normal-like distribution. Formulated in the 1800s by British epidemiologist Dr. William Farr, these laws predict that epidemics normally follow a pattern of sharp increase, a peak, and then a decline back to a baseline.

&gt; The distributions of both new COVID-19 cases and related fatalities in China and South Korea have exhibited this behavior and appear to have ridden out the initial outbreak cycle. The City of Wuhan, China, which was the initial epicenter for the virus, reported on March 19 that it had zero new cases—showing us that the curve can be flattened and there is light at the end of this dark tunnel.

&gt; “The market’s bounce last week may have been in anticipation of some of these more positive data points regarding the virus,” said LPL Financial Senior Market Strategist Ryan Detrick. “While US cases continue to climb, the more countries that reach their peak, the more clarity we gain into what that timing may look like for the United States. Investors have historically been rewarded for investing during these crisis events, and we believe the time for suitable investors to consider adding some risk to their portfolios may be approaching.”

&gt; ###### **([CLICK HERE FOR THE CHART!](https://66.media.tumblr.com/1e58540a0945bae0869828b747533428/73853485b854130e-fc/s400x600/230c90d2450148378a59c1afd0620bf07597d4b5.jpg))**

*****

# Down Best Six Months Not Encouraging

&gt; The depth of this waterfall decline may be too deep for the market to rebound quickly. This bear market also put this year’s Best Six Months (November-April) at risk of being negative. The record of down Best Six Months is not encouraging and it reminds us of a salient quote from the Almanac from an old market sage, “If the market does not rally, as it should during bullish seasonal periods, it is a sign that other forces are stronger and that when the seasonal period ends those forces will really have their say.”— Edson Gould (Stock market analyst, Findings &amp; Forecasts, 1902-1987)

&gt; The table below of Down Best Six Month for DJIA since 1950 also suggests caution and patience is in order. Subsequent Worst Six Months (May-October) have averaged losses with only two decent years 1982 and 2009. The market bottom in August 1982 marked the end of the 1966-1982 secular bear market and came of the early 1980s double dip recession. Following the first back-to-back down Best Six Months since 1973-1974, the market hit a secular bear market low in March 2009. Market action in the rest of these years was rather grim.

&gt; ###### **([CLICK HERE FOR THE CHART!](https://66.media.tumblr.com/12591e829dfe5de9e86458a7422806b2/50391148f55bdf77-d4/s500x750/39a8867eeacb471af0c1633afb37fda34da07f7d.jpg))**

*****

# Sector Relative Strength

&gt; Over the past year, the Technology sector has been the most notable sector in terms of outperformance relative to the S&amp;P 500. As shown in the charts from our Sector Snapshot below, the relative strength chart for Technology has been in a steady uptrend for the past twelve months without much interruption even while the decade long bull market was coming to an end. In fact, last week it was the first sector to exit oversold territory after every sector was oversold for 13 days. The other sectors have not been as lucky. During the recent sell off, the relative performance of most sectors, especially cyclicals like Energy, Financials, and Industrials, fell sharply (indicating even worse declines than the S&amp;P 500). Consumer Staples and Health Care, on the other hand, have seen much stronger performance than the rest of the market.

&gt; ###### **([CLICK HERE FOR THE CHART!](https://media.bespokepremium.com/uploads/2020/04/RS2.png))**

*****

# Consumers Turn Bearish on Equities

&gt; Tuesday's Consumer Confidence report managed to exceed expectations, but as we noted at the time, the survey for the March reports cuts off on the 18th, so as economic conditions turned south, sentiment levels also likely declined. One area of the report where sentiment already has seen a notable decline is in consumer sentiment towards stock prices. As shown in the top chart below, the percentage of consumers expecting stock prices to decline nearly doubled from 21.7% up to 39.2% while the percentage of consumers looking for higher prices dropped from 43.1% down to 32.3%. In the case of negative sentiment, the percentage of bearish consumers hasn't been this high since late 2012.

&gt; Given the major shift in sentiment, the spread between bullish and bearish consumers has seen a major reversal falling from firmly positive (21.4) to firmly negative (-6.9). By this measure, the spread between bullish and bearish investors hasn't been this negative since February 2016.

&gt; ###### **([CLICK HERE FOR THE CHART!](https://media.bespokepremium.com/uploads/2020/04/040220-Confidence.png))**

*****

# The Good, The Bad, and the Ugly Commodities in Q1

&gt; Very few assets have been winners recently, especially in the commodities space. As shown in the table below, no major energy or metal commodities (front-month futures) rose in March and gold was the only one to rise in the first quarter. The degree of those declines varied greatly. While gasoline and WTI futures (crude oil) were more than cut in half, gold and iron ore fell less than one percent in March. Considering iron ore's cyclical nature, that small decline is somewhat surprising but as for Q1, iron ore's performance was much weaker with a decline of over 10.5%. Granted, that is still a far better performance than copper which was down by more than twice that. Given the size of these declines, every one of the commodities highlighted below sits well off of its 52-week high. Gasoline and crude oil are the worst of these at 74.14% and 69.63%, respectively. As for where they finished the quarter relative to their 52-week lows, things are mixed. Gasoline, gold, and silver are off those lows by double-digit percentages while the rest are less than 10% away.

&gt; ###### **([CLICK HERE FOR THE CHART!](https://media.bespokepremium.com/uploads/2020/04/Table-2.png))**

&gt; As with many charts across assets, the technical picture of these commodities looks ugly. Almost every one has broken below significant support levels and safe-haven gold is the only one currently in anything other than a downtrend. Although it finished the month just off of the lows, crude oil fell all the way to its lowest levels since 2002 after crashing through support in February. The same can be said for gasoline. Natural gas remains a pain trade with the downtrend of the past several months still firmly in place.

&gt; Given its safe-haven status, gold has again been an outperformer approaching some of its highest levels of the past decade during the risk asset rout of the past couple of months. But it has recently been a more volatile trade. The yellow metal has yet to break above resistance around 1,700/oz and has even fallen to support around the 50-DMA. Despite also having the precious metal status, silver has been a serial underperformer to gold. Silver never shared gold's rally over the past couple of months as it fell to its lowest levels since 2009.

&gt; As for industrial metals, copper has been hovering around its lowest levels since the final quarter of 2016 after falling through the past year's support around $2.50. On the bright side, the technicals of iron ore have been slightly more constructive as it has still held up at support around $75.

&gt; ###### **([CLICK HERE FOR THE CHART!](https://media.bespokepremium.com/uploads/2020/04/Charts.png))**

*****

Here are the most notable companies (tickers) reporting earnings in this upcoming trading week ahead-

*****

&gt; * **$SMPL** 
&gt; * **$CONN** 
&gt; * **$GBX** 
&gt; * **$LEVI** 
&gt; * **$ANGO** 
&gt; * **$RPM** 
&gt; * **$SGH** 
&gt; * **$LNN** 
&gt; * **$MSM** 
&gt; * **$SJR** 
&gt; * **$WDFC** 
&gt; * **$NTIC** 
&gt; * **$EXFO** 
&gt; * **$CAAP** 
&gt; * **$SLP** 
&gt; * **$TLGT**

*****

###### **([CLICK HERE FOR NEXT WEEK'S MOST NOTABLE EARNINGS RELEASES!](https://i.imgur.com/R9DSwjk.png))**
###### **([CLICK HERE FOR NEXT WEEK'S HIGHEST VOLATILITY EARNINGS RELEASES!](https://i.imgur.com/tWCRcgh.png))**
###### **([CLICK HERE FOR THE MOST NOTABLE EARNINGS RELEASES FOR THE MONTH OF APRIL 2020!](https://i.imgur.com/wlvhXbo.jpg))**

*****

Below are some of the notable companies coming out with earnings releases this upcoming trading week ahead which includes the date/time of release &amp; consensus estimates courtesy of Earnings Whispers:

*****

&gt; # ***Monday 4.6.20 Before Market Open:***
&gt; ###### ([CLICK HERE FOR MONDAY'S PRE-MARKET EARNINGS TIME &amp; ESTIMATES!](https://i.imgur.com/u3ksVoC.png))


&gt; # ***Monday 4.6.20 After Market Close:*** 
&gt; ###### ([CLICK HERE FOR MONDAY'S AFTER-MARKET EARNINGS TIME &amp; ESTIMATES!]())
NONE.


*****

&gt; # ***Tuesday 4.7.20 Before Market Open:***
&gt; ###### ([CLICK HERE FOR TUESDAY'S PRE-MARKET EARNINGS TIME &amp; ESTIMATES!](https://i.imgur.com/qk84hIe.png))

&gt; # ***Tuesday 4.7.20 After Market Close:*** 
&gt; ###### ([CLICK HERE FOR TUESDAY'S AFTER-MARKET EARNINGS TIME &amp; ESTIMATES!](https://i.imgur.com/5AldLfn.png))

*****

&gt; # ***Wednesday 4.8.20 Before Market Open:*** 
&gt; ###### ([CLICK HERE FOR WEDNESDAY'S PRE-MARKET EARNINGS TIME &amp; ESTIMATES!](https://i.imgur.com/fgL4Q6s.png))

&gt; # ***Wednesday 4.8.20 After Market Close:*** 
&gt; ###### ([CLICK HERE FOR WEDNESDAY'S AFTER-MARKET EARNINGS TIME &amp; ESTIMATES!](https://i.imgur.com/ZFG4TUC.png))

*****

&gt; # ***Thursday 4.9.20 Before Market Open:*** 
&gt; ###### ([CLICK HERE FOR THURSDAY'S PRE-MARKET EARNINGS TIME &amp; ESTIMATES!](https://i.imgur.com/HZZpM1p.png))

&gt; # ***Thursday 4.9.20 After Market Close:*** 
&gt; ###### ([CLICK HERE FOR THURSDAY'S AFTER-MARKET EARNINGS TIME &amp; ESTIMATES!]())
NONE.

*****

&gt; # ***Friday 4.10.20 Before Market Open:*** 
&gt; ###### ([CLICK HERE FOR FRIDAY'S PRE-MARKET EARNINGS TIME &amp; ESTIMATES!]())
NONE.

*****

&gt; # ***Friday 4.10.20 After Market Close:***
&gt; ###### ([CLICK HERE FOR FRIDAY'S AFTER-MARKET EARNINGS TIME &amp; ESTIMATES!]())
NONE.

*****

# Simply Good Foods Company $18.77
&gt; **Simply Good Foods Company (SMPL)** is confirmed to report earnings at approximately 7:00 AM ET on Monday, April 6, 2020. The consensus earnings estimate is $0.18 per share on revenue of $219.69 million and the Earnings Whisper ® number is $0.20 per share. Investor sentiment going into the company's earnings release has 53% expecting an earnings beat. Consensus estimates are for year-over-year earnings growth of 20.00% with revenue increasing by 77.46%. Short interest has increased by 43.4% since the company's last earnings release while the stock has drifted lower by 30.4% from its open following the earnings release to be 26.0% below its 200 day moving average of $25.37. Overall earnings estimates have been revised higher since the company's last earnings release. On Wednesday, March 25, 2020 there was some notable buying of 3,763 contracts of the $20.00 call expiring on Friday, April 17, 2020. Option traders are pricing in a 17.7% move on earnings and the stock has averaged a 4.3% move in recent quarters.

&gt; #([CLICK HERE FOR THE CHART!](http://elite.finviz.com/chart.ashx?t=SMPL&amp;ty=c&amp;ta=st_c,sch_200p,sma_50,sma_200,sma_20,sma_100,bb_20_2,rsi_b_14,macd_b_12_26_9,stofu_b_14_3_3&amp;p=d&amp;s=l))

*****

# Conn's, Inc. $3.33
&gt; **Conn's, Inc. (CONN)** is confirmed to report earnings at approximately 6:00 AM ET on Thursday, April 9, 2020. The consensus earnings estimate is $0.35 per share on revenue of $412.61 million and the Earnings Whisper ® number is $0.33 per share. Investor sentiment going into the company's earnings release has 65% expecting an earnings beat The company's guidance was for revenue of $394.00 million to $411.00 million. Consensus estimates are for earnings to decline year-over-year by 63.54% with revenue decreasing by 4.71%. Short interest has increased by 23.6% since the company's last earnings release while the stock has drifted lower by 77.8% from its open following the earnings release to be 80.3% below its 200 day moving average of $16.86. Overall earnings estimates have been revised lower since the company's last earnings release. Option traders are pricing in a 25.5% move on earnings and the stock has averaged a 16.7% move in recent quarters.

&gt; #([CLICK HERE FOR THE CHART!](http://elite.finviz.com/chart.ashx?t=CONN&amp;ty=c&amp;ta=st_c,sch_200p,sma_50,sma_200,sma_20,sma_100,bb_20_2,rsi_b_14,macd_b_12_26_9,stofu_b_14_3_3&amp;p=d&amp;s=l))

*****

# Levi Strauss &amp; Co. $9.51
&gt; **Levi Strauss &amp; Co. (LEVI)** is confirmed to report earnings at approximately 4:15 PM ET on Tuesday, April 7, 2020. The consensus earnings estimate is $0.35 per share on revenue of $1.47 billion and the Earnings Whisper ® number is $0.37 per share. Investor sentiment going into the company's earnings release has 6% expecting an earnings beat. Consensus estimates are for earnings to decline year-over-year by 7.89% with revenue increasing by 2.48%. Short interest has increased by 37.2% since the company's last earnings release while the stock has drifted lower by 51.6% from its open following the earnings release to be 47.1% below its 200 day moving average of $17.97. Overall earnings estimates have been revised lower since the company's last earnings release. The stock has averaged a 6.0% move on earnings in recent quarters.

&gt; #([CLICK HERE FOR THE CHART!](http://elite.finviz.com/chart.ashx?t=LEVI&amp;ty=c&amp;ta=st_c,sch_200p,sma_50,sma_200,sma_20,sma_100,bb_20_2,rsi_b_14,macd_b_12_26_9,stofu_b_14_3_3&amp;p=d&amp;s=l))

*****

# Greenbrier Companies Inc. $13.12
&gt; **Greenbrier Companies Inc. (GBX)** is confirmed to report earnings at approximately 6:00 AM ET on Tuesday, April 7, 2020. The consensus earnings estimate is $0.29 per share on revenue of $800.03 million and the Earnings Whisper ® number is $0.25 per share. Investor sentiment going into the company's earnings release has 35% expecting an earnings beat. Consensus estimates are for year-over-year earnings growth of 31.82% with revenue increasing by 21.46%. Short interest has increased by 93.0% since the company's last earnings release while the stock has drifted lower by 57.6% from its open following the earnings release to be 50.9% below its 200 day moving average of $26.74. Overall earnings estimates have been revised higher since the company's last earnings release. On Thursday, April 2, 2020 there was some notable buying of 544 contracts of the $10.00 put expiring on Friday, June 19, 2020. Option traders are pricing in a 21.9% move on earnings and the stock has averaged a 6.2% move in recent quarters.

&gt; #([CLICK HERE FOR THE CHART!](http://elite.finviz.com/chart.ashx?t=GBX&amp;ty=c&amp;ta=st_c,sch_200p,sma_50,sma_200,sma_20,sma_100,bb_20_2,rsi_b_14,macd_b_12_26_9,stofu_b_14_3_3&amp;p=d&amp;s=l))

*****

# AngioDynamics $9.63
&gt; **AngioDynamics (ANGO)** is confirmed to report earnings at approximately 7:00 AM ET on Tuesday, April 7, 2020. The consensus estimate is for a loss of $0.03 per share on revenue of $68.43 million and the Earnings Whisper ® number is ($0.04) per share. Investor sentiment going into the company's earnings release has 30% expecting an earnings beat. Consensus estimates are for earnings to decline year-over-year by 115.79% with revenue decreasing by 20.74%. Short interest has decreased by 9.7% since the company's last earnings release while the stock has drifted lower by 43.7% from its open following the earnings release to be 39.5% below its 200 day moving average of $15.93. Overall earnings estimates have been revised lower since the company's last earnings release. On Tuesday, March 24, 2020 there was some notable buying of 1,450 contracts of the $12.50 call expiring on Friday, April 17, 2020. Option traders are pricing in a 18.4% move on earnings and the stock has averaged a 8.2% move in recent quarters.

&gt; #([CLICK HERE FOR THE CHART!](http://elite.finviz.com/chart.ashx?t=ANGO&amp;ty=c&amp;ta=st_c,sch_200p,sma_50,sma_200,sma_20,sma_100,bb_20_2,rsi_b_14,macd_b_12_26_9,stofu_b_14_3_3&amp;p=d&amp;s=l))

*****

# RPM International Inc. $56.94
&gt; **RPM International Inc. (RPM)** is confirmed to report earnings at approximately 6:45 AM ET on Wednesday, April 8, 2020. The consensus earnings estimate is $0.20 per share on revenue of $1.18 billion and the Earnings Whisper ® number is $0.18 per share. Investor sentiment going into the company's earnings release has 36% expecting an earnings beat The company's guidance was for earnings of $0.17 to $0.23 per share. Consensus estimates are for year-over-year earnings growth of 42.86% with revenue increasing by 3.45%. Short interest has decreased by 16.9% since the company's last earnings release while the stock has drifted lower by 25.1% from its open following the earnings release to be 17.1% below its 200 day moving average of $68.67. Overall earnings estimates have been revised lower since the company's last earnings release. Option traders are pricing in a 11.9% move on earnings and the stock has averaged a 3.1% move in recent quarters.

&gt; #([CLICK HERE FOR THE CHART!](http://elite.finviz.com/chart.ashx?t=RPM&amp;ty=c&amp;ta=st_c,sch_200p,sma_50,sma_200,sma_20,sma_100,bb_20_2,rsi_b_14,macd_b_12_26_9,stofu_b_14_3_3&amp;p=d&amp;s=l))

*****

# SMART Global Holdings, Inc. $20.67
&gt; **SMART Global Holdings, Inc. (SGH)** is confirmed to report earnings at approximately 4:05 PM ET on Tuesday, April 7, 2020. The consensus earnings estimate is $0.50 per share on revenue of $268.40 million and the Earnings Whisper ® number is $0.47 per share. Investor sentiment going into the company's earnings release has 57% expecting an earnings beat The company's guidance was for earnings of $0.45 to $0.55 per share on revenue of $265.00 million to $275.00 million. Consensus estimates are for earnings to decline year-over-year by 34.21% with revenue decreasing by 11.73%. Short interest has increased by 22.1% since the company's last earnings release while the stock has drifted lower by 41.2% from its open following the earnings release to be 30.3% below its 200 day moving average of $29.64. Overall earnings estimates have been revised lower since the company's last earnings release. Option traders are pricing in a 16.6% move on earnings and the stock has averaged a 14.3% move in recent quarters.

&gt; #([CLICK HERE FOR THE CHART!](http://elite.finviz.com/chart.ashx?t=SGH&amp;ty=c&amp;ta=st_c,sch_200p,sma_50,sma_200,sma_20,sma_100,bb_20_2,rsi_b_14,macd_b_12_26_9,stofu_b_14_3_3&amp;p=d&amp;s=l))

*****

# Lindsay Manufacturing Co. $85.46
&gt; **Lindsay Manufacturing Co. (LNN)** is confirmed to report earnings at approximately 6:45 AM ET on Tuesday, April 7, 2020. The consensus earnings estimate is $0.49 per share on revenue of $113.67 million and the Earnings Whisper ® number is $0.40 per share. Investor sentiment going into the company's earnings release has 40% expecting an earnings beat. Consensus estimates are for year-over-year earnings growth of 2,350.00% with revenue increasing by 4.11%. Short interest has decreased by 29.6% since the company's last earnings release while the stock has drifted lower by 13.4% from its open following the earnings release. Overall earnings estimates have been revised lower since the company's last earnings release.

&gt; #([CLICK HERE FOR THE CHART!](http://elite.finviz.com/chart.ashx?t=LNN&amp;ty=c&amp;ta=st_c,sch_200p,sma_50,sma_200,sma_20,sma_100,bb_20_2,rsi_b_14,macd_b_12_26_9,stofu_b_14_3_3&amp;p=d&amp;s=l))

*****

# MSC Industrial Direct Co. Inc. $54.32
&gt; **MSC Industrial Direct Co. Inc. (MSM)** is confirmed to report earnings at approximately 6:30 AM ET on Wednesday, April 8, 2020. The consensus earnings estimate is $0.98 per share on revenue of $789.46 million and the Earnings Whisper ® number is $1.00 per share. Investor sentiment going into the company's earnings release is for earnings to come in-line with estimates The company's guidance was for earnings of $0.97 to $1.03 per share on revenue of $781.00 million to $798.00 million. Consensus estimates are for earnings to decline year-over-year by 20.97% with revenue decreasing by 4.08%. Short interest has decreased by 56.0% since the company's last earnings release while the stock has drifted lower by 30.1% from its open following the earnings release to be 22.7% below its 200 day moving average of $70.32. Overall earnings estimates have been revised lower since the company's last earnings release. Option traders are pricing in a 9.3% move on earnings and the stock has averaged a 2.6% move in recent quarters.

&gt; #([CLICK HERE FOR THE CHART!](http://elite.finviz.com/chart.ashx?t=MSM&amp;ty=c&amp;ta=st_c,sch_200p,sma_50,sma_200,sma_20,sma_100,bb_20_2,rsi_b_14,macd_b_12_26_9,stofu_b_14_3_3&amp;p=d&amp;s=l))

*****

# Shaw Communications Inc. $15.62
&gt; **Shaw Communications Inc. (SJR)** is confirmed to report earnings at approximately 9:00 PM ET on Thursday, April 9, 2020. The consensus earnings estimate is $0.25 per share on revenue of $1.05 billion and the Earnings Whisper ® number is $0.20 per share. Investor sentiment going into the company's earnings release has 53% expecting an earnings beat. Consensus estimates are for year-over-year earnings growth of 8.70% with revenue increasing by 6.24%. The stock has drifted lower by 22.7% from its open following the earnings release to be 19.3% below its 200 day moving average of $19.36. Overall earnings estimates have been revised lower since the company's last earnings release. Option traders are pricing in a 13.8% move on earnings and the stock has averaged a 1.8% move in recent quarters.

&gt; #([CLICK HERE FOR THE CHART!](http://elite.finviz.com/chart.ashx?t=SJR&amp;ty=c&amp;ta=st_c,sch_200p,sma_50,sma_200,sma_20,sma_100,bb_20_2,rsi_b_14,macd_b_12_26_9,stofu_b_14_3_3&amp;p=d&amp;s=l))

*****

# DISCUSS!

What are you all watching for in this upcoming trading week?

*****

I hope you all have a wonderful weekend and a great trading week ahead r/wallstreetbets.",0,https://www.reddit.com/r/wallstreetbets/comments/fuvglk/wall_street_week_ahead_for_the_trading_week/
2020-04-01 5:16:43,SEC Extended 1st Quarter Reporting by 45 Days,"SEC  extends deadline to provide certain disclosures, such as earnings, by 45 days, so MarketWatch asked all 30 Dow components their plans.  The Securities and Exchange Commission  will allow companies to delay reporting earnings, if needed, but that doesn't mean any of them will.  The  SEC  said last week that [it would extend the deadline](https://www.sec.gov/news/press-release/2020-74) for companies to provide certain disclosure reports by 45 days, given business disruptions resulting from the COVID-19 pandemic. The companies requesting delays just have to provide a summary of why an extension is needed for each report, the  SEC  said. Read [MarketWatch's Coronavirus update](http://www.marketwatch.com/story/coronavirus-update-803650-cases- 39033-deaths-and-white-house-expected-to-release-models-showing-trajectory-of-illness-2020-03-31).  Some of the companies within the Dow Jones Industrial Average have already issued press releases stating when their earnings reports will be released. But as many companies have withdrawn financial guidance, given difficulties in assessing the potential impact of the coronavirus health crisis, they can still look to push back releasing those reports.  Don't miss: First-half earnings are a bust as coronavirus stops companies in their tracks. Will the second-half be better? [It depends](http://www.marketwatch.com/story/first-half-earnings-are-a-bust-as-coronavirus-stops-companies-in- their-tracks-will-the-second-half-be-better-it-depends-2020-03-26).  MarketWatch asked all 30 Dow companies whether they would take advantage of the added flexibility in reporting results.  Here is what the companies that responded said (in alphabetical order):

 American Express Co. .(AXP)  
 American Express  is scheduled to report first-quarter first-quarter results on  April 24 .  
""We are still focused **on 4/24** as a date,"" said  Marina Norville , vice president of corporate affairs and communications.

 Caterpillar Inc. .(CAT)  
(CAT)"" Caterpillar's  first-quarter earnings will be released on **April 28, 2020**  as stated in the company's recent press release issued  March 26, 2020 ,"" said  Kate Kenny , corporate media manager at  Caterpillar , in an emailed response.

 Chevron Corp. .(CVX)  
(CVX) Chevron  is projected to report first-quarter results **on or about  April 24**, according to FactSet, after reporting result on  April 26  a year ago.
""We are planning to report our earnings following a similar schedule and process as we have done in the past,"" said  Sean Comey , senior adviser--external affairs at  Chevron .

 Cisco Systems Inc. .(CSCO)  
 **Cisco  lists  May 13**  as the date for fiscal third-quarter results on its investor-relations website.
""We have no plans to change our timing,"" a  Cisco  spokesman said.

 Coca-Cola Co. .(KO)   
(KO)Coca-Cola is projected to report first-quarter results on or about  April 28 , according to FactSet, after reporting results on  April 23  a year ago  
A company spokesperson said there was ""**no additional information to share at this time.**""

 Dow Inc. .(DOW)  
(DOW)Dow said it would report first-quarter results on  April 30  
""Consistent with our normal quarterly reporting process, our 10-Q is expected to file shortly thereafter,"" a spokesperson said.
A year ago, the company reported first-quarter results **on  May 2 , and filed its 10-Q on  May 3**.

 Exxon Mobil Corp. .(XOM)  
(XOM)""We're still planning to issue a press release and hold an earnings call **on  May 1**,"" a spokesperson said in an emailed statement  
A year ago, the company reported first-quarter results on  April 26  and filed its 10-Q on  May 2 .

Goldman Sachs Group Inc..(GS)  
Goldman is scheduled to report first-quarter results **on  April 15**  
A spokesperson said Goldman expects to report earnings ""as previously scheduled.""
A year ago, the company reported first-quarter results on  April 15 , and filed its 10-Q on  May 6 .

 Home Depot Inc. .(HD)  
 Home Depot  is expected to report fiscal first-quarter results on our about  May 19 , according to FactSet  
""**We haven't announced any changes in timing**,"" a company spokesperson said.
Last year, the company reported first-quarter earnings on  May 21  and filed the 10-Q on  May 29 .

 Intel Corp. .(INTC)  
Intel is scheduled to report first-quarter results **on  April 23**  
""Our timing has not changed,"" a spokesperson said.

 J.P. Morgan Chase &amp; Co. .(JPM)
(JPM) J.P. Morgan  is currently scheduled to report first-quarter results on  **April 14**.  
""We're on track to report as scheduled,"" a spokesperson said.

 Microsoft Corp. .(MSFT)  
 Microsoft  is projected to report fiscal third-quarter results on  April 23 , according to FactSet, after reporting last year's third-quarter results on  April 24 .
The company said it **didn't have anything to share** about the timing of its coming earnings report.

 Travelers Companies Inc. .(TRV)  
Travelers said on  March 9  that it will review first-quarter results **on  April 21**  
""As of right now, we are still on a schedule,"" a spokesperson said.

 Verizon Communications Inc. .(VZ)  
Verizon said earlier in March that it will conduct its first-quarter earnings call  **April 24**.  
""We have no plans to change our timing,"" said a company spokesperson said in an emailed statement.

 Walgreens Boots Alliance Inc. .(WBA)  
 Walgreens  (WBA) said on  March 2  that it will report fiscal second-quarter earnings **on  April 2**.  
A spokesperson for the company said, ""WBA has not changed its earnings date.""

The following companies **did not immediately respond** to a request for comment:

 3M Co. .(MMM)  
**Apple Inc. .(AAPL).**  
 **Boeing Co. .(BA).**  
 International Business Machines Corp..(IBM)   
 Johnson &amp; Johnson (JNJ).  
 McDonald's  Corp..(MCD).  
 Merck &amp; Co. Inc. .(MRK).  
 Nike Inc. .(NKE).  
 Pfizer Inc. .(PFE).  
 Procter &amp; Gamble Co. .(PG).  
 **UnitedHealth Group Inc. .(UNH).**  
 United Technologies Corp. .( UTX ).  
 Visa Inc. .(V).  
 Walmart Inc. .(WMT).  
 Walt Disney Co. .(DIS).  

 03-31-20   1748ET",-1,https://www.reddit.com/r/wallstreetbets/comments/fswdx8/sec_extended_1st_quarter_reporting_by_45_days/