,title,url,date,content,sentiment
0,The future is electric - J.P. Morgan,https://www.jpmorgan.com/insights/global-research/autos/future-is-electric,"Tue, 17 Nov 2020 08:00:00 GMT","This material is not a product of the Research Departments of J.P. Morgan and is not a research report. Unless otherwise specifically stated, any views or opinions expressed herein are solely those of the authors listed, and may differ from the views and opinions expressed by J.P. Morgan’s Research Departments or other departments or divisions of J.P. Morgan and its affiliates.RESTRICTED DISTRIBUTION: Distribution of these materials is permitted to investment banking clients of J.P. Morgan.Distribution of these materials to others is not permitted unless specifically approved by J.P. Morgan. These materials are for your personal use only. Any distribution, copy, reprints and/or forward to others is strictly prohibited. Information has been obtained from sources believed to be reliable but J.P. Morgan does not warrant its completeness or accuracy. Information herein constitutes our judgment as of the date of this material and is subject to change without notice. Actual events or conditions are unlikely to be consistent with, and may differ materially from, those assumed. Accordingly, actual results will vary and the variations may be material.This material is not intended as an offer or solicitation for the purchase or sale of any financial instrument. In no event shall J.P. Morgan be liable for any use by any party of, for any decision made or action taken by any party in reliance upon, or for any inaccuracies or errors in, or omissions from, the information contained herein and such information may not be relied upon by you in evaluating the merits of participating in any transaction. J.P. Morgan makes no representations as to the legal, tax or accounting consequences of a transaction. The recipient should consult their own legal, regulatory, investment, tax, accounting and other professional advisers as deemed necessary in connection with any purchase of a financial product. This material is for the general information of our clients and is a “solicitation” only as that term is used within CFTC Rule 1.71 and 23.605 promulgated under the U.S. Commodity Exchange Act. Questions regarding swap transactions or swap trading strategies should be directed to one of the Associated Persons of J.P. Morgan’s Swap Dealers.JPMorgan Chase and its affiliates do not provide tax, legal or accounting advice. This material has been prepared for informational purposes only, and is not intended to provide, and should not be relied on for, tax, legal or accounting advice. You should consult your own tax, legal and accounting advisors before engaging in any transaction.J.P. Morgan is a marketing name for investment banking businesses of JPMorgan Chase & Co. and its subsidiaries worldwide. Securities, syndicated loan arranging, financial advisory and other investment banking activities are performed by a combination of J.P. Morgan Securities LLC, J.P. Morgan Limited, J.P. Morgan Securities plc and the appropriately licensed subsidiaries of JPMorgan Chase & Co. in EMEA and Asia-Pacific. Lending, derivatives and other commercial banking activities are performed by JPMorgan Chase Bank, N.A. J.P. Morgan deal team members may be employees of any of the foregoing entities.",0
1,JP Morgan economists warn climate crisis is threat to human race - The Guardian,https://www.theguardian.com/environment/2020/feb/21/jp-morgan-economists-warn-climate-crisis-threat-human-race,"Fri, 21 Feb 2020 08:00:00 GMT","The world’s largest financier of fossil fuels has warned clients that the climate crisis threatens the survival of humanity and that the planet is on an unsustainable trajectory, according to a leaked document.The JP Morgan report on the economic risks of human-caused global heating said climate policy had to change or else the world faced irreversible consequences.The study implicitly condemns the US bank’s own investment strategy and highlights growing concerns among major Wall Street institutions about the financial and reputational risks of continued funding of carbon-intensive industries, such as oil and gas.JP Morgan has provided $75bn (£61bn) in financial services to the companies most aggressively expanding in sectors such as fracking and Arctic oil and gas exploration since the Paris agreement, according to analysis compiled for the Guardian last year.Its report was obtained by Rupert Read, an Extinction Rebellion spokesperson and philosophy academic at the University of East Anglia, and has been seen by the Guardian.The research by JP Morgan economists David Mackie and Jessica Murray says the climate crisis will impact the world economy, human health, water stress, migration and the survival of other species on Earth.“We cannot rule out catastrophic outcomes where human life as we know it is threatened,” notes the paper, which is dated 14 January.Drawing on extensive academic literature and forecasts by the International Monetary Fund and the UN Intergovernmental Panel on Climate Change (IPCC), the paper notes that global heating is on course to hit 3.5C above pre-industrial levels by the end of the century. It says most estimates of the likely economic and health costs are far too small because they fail to account for the loss of wealth, the discount rate and the possibility of increased natural disasters.The authors say policymakers need to change direction because a business-as-usual climate policy “would likely push the earth to a place that we haven’t seen for many millions of years”, with outcomes that might be impossible to reverse.“Although precise predictions are not possible, it is clear that the Earth is on an unsustainable trajectory. Something will have to change at some point if the human race is going to survive.”The investment bank says climate change “reflects a global market failure in the sense that producers and consumers of CO2 emissions do not pay for the climate damage that results.” To reverse this, it highlights the need for a global carbon tax but cautions that it is “not going to happen anytime soon” because of concerns about jobs and competitiveness.The authors say it is “likely the [climate] situation will continue to deteriorate, possibly more so than in any of the IPCC’s scenarios”.Without naming any organisation, the authors say changes are occurring at the micro level, involving shifts in behaviour by individuals, companies and investors, but this is unlikely to be enough without the involvement of the fiscal and financial authorities.Last year, analysis compiled for the Guardian by Rainforest Action Network, a US-based environmental organisation, found JP Morgan was one of 33 powerful financial institutions to have provided an estimated total of $1.9tn (£1.47tn) to the fossil fuel sector between 2016 and 2018.A JP Morgan spokesperson told the BBC the research team was “wholly independent from the company as a whole, and not a commentary on it”, but declined to comment further. The metadata on the pdf of the report obtained by Read said the document was created on 13 January and that the author of the file was Gabriel de Kock, an executive director at JP Morgan. The Guardian has approached the investment bank for comment.Pressure from student strikers, activist shareholders and divestment campaigners has prompted several major institutions to claim they will make the climate more of a priority. The business model of fossil fuel companies is also weakening as wind and solar become more competitive. Earlier this month, the influential merchant bank Goldman Sachs downgraded ExxonMobil from a “neutral” to a “sell” position. In January, BlackRock – the world’s biggest asset manager – said it would lower its exposure to fossil fuels ahead of a “significant reallocation of capital”.Environmental groups remain wary because huge sums are invested in petrochemical firms, but some veteran financial analysts say the tide is changing. The CNBC money pundit Jim Cramer shocked many in his field when he declared: “I’m done with fossil fuels. They’re done. They’re just done.” Describing how a new generation of pension fund managers was withdrawing support, he claimed oil and gas firms were in the death knell phase. “The world has turned on them. It’s actually happening kind of quickly. You’re seeing divestiture by a lot of different funds. It’s going to be a parade that says, ‘Look, these are tobacco. And we’re not going to own them,’” he said. “We’re in a new world.”",-1
2,Empowering People with Disabilities to Become Leaders And Drive Inclusion Forward - JPMorganChase,https://www.jpmorganchase.com/newsroom/stories/empowering-people-with-disabilities-jim-sinocchi,"Sat, 01 Aug 2020 07:00:00 GMT","In 2020, amid the COVID-19 pandemic and the ongoing struggle for racial equality in America, intersectionality became a powerful tool for addressing prejudice. Coined in 1989 by American lawyer and civil rights advocate Kimberlé Crenshaw, intersectionality explores how different aspects of a person's identity combine to create different modes of discrimination and privilege.But while society has focused its attention on a variety of prejudices—including race, ethnicity, religion, gender identity and sexual orientation—one form of discrimination has gotten far less scrutiny: Disability.The Stark FactsThis is a problem I've experienced firsthand: As head of JPMorgan Chase's Global Office of Disability Inclusion, I work to advance opportunities for employees with disabilities and show their amazing potential for leadership. On a personal level, though, I've also come face to face with this discrimination: I'm paralyzed from the chest down, and I live and work in a wheelchair. With the necessary accommodations, I've become a senior executive. I've had the opportunity to not only advocate for the disabled, but also demonstrate what we—as a group—can accomplish.Recent research released by the National Disability Institute (NDI) on Race, Ethnicity and Disability connects the dots on the impact of disability discrimination. NDI found “strikingly persistent disparities"" in employment, income production and net worth between people with and without disabilities.And, again, intersectionality plays a part: Those disparities grow even larger for Americans with disabilities who are Black, indigenous and Latinx. Additionally, NDI found that health and financial challenges posed by COVID-19 further widened this population's economic disparities.One of the Institute's conclusions was particularly eye-catching: “The simultaneous experiences of discrimination and lack of access to economic opportunity—due to racism and ableism—deserves urgent attention.""A Need for Action“Ableism"" is not a new problem. A form of discrimination and social prejudice against people with disabilities, it is based on the belief that “typical"" abilities are superior.It would be nice to say that the 1990 Americans with Disabilities Act eradicated ableism, but that's far from true. While the landmark civil rights legislation was transformative in many ways, the fight for equality is far from over.On July 26, 2020, the ADA's 30th anniversary, JPMorgan Chase hosted an employee webcast with disability rights activist Judy Heumann. Judy, a wheelchair rider like me, fought tirelessly to get the ADA passed and continues to champion equality for people with disabilities today.Despite the progress we've made in three decades, Judy noted the fundamental prejudice that many people carry when she said, “I think consciously or unconsciously, people—not all people, but many people—look at us and think, 'How would I live my life if I were like Judy or Jim?'""Judy nailed it with that remark. I have a full and productive life—regardless of my disability. I've been married more than 30 years to my wife, Maggie, who's able-bodied. She gave birth to our two children and, today, we are proud grandparents.While I was already in a wheelchair when we met, people often assume that Maggie wouldn't have chosen to marry a quadriplegic. I can't tell you how many times during the course of our marriage she's been asked “Was your husband in a car accident?,"" “When did he become paralyzed?,"" or my personal favorite, asked by a restaurant waiter: “What would HE like for dinner?""These people aren't being intentionally rude, but they're in unfamiliar terrain. Their comments are shaped by society's views of people who look different—or act or think differently.The Need for LeadersWhile stigmas are dissolving, they're not going away as quickly as we'd all like—and that's what we've set out to change at JPMorgan Chase.With support from our Chairman and CEO Jamie Dimon and his leadership team, the Office of Disability Inclusion was created in 2016. Since then, we've endeavored to make our business more inclusive for people with disabilities. We've standardized the way we deliver reasonable accommodations and assistive technology to our employees and job applicants; we take a proactive approach to find—and do business with—companies owned by people with disabilities; and we continue to work to make our workplaces, branches and public buildings fully accessible.Those examples are the result of our company's “Four A's"" strategy—an approach that focuses on attitude, accessibility, accommodations and assimilation. A methodical, results-driven roadmap is necessary if you're serious about making headway in this area.While our work continues to make JPMorgan Chase more inclusive, the people who are really driving game-changing results are our colleagues with disabilities. People like:Dana Randel: A business analyst with Chase Home Lending in Plano, Texas, Dana has been deaf since birth. She proposed an idea that drove the development of Chase's first retail banking branch that is fully integrated with technology that enables our deaf and hard-of-hearing customers to do business. Located on H Street in Washington, D.C., this branch is near Gallaudet University, one of the top institutions of higher learning for deaf students in the U.S.Lauren Oplinger: A vice president with J.P. Morgan Public Finance Sales in New York City, Lauren is legally blind. She covers bond funds, asset managers and money market funds for tax-exempt and taxable municipal bond products. Her managers say she has the energy of four people, demonstrates an overwhelming drive to succeed and unifies her entire group.Sandhya Thakkar: A team leader with Agency Lending in Mumbai, India, Sandhya is partially paralyzed on her left side. She came to J.P. Morgan because she wanted to grow and be challenged. Now she's leading a team, proving her skills and training new colleagues without being viewed differently because of her disability.Role models dispel myths about what individuals with disabilities can accomplish, and we are proud to have so many of them at JPMorgan Chase. To address ill-conceived notions and prove that people with disabilities are leaders, we've featured Dana, Lauren, Lee and Sandhya in a series of advertisements in CAREERS & the disABLED magazine, a leading resource for job hunters with disabilities.Finding the BestTalent comes in all sizes, shapes and forms. If you have the qualifications, you can be a leader, a trail blazer and an incredible manager.All you need is an equal opportunity to prove yourself.People with disabilities have to prove themselves every day because they're already at a disadvantage. A blind lawyer I know navigates New York City's streets—and subway system—without assistance. One of my deaf colleagues says her ability to analyze body language and other nonverbal cues proves to be an advantage in her work with our customers. Of course, as a lip reader, she's had to overcome an additional hurdle during COVID-19: Face masks.We need to tell these stories, and show that people with disabilities are overcoming challenges, because that's what leaders do. If we want to create more jobs and economic opportunity, then we need to capitalize on ability—and look beyond disability.As Judy Heumann puts it, “The business community needs to do a better job in establishing what we are able to do—by dispelling views of what people think we can't do because of whatever type of disability we have.""Here at JPMorgan Chase, we could not agree more.",0
3,JP Morgan Pledges $30 Billion To Help Remedy Racial Wealth Gap - Forbes,https://www.forbes.com/sites/isabeltogoh/2020/10/08/jp-morgan-pledges-30-billion-to-help-remedy-racial-wealth-gap/,"Thu, 08 Oct 2020 07:00:00 GMT","Topline JP Morgan Chase & Co, the nation’s biggest bank by assets, on Thursday pledged $30 billion over the next five years in its latest efforts to solve the racial wealth gap made worse by the Covid-19 crisis, and as banking institutions—in the midst of a renewed anti-racism movement—make steps to redress decades of racial wealth inequality that they helped create. Jamie Dimon, chief executive officer of JPMorgan Chase & Co., said in a statement on Thursday: ""Systemic racism is a tragic part of America’s history! Getty ImagesKey FactsAs part of the pledge, which includes existing spending, the bank committed $8 billion towards originating tens of thousands of mortgages for Black and Latinx households. The $30 billion will be split over five years and will also fund an additional 100,000 affordable housing units for the communities that need them the most. The lender also aims to provide thousands of loans to small businesses in Black, Latinx and minority owners, while investing millions into minority-owned banks, credit unions and community development financial institutions. Thursday’s announcement builds on the bank’s existing commitments and financial pledges made in recent months, including mentoring thousands of Black students over the next decade, making homeownership more accessible and affordable, and supporting civil rights efforts.Crucial Quote“Systemic racism is a tragic part of America’s history. We can do more and do better to break down systems that have propagated racism and widespread economic inequality, especially for Black and Latinx people. It’s long past time that society addresses racial inequities in a more tangible, meaningful way,” CEO Jamie Dimon said in a statement.Big Number$1.7 billion. Excluding banks, that’s the amount that corporate America had pledged to address racial injustice by June this year, Reuters estimates.Key BackgroundThe resurgence of anti-racism protests following a spate of Black people being killed at the hands of police, has renewed a spotlight on institutions that have historically worked against the advancement of racial equality. Following the death of George Floyd on Memorial Day, large swaths of corporate America quickly voiced their support for the Black Lives Matter movement and protests, but were faced with calls both internally and externally, to commit to deeper, more meaningful change, over empty platitudes. Banks have been on the frontline of this change and have been identified as having played a major role in fostering a racial wealth gap through discriminatory business and mortgage lending practices that persist to this day. JP Morgan itself paid out $55 million in 2017 to settle claims minority borrowers were charged higher rates, and $24 million to former Black staff from its wealth management unit over workspace discrimination in 2018, and as recently as January its private bank was rocked by claims Black customers and staff faced discrimination.TangentOther major U.S. banks have made their own pledges to tackle workplace diversity, or historical links to the slave trade. But JP Morgan's lending promise could have a far greater impact for financially disenfranchised communities. Even so the WSJ notes $30 billion over five years is a fraction of the bank's $190 billion mortgage book.Further ReadingCiti Pledges $1 Billion To Narrow The Racial Wealth Gap, Confront Wealth Inequality (Forbes)Five Big Ideas To Narrow The Racial Wealth Gap (Forbes)",0
4,JPMorgan Chase partners with fintech start-up Marqeta to launch 'virtual' credit cards - CNBC,https://www.cnbc.com/2020/07/28/jpmorgan-partners-with-marqeta-to-launch-virtual-credit-cards.html,"Tue, 28 Jul 2020 07:00:00 GMT","JPMorgan Chase is ditching plastic for some of its credit cards.The Wall Street giant's commercial cards team is partnering with Bay Area start-up Marqeta to launch digital-only credit cards. The new function will allow JPMorgan corporate cards to work in mobile wallets such as Apple Pay or Samsung Pay immediately — without having to wait for a physical version in the mail.""This is another way of getting virtual company cards into the hands of those who need them very quickly,"" John Skinner, head of commercial cards at JPMorgan, told CNBC in a phone interview. ""We know there's a need for this product — what Covid has taught us is that there's more use cases for this than we imagined.""This type of immediate, ""virtual"" card has historically been used for gig-economy, or contract workers who may need to pay expenses but wouldn't qualify for a corporate card. The digital version can also put certain spending parameters and per Diem totals, as well as restrictions on where an employee can spend.But as many Americans work from home during the pandemic, Skinner said it might also help those who don't have access to their offices, or primary address where a corporate card might normally arrive. Plus, the pandemic has accelerated the adoption of digital payments and contactless payments, upping the appeal for digital cards.Skinner said the feature will be available in early 2021, and only for commercial cards. He did not say if the bank has plans to expand to its Chase, consumer side.Marqeta provides the same technology for DoorDash and Instacart, which issue virtual cards to delivery workers to pay for groceries or takeout orders in person. Square also uses Marqeta for a virtual and physical debit card launched through Square Cash, and for a plastic business debit card it unveiled in January 2019.JPMorgan has a history of partnering with, and buying up fintech companies. It acquired Silicon Valley-based start-up WePay in December 2017. In this case, Marqeta chief revenue officer Omri Dahan said it would have taken years for the Wall Street giant to build a similar product in-house.""These big financial institutions are tied to the legacy systems that they've built on top of for years, it's hard for them to access modern technology,"" Dahan told CNBC. ""We are able to give them access to that, without a massive lift on their part.""Marqeta makes money in a similar way to incumbents Mastercard and Visa — by taking a percentage cut of every transaction from customers, and some software fees. The company would not comment on the financial details of the JPMorgan agreement.Marqeta recently raised $150 million from an undisclosed investor in May, doubling its valuation to $4.3 billion in just a few months. Other high-profile backers include Goldman Sachs, Visa Ventures, and PayPal alumni Max Levchin, according to PitchBook. The card company is reportedly seeking to hire investment bankers to advise on an IPO, Reuters reported earlier in July. A spokesperson for Marqeta declined to comment on plans to go public.",0
5,El Paso Electric's $4.3B sale to JPMorgan-tied fund completed; new CEO named - El Paso Times,https://www.elpasotimes.com/story/news/2020/07/29/el-paso-electric-sale-completed-to-jpmorgan-tied-fund/5532839002/,"Wed, 29 Jul 2020 07:00:00 GMT","The deal is finally done.El Paso Electric is no longer a publicly traded electric utility.It’s now owned by the JPMorgan Chase-tied Infrastructure Investments Fund, or IIF, which on June 1, 2019, agreed to buy the 117-year-old electric utility for $4.3 billion, including assuming $1.5 billion of the utility’s debt.The sale was completed Wednesday afternoon.El Paso Electric and IIF also named a new chief executive officer: Kelly Tomblin, who most recently served as CEO and president of INTREN LLC, an electric and natural gas utility contractor based in Illinois. A new company board also has been named.She replaces Adrian Rodriguez, the company's general counsel, who's been interim CEO since Aug. 1, 2019, after Mary Kipp left to head Puget Sound Energy in the Seattle area.""EPE plays a critical role in the communities they serve and I look forward to making this community my own,"" Tomblin said in a statement.The sale will bring multimillion-dollar paydays for several members of the utility’s old board of directors, and for some of the company’s executives. They will receive payments for El Paso Electric stock shares and stock awards that IIF bought for $68.25 a share, or about $2.8 billion, as part of the sale.Primer: What does El Paso Electric sale mean for customers, community?New York-based IIF is a $12.5 billion investment fund that buys companies, mostly in the energy industry.It took just over a year for the proposed sale to get approved by Texas, New Mexico, and federal regulators, and by the El Paso City Council.El Paso Electric has more than 436,000 customers in the El Paso and Las Cruces areas. IIF agreed to keep the company's headquarters in El Paso for as long as it owns the utility, and to keep the company's about 1,100 employees in place for at least five years.Community leaders react to saleTed Houghton Jr., an El Paso businessman who was an early critic of the deal, is now a supporter.A lot of changes were made in the original, proposed deal that now make the sale good for El Paso, he said in an email.El Paso Mayor Dee Margo said the sale is good for El Paso and EPE customers.“It provides financial stability to El Paso Electric while providing numerous economic incentives for attracting more jobs and investments,” Margo said in a statement. “The success of IIF’s purchase will not be based on rate increases, but on performance and growth.""But not everyone is happy.Texas state Sen. José Rodríguez, D-El Paso, who was a critic of the sale because of JPMorgan’s ties to IIF, said in an email: ""It remains to be seen how this (sale) will work out. There are two facts: 1) Prior to this deal, EPE reported no financial concerns necessitating a sale. 2) The purchasers went to great lengths to deny an affiliate relationship with JP Morgan at the federal level, but admitted to as much at the state level. On its face, this should concern all of us.""Members of the Sunrise El Paso environmental group were the most outspoken opponents of the sale, mostly because of IIF's ties to JP Morgan.Tyson Slocum, program director for Public Citizen, a consumer watchdog organization in Washington, D.C., was the first to raise questions and concerns about JPMorgan’s ties to IIF in filings with the Federal Energy Regulatory Commission.""A community has expectations that new corporate owners of essential services like electric utilities will be honest and forthright. But IIF has done neither, with its continued denials that the Wall Street bank JPMorgan Chase controls El Paso Electric,"" Slocum said in an email.DON'T MISS A BEAT on El Paso Electric's changes. Click here to subscribe.Slocum plans to continue to push the Federal Energy Regulatory Commission to deem JPMorgan a legal affiliate of IIF, which would have consequences for the bank, he said.IIF is advised and managed by JPMorgan Investment Management's Infrastructure Investments Group. In that role, it helps manage companies that IIF owns and operates. Employees in the JPMorgan group sit on IIF company boards.New board headed by New Jersey utility group veteranEPE’s new, 10-member board’s chairman is Frank Cassidy, who worked almost 40 years for Public Service Enterprise Group, a large electric and natural gas utility operator in Newark, New Jersey. He retired in 2007 as president and chief operating officer of PSEG Power, the group’s power producer.Three El Paso businessmen are on the new board, including two members of the company’s old board: Rick Francis, CEO of WestStar Bank, a large El Paso bank; Raymond Palacios, owner of new car dealerships in El Paso and Las Cruces, and a member of EPE’s old board since 2017; and Ed Escudero, founder and CEO of High Desert Capital, a business lender in El Paso, and member of the old EPE board since 2013.Two employees of JPMorgan’s Infrastructure Investments Group are on the new board: Andrew ""Landy"" Gilbert, managing director of the group, who helped steer IIF’s acquisition of El Paso Electric through the yearlong regulatory review process; and Kathleen Lawler, an executive director in the group.The other board members: Kathy Alexander, a lawyer with extensive experience in handling utility regulatory matters; Mike Jesanis, a board member of NiSource Inc., an Indiana utility holding company; Peter Kind, who worked as an investment banker for more than 30 years and a board member of IIF-owned SouthWest Water Co.; and Tomblin, the new El Paso Electric CEO.Nuclear Regulatory Commission finds no ownership problemsAlso, the U.S. Nuclear Regulatory Commission staff has determined that the sale poses no problems with possible foreign company control of El Paso Electric's part ownership in the Palo Verde nuclear plant in Arizona. The NRC in a July 17 letter asked El Paso Electric and IIF to provide information about possible foreign ownership in IIF companies tied to the utility's acquisition.In a July 28 letter, the NRC staff told El Paso Electric that the transfer of the Palo Verde license to IIF meets federal law requirements. The NRC approved the license transfer in March, but then had last-minute ownership questions.Vic Kolenc may be reached at 546-6421; vkolenc@elpasotimes.com; @vickolenc on Twitter.",0
6,Media consumption in the age of COVID-19 - J.P. Morgan,https://www.jpmorgan.com/insights/global-research/technology/media-consumption,"Fri, 01 May 2020 07:00:00 GMT","As a result of social distancing at home, consumers are spending more time online to virtually connect with others and stream entertainment. Alongside this shift in consumer behavior, industries are also adapting to the knock-on effects of the pandemic. Here, J.P. Morgan Research examines how at-home media consumption has changed since the outbreak.Non-stop newsOver the past few months information on the impact of coronavirus has unfolded at a dynamic rate, causing a sense of urgency to absorb as many headlines as possible – as often as possible. J.P. Morgan Research assumes the consumption of news coverage is at unprecedented levels across the internet and media sectors.For example, as users continue to look to social media for real-time information, Twitter recently announced that for Q1 2020, the average total of monetizable daily active users reached approximately 164 million, which is up 23 percent from last year. “The heightened news cycle tied to COVID-19 has significantly driven Twitter’s outsized number of daily active users beyond what we would typically expect for the first quarter,” says Doug Anmuth, Head of J.P. Morgan U.S. Internet Equity Research.Cable news channels have seen their ratings double over the past month, while The New York Times has also experienced record levels of engagement that is boosting subscriber levels beyond expectations, particularly with digital subscription revenue growth in the high teens. The uptick applies to television genres beyond the news and can be attributed to newly captivated at-home audiences. “Overall, we have seen a 10-20% growth in ratings for a majority of broadcast shows, which is atypical this time of year,” says Alexia Quadrani, Head of U.S. Media Equity Research. “Ratings usually drop once Daylight Savings Time arrives, since people prefer to spend time outdoors.”",-1
7,JP Morgan Chase admits to US market manipulation and agrees to pay $920m - The Guardian,https://www.theguardian.com/business/2020/sep/29/jpmorgan-chase-admits-spoofing-us-market-manipulation-pay-920m,"Tue, 29 Sep 2020 07:00:00 GMT","JP Morgan Chase has agreed to pay more than $920m and admitted to wrongdoing to settle federal US market manipulation investigations into its trading of metals futures and Treasury securities, the US authorities said on Tuesday.The landmark multi-agency settlement lifts a regulatory shadow that has hung over the bank for several years and marks a signature victory for the government’s efforts to clamp down on illegal trading in the futures and precious metals market.JP Morgan will pay $436.4m in fines, $311.7m in restitution and more than $172m in disgorgement, the Commodity Futures Trading Commission (CFTC) said on Tuesday, the biggest-ever settlement imposed by the derivatives regulator.According to the settlement, between 2009 and 2016 JPMorgan Treasury’s traders placed orders on one side of the market which they never intended to execute, to create a false impression of buy or sell interest that would raise or depress prices. The manipulative practice designed to create the illusion of demand or a lack of demand is known as “spoofing”.“The conduct of the individuals referenced in today’s resolutions is unacceptable and they are no longer with the firm,” said Daniel Pinto, co-president of JP Morgan and chief executive of the Corporate & Investment Bank.",-1
8,"Having a Mentor, Being a Mentor: Terrell's Story - JPMorganChase",https://www.jpmorganchase.com/newsroom/stories/having-a-mentor-being-a-mentor-terrell,"Fri, 25 Sep 2020 07:00:00 GMT","A Lifetime of ChallengesMy journey to JPMorgan Chase was not typical. Growing up in Mississippi prepared me for a lot of things, but the corporate world wasn't one of them.I had dealt with challenges before. My experiences had taught me that the knowledge you gain makes the journey worthwhile, but it isn't easy. While in college at Ole Miss, I had to work several jobs to keep myself enrolled. I had trouble keeping active semesters back-to-back, and ultimately chose to finish online, while working full-time.So, when I had the chance to become a contractor at the firm, I jumped on it, realizing that this opportunity could launch my career. But I didn't know how, until I attended the Black business resource group's (BOLD) career mobility panel and met my mentor, Peter.Finding a MentorWhile I understood the power of positive role models, I never could have guessed the profound impact a mentor could have. Peter took me under his wing and helped me see the various pathways to advancement at JPMorgan Chase.His perspective was invaluable—he had done this before. And, as a Black executive at the company, he showed me what it meant to be a leader. He was more than a role model; he gave me the intangible skills I needed to appropriately market myself and my skills.Sure enough, it worked: I earned my full-time position in March of 2015.Five years later, I'm a Business Management Associate for Corporate Client Banking and the former co-chairman of BOLD, where I led the professional development pillar.Passing It OnInspired by my relationship with Peter, I decided that I needed to pay it forward and joined The Fellowship Initiative (TFI), a JPMorgan Chase program that focuses on improving economic and social outcomes for Black and Latino men—as well as other young men of color—from low-income communities. Not that long ago I was struggling myself, so it seemed natural for me to try my hand on the other side of the equation.My mentee and I worked hard on goal-setting, prioritization and confidence. As a young man of color working toward my MBA at Southern Methodist University, I could relate to his struggles. I stressed the importance of education and highlighted the power of mentorship.Mentorship has changed my life. It helped me create the foundation for my career and it allowed me to learn and pass that knowledge on to the next generation.When I think back about standing up in front of the crowd that day in Lewisville, I never could have imagined how it would change the trajectory of my life. And now, only five years later, I'm able to positively impact the next generation of leaders for years to come.",0
9,A debut transaction in Georgia - J.P. Morgan,https://www.jpmorgan.com/insights/banking/investment-banking/georgia-green-bond,"Thu, 06 Aug 2020 07:00:00 GMT","When Georgia Capital was looking to raise a corporate bond late last year for one of its portfolio companies, Georgia Global Utilities (GGU), its first and only call was to J.P. Morgan. The senior management of Georgia Capital, a holding company that invests in developing businesses across sectors in Georgia, has been a client for over a decade. J.P. Morgan has also maintained its market-leading position in Georgia, leading all 18 international bond transactions from the emerging economy since 2008Following a global “Zoom roadshow” targeting institutional investors across EMEA, the U.S. and Asia Pacific, the deal closed on July 30, with J.P. Morgan sole lead-managing GGU’s $250m 5NC2-year green bond offering, with a yield of 7.75%.“While it was a relatively small credit for the international capital markets, we have a strong relationship with Georgia Capital’s leadership team after years of executing a number of fixed income transactions, and we wanted to make this work for them,” says Ahmet Berkmen, Debt Capital Markets (DCM), Emerging Markets – EMEA. “Since their portfolio includes renewable energy and water utility companies, we believed that leaning into both the green and development finance angles would be the right strategy to broaden investor reach.”GGU is a water utility owned by Georgia Capital, and it is a regulated monopoly in the capital city of Tbilisi and the surrounding area. GGU provides water and wastewater services to 1.4 million residents—more than one-third of Georgia’s population—and also operates hydro power plants that provide a total capacity of 149 megawatts of renewable energy to its customers.To prepare GGU for its international capital markets debut, the DCM team advised Georgia Capital to combine its renewable energy and water utilities to help create a business of scale for international investors. Following the restructuring, J.P. Morgan helped GGU obtain its first-time credit ratings from Fitch and S&P. From there, the green bond qualification process took approximately one month, with J.P. Morgan working closely with Sustainalytics, which provides ESG research and ratings to investors.Though execution was underway, Stefan Weiler, DCM, Emerging Markets – EMEA, introduced J.P. Morgan’s new Development Finance Institution (DFI) to the transaction. “After hearing the DFI speak at our team’s offsite, we immediately understood the significant value it could bring and were excited to form a new partnership,” says Weiler.",1
10,The Mood at the IMF and World Bank Virtual Spring Meetings - J.P. Morgan,https://www.jpmorgan.com/insights/global-research/current-events/imf-world-bank-virtual-meeting,"Wed, 29 Apr 2020 07:00:00 GMT","This communication is provided for information purposes only. Please read J.P. Morgan research reports related to its contents for more information, including important disclosures. JPMorgan Chase & Co. or its affiliates and/or subsidiaries (collectively, J.P. Morgan) normally make a market and trade as principal in securities, other financial products and other asset classes that may be discussed in this communication.This communication has been prepared based upon information, including market prices, data and other information, from sources believed to be reliable, but J.P. Morgan does not warrant its completeness or accuracy except with respect to any disclosures relative to J.P. Morgan and/or its affiliates and an analyst's involvement with any company (or security, other financial product or other asset class) that may be the subject of this communication. Any opinions and estimates constitute our judgment as of the date of this material and are subject to change without notice. Past performance is not indicative of future results. This communication is not intended as an offer or solicitation for the purchase or sale of any financial instrument. J.P. Morgan Research does not provide individually tailored investment advice. Any opinions and recommendations herein do not take into account individual client circumstances, objectives, or needs and are not intended as recommendations of particular securities, financial instruments or strategies to particular clients. You must make your own independent decisions regarding any securities, financial instruments or strategies mentioned or related to the information herein. Periodic updates may be provided on companies, issuers or industries based on specific developments or announcements, market conditions or any other publicly available information. However, J.P. Morgan may be restricted from updating information contained in this communication for regulatory or other reasons. Clients should contact analysts and execute transactions through a J.P. Morgan subsidiary or affiliate in their home jurisdiction unless governing law permits otherwise.This communication may not be redistributed or retransmitted, in whole or in part, or in any form or manner, without the express written consent of J.P. Morgan. Any unauthorized use or disclosure is prohibited. Receipt and review of this information constitutes your agreement not to redistribute or retransmit the contents and information contained in this communication without first obtaining express permission from an authorized officer of J.P. Morgan.",0
11,The increasing importance of payment gateways in the growing digital economy - J.P. Morgan,https://www.jpmorgan.com/insights/payments/merchant-services/the-increasing-importance-of-payment-gateways-in-the-growing-digital-economy,"Tue, 15 Sep 2020 07:00:00 GMT","Welcome to the new normalThe need for an integrated, multichannel payments strategy is growing exponentially. Merchants that understand the need to respond to this paradigm shift in purchasing habits are moving quickly to diversify their channels: e-commerce merchants are opening physical locations, brick-and-mortar merchants are launching digital storefronts. And smartphones and other portable/wearable devices are driving channel convergence as many consumers seek to browse, research and purchase products on their phones, both in-store and remotely.In this environment, payment gateways are becoming increasingly important in payments infrastructure. They are the critical connection point needed to function in the now economy, allowing online shopping carts, point-of-sales systems and virtual terminals to connect to the payments process. If your gateway partner isn’t on the leading edge of functionality, scalability, speed and reliability, it may be time to change.We’ve prepared this overview of the J.P. Morgan Orbital Gateway to demonstrate the importance of a robust gateway platform and how you can take advantage of our industry-leading suite of tools to help increase revenue, lower your overall cost of payments and serve the widest possible audience—anytime, anywhere.",0
12,"In a buy-it-now world, global brands form partnerships to manage cost and complexity - J.P. Morgan",https://www.jpmorgan.com/insights/payments/acquiring-and-e-commerce/global-brands-form-partnerships-to-manage-cost-and-complexity,"Wed, 03 Jun 2020 07:00:00 GMT","Modern customers expect to buy what they want, via the channel they prefer, when they want and have it delivered to their desired location.Companies are being measured on their ability to provide this whatever-wherever-whenever shopping experience, and 85% of global executives surveyed by J.P. Morgan and Forbes say that payments are key to providing the best possible outcomes for customers.New payment models are proliferating along with new technology-driven business and delivery models. Their adoption will further explode with the broad implementation of 5G. Companies cannot survive without competitive business and delivery models, such as direct-to-consumer or e-commerce platforms.More than half of executives surveyed are either already using most of these differentiating business models or expecting to do so within the next three years. Among the surveyed business leaders, unattended checkout is expected to be the most widely adopted new payment experience (63%), followed by social commerce (61%), which is the use of social networks in the context of e-commerce transactions. Ranked as the third most popular is dynamic pricing, or the practice of varying the price for a product or service to reflect changing market conditions (60%).The customer wants her whatever-wherever-whenever payment experience to be smooth. Forty-five percent of the executives we surveyed, the biggest group, say that the most important feature of payments is for it to be easy, quick and frictionless. The top attribute that respondents say provides a competitive advantage is payments acceptance in all channels (69%).But what’s smooth for the customer can be anything but for the business that needs to deliver the experience. Just the opposite: To make the payment experience simple for their customers, companies frequently take on more complexity and cost.Therefore, as digital technology changes the way the world buys and pays, businesses need partners that can help them reduce the complexity that goes with providing payments that meet customers’ expectations.A business’s incoming payment flow can be fragmented when processing is managed by multiple payment providers. No wonder then that one of the top challenges that companies have with handling emerging payment options is integrating them with banking solutions. Thirty-eight of executives in our survey ranked the integration of payment and banking solutions as the top challenge.As businesses grow, aligning payment acceptance and cash management strategies can streamline cash flow, optimize liquidity and improve the efficiency of outbound payments. That means businesses need to align payments with their treasury and finance strategies and work with partners that can help them do so.",0
13,Fighting Payments Fraud Using Bank Services - J.P. Morgan,https://www.jpmorgan.com/insights/fraud/fraud-mitigation/fighting-payments-fraud-using-bank-services,"Tue, 01 Dec 2020 08:00:00 GMT","1. Payee and Dollar AmountBy using acetone or other chemicals, fraudsters erase or wash checks and then replace the payee name or alter the dollar amount.2. Checking Account NumberNewer technology allows fraudsters to create counterfeit checks using check stock and add your stolen account number.3. Account and Routing NumberFraudsters use the account and routing number to make electronic payments, such as a utility bill or online purchases. The payments will often be in small denominations that may go unnoticed but add up quickly. If you notice fraudulent activity on your account, report it immediately to your financial institution.Check Fraud ControlsJPMorgan Chase recently launched a new, self-enrolled digital hub to help small and midsized clients better protect their businesses and manage money safely with these enhanced fraud prevention tools:Check Protection Services (Chase Connect®) or Positive Pay (J.P. Morgan Access®): When you issue checks, you provide issuance details to the bank and then confirm or decline payment for things that don’t match your issuance information, such as the payee name, amount and check number.Check Monitoring (Chase Connect®) or Reverse Positive Pay (J.P. Morgan Access®): This process allows you to establish a specific amount threshold so any checks that exceed that amount are presented to you for payment confirmation.Post No Checks (PNC): Completely block any fraudulent checks from posting to accounts that do not issue checks. If you do not write checks against your account, PNC will block a check from being cashed against your account. Consider consolidating check writing to one bank account and adding PNC to the remaining accounts. Contact your Client Service Representative to set up PNC.ACH Fraud Prevention ToolsYour organization can set up additional ACH fraud prevention tools to help protect your accounts from electronic fraud:Cashflow360SM: Digitally automate and streamline your billing, payments and invoice processes, making them simpler and more secure. Allow your vendors to manage their own ACH payment information and outsource your check print services to securely print and mail checks. When you limit exposure of your account information by using electronic payment options, you limit the opportunities for misuse.ACH Debit Block: Specify which ACH debits can withdraw money from your account. This can be customized by amount and vendor as well as set user entitlements to limit which employees can set or change these rules. If someone does get hold of your account information, the block will stop any unauthorized electronic debits to your account.",0
14,Moving the fitness industry in a new direction - J.P. Morgan,https://www.jpmorgan.com/insights/global-research/technology/digital-fitness-industry,"Mon, 10 Feb 2020 08:00:00 GMT","The subscription economy flexes its musclesAs consumers become more health conscious, the global wellness market continues to rise and reached $4.2 trillion in 2017, according to the Global Wellness Institute (GWI). Additionally, GWI estimates that the physical activity economy reached $828 billion in 2018, and is expected to surpass $1.1 trillion by 2023. “In the U.S., fitness spend has grown high-single-digits each of the past five years, and increased during the last recession,” says Doug Anmuth, Head of J.P. Morgan U.S. Internet Research.This significant market opportunity has seen the introduction of at-home streaming fitness subscription platforms. “The move to subscription in the fitness industry reflects what we are seeing more broadly, as consumers move away from ownership in favor of recurring access,” said Anmuth. “The subscription model is here to stay. The key is to regularly refresh the content to create more value around that subscription.”Interactive fitness platform Peloton pioneered this shift with a unique model that aims to improve the experience through convenience and cost. The company’s investment in creating dynamic content has generated increased member engagement year-over-year. Non-cycling classes represented 35 percent of classes in 2019, an increase from 22 percent in 2018. Peloton’s programming continues to expand with the introduction of yoga, meditation, bootcamp and more, along with detailed performance metrics such as cadence, resistance and output. For consumers who do not own a Peloton Bike or Tread, a digital-only subscription is available that offers access to live and on-demand classes through personal devices.",1
15,Kongsberg automotive improves cash visibility and cuts interest expenses - J.P. Morgan,https://www.jpmorgan.com/insights/treasury/treasury-management/kongsberg-automotive-improves-cash-visibility-and-cuts-interest-expenses,"Mon, 07 Dec 2020 08:00:00 GMT","AboutFounded in Kongsberg, Norway but headquartered in Zurich, Kongsberg Automotive is a diversified automotive parts manufacturer, with production plants throughout the world.The challengeKongsberg Automotive (KA) required a significant overhaul of its treasury operations. As a business, it had limited visibility over the company’s daily cash movements, and little control over payments which made liquidity planning difficult across its different group entities (“Group”).Day-to-day treasury responsibilities were onerous and involved numerous administrative tasks—many of them manual. There was a clear need to transform treasury management to provide better cash visibility, more accurate cash flow forecasting, and tighter control over payments and liquidity.The main objective of the transformation was to establish the most efficient treasury function in the automotive parts sector. This meant a department focused on long-term value creation, which could act as a strategic business partner for the whole Group.",0
16,TSLA stock so cheap right now,https://www.reddit.com/r/wallstreetbets/comments/kah3ty/tsla_stock_so_cheap_right_now/,2020-12-10 10:20:38,"You all know about the greatest tech company TSLA, right? It's so damn cheap right now.

I mean they are taking over the world by their fleet of autonomous taxi, as Papa Elon said in 2019 that they would do it in 2020. Sure, we still see no autonomous Tesla taxi's, but since Papa Musk said, we can assume it has happened, right?

Yeah, I know you are a hater, you will say that their revenues almost all of it comes from selling low margin cars, but at least we can assume that within 2035 they will be the ONLY supplier and operator of autonomous taxi services, which will unlock so much tendies, that current valuation is irrelevant.

Sure, lawmakers will tax and vat the hell out of this kinds of services, so the margins would get eroded, but let's not get ahead of ourselves. Imagine big, then imagine even bigger, that's how big Tesla will be.

Oh, you are saying that people said the same thing about Cisco, Yahoo and Microsoft in dot-com bubble? But you do know that, Microsoft stock recovered from the crash in 2015? So, Tesla will of course recover within a day or two even if it crashes for any reason.

Oh, you are now saying it's a $500B company, and is even bigger than even Berkshire? Well, what does  Berkshire even do, except having about $100B+ in Apple stock, owning a battery manufacturer, chocolate company, railway company, bank stocks, pharmaceutical stocks and so many other things in the that they have a literal wikipedia list.

Now you are telling me that competitors can ACTUALLY make electric cars and compete with Tesla. To that I say, ""nah"".

What the hell are you shit-talking about Tesla's energy business? It is capturing some market from competitors; sure it's costly and costing Tesla a fortune and the entire margin in this whole thing will be TINY, but it's nothing compared to the potential, you know? Tesla can always issue stocks to ensure that they can keep on capturing market like that. You do realize that battery tech is one of Tesla's only strength right now? Even though batteries are supplied by LG and Panasonic mostly. This helps vertical integration.

You say vertical integration could lead to inflexibility and higher capex while providing comparatively low benefit and that's why all other companies avoid it? I don't know what to say, you are a hater. Believe in Elon.

What? The insurance business is worthless? I know Buffet himself said that in the long run insurance business will be a net zero-profit business, but don't get ahead of yourself. This will provide precious cash-flow which Tesla will surely need. And also who is Buffet again, Elon will go against the current in the insurance business and will generate billions of profit from this business, the economics of insurance business doesn't matter, he will make his own economics.

What, analyst what? Goldman Sachs and Ark are bullish on Tesla and have a very high price target, granted they have their conflict of interest just like J.P Morgan is trying to shit on Tesla for no apparent reason for their conflict of interest.

Other businesses? Well, count them as also very important, like at least $50B in valuation now, when Tesla stock quadruples, it will be worth $200B.

Are you trying to say that Tesla will not quadruple within the next year because it's already a $500B+ company? Nah, the market cap doesn't matter. The only thing that matters is the stock price. When Papa Elon splits the stock market cap will automatically double at least. And then the next split will help it quadruple.

You saying that they are worth more than the entire auto manufacturers in USA, Europe etc? Well they are auto company mostly(even though they have hundreds of similarly diversified business), but Tesla is a tech company, and when you are a tech company, valuation doesn't matter. Just look at Snowflake.

PS, PE, PEG? Are you a bean counter or what? Look at Snowflake, a TECH company, that's much more expensive compared to Tesla. And also, the matrics behind judging these things is only share price. If the share price is lower, the stock is cheaper, can you argue with that?

Also, you do know that SpaceX is going to help us go to Mars and colonize it. How much fucking trillions of dollar is it worth, heh? Plus, Boring company will make hyperloop and so many things. Plus Neuralink, remember??

You are just a hater.

Edit: trolls seems to be downvoting.",0
17,Just bumping a reply I made so more you can gain insight from it.,https://www.reddit.com/r/wallstreetbets/comments/k76sqe/just_bumping_a_reply_i_made_so_more_you_can_gain/,2020-12-05 7:40:38,"Don't rely on TA alone. The market sentiment was weak this week because of the SaaS sector earnings risks and the desire of hedge funds to get in cheaper for a second December rally. HOHOHO.

Salesforce got hammered to create enough delta for a gap up back to $250+ for accumilation. 

Snowflake couldn't stay down and its valuation is absurd, approxiamtely the size of IBM.

Palantir will retest $30 and breakout, just because SNOW did. ($370s) It's up to 2.5X PLTR market capitalization with half the revenue and an operating loss of 14 million. These SNOW investors paid up early for next year 2022. All the Warren Buffett hype and it's paid for WallStreet IPO client/Brokerage PR bias shilling (even by Cramer who won't support PLTR because of the Direct Listing model as an ex-hedge fund manager)

Facebook's underwriters were Morgan Stanley, J.P. Morgan, Goldman Sachs, Bank of America, Barclays and Allen &amp; Co. - and they fucked Facebook with a botched roadshow and  didn't say anything meaningful to shore up its 16 month share price collapse. 

They were too busy being bearish on FB and probably shorted it themselves, especially Goldman Sachs. 

Peter Thiel is a Director on the Facebook Board and remembers what low value paying $350 million for IPO offers.

Thiel and Karp dumped very cheap shares on the first trading day to provide liquidity and Wall Street was (by law very neutral but with a bearish vibe with chicken little risky risky!!!) 

This company would have been IPO listed at $35 a share, still making it much cheaper than the Snowflake IPO. But you can't withhold Wallstreet its tendie tribute. Thiel took it directly to the exchange. 

Meme stock or not, I'm disappointed to see the lack of faith in this company because of a broad market shakeout. $21 was a great entry point, but people expect to realize their ideal oversold wet dream. The Germans are bullish still calling it the next Tesla fairy-tale story. Karp is phil-German and speaks fluently while studying in Frankfurt for years and considers it his cultural homeland. Thiel is German American. So was Wernher Von Braun...*cough Elon Musk the South African/Canadian of Dutch ancestory. 

You chose your bets.

Check out this recent Welt article.

https://www.welt.de/finanzen/plus221449160/Palantir-Diese-Aktie-verspricht-ein-Boersen-Maerchen-wie-Tesla.html",0
18,"Why analyst ratings should be taken with a grain of salt, an analysis of J.P. Morgan's NKLA analyst Paul Coster",https://www.reddit.com/r/wallstreetbets/comments/k58lmi/why_analyst_ratings_should_be_taken_with_a_grain/,2020-12-02 7:48:04,"So, the GM MoU with NKLA gets published yesterday and the stock tanks.
This is the last coffin in the nail for NKLA, they are completely done for.

Yet, we hear our lord and savior Paul Coster say this,

{On Wall Street, two analysts who cover Nikola disagreed on what the scaled-down GM agreement means. J.P. Morgan analyst Paul Coster maintains an overweight rating on the stock.

""We think this is a positive outcome for Nikola over the medium to longer term, since the company can now focus on the core Class 8 truck initiative and avoid the distraction and [capital expenditures] associated with the Badger,"" Coster said in an investor note.}-[link.](https://pub.webull.com/us/news-html/3de4184e223f46448f8f09bdf66a2e4e.html?theme=2&amp;_v=1&amp;color=1&amp;hl=en&amp;sp=1&amp;_v=1&amp;theme=2&amp;color=1&amp;hl=en)

In October he said this,
{J.P. Morgan analyst Paul Coster calls it “a compelling strategy.”However, Coster also points out Nikola’s near-term success hinges on GM signing on the dotted line.“We think the GM partnership deal is the most important near-term catalyst,” Coster said. “Failure to consummate the GM deal would be a fatal blow for the Badger initiative, but a serious blow to the more important Truck initiative too, in our view. The fuel station partnership announcement is less important, in our view, though a potential validation of the company that could resonate with investors. Pending completion of the five Nikola Tre trucks could be a boost to credibility, obviously… For now, the GM partnership is a stress-test for the company.”Coster remains positive on Nikola and keeps an Overweight (i.e. Buy) rating along with a bullish $41 price target.}-[link.](http://www.shippipedia.com/nikola-stock-will-surge-70-from-current-levels-says-analyst/)
Did you just read that? He has a price target of $41. 

Again, what he said yesterday kinda completely contradicts with what he said in October.

2 years ago he have had such a [low rating(screenshot of a screenshot)](https://imgur.com/a/kTSmcxW) that I find it surprising that he has almost come to [3 stars.](https://www.tipranks.com/analysts/paul-coster)

Of course, he probably has inherent interest to see NKLA go above its current price. For this he doesn’t give a f**k if people buy into his arguments and jump on board on this stock.

I guess he wants just a dead cat bounce so that he could save his ass and make sure that retail investors become the ultimate bagholders of this company.

There are many other analysts like that in the Street and I don’t know how they remain in business for so long. But my main point is that be careful before you jump into a stock. 

Some of you probably just see an average analyst price target, see a stock is undervalued or overvalued and jump to trade it. I mean according to analyst estimates NKLA would be a kind of a good deal in this overvalued market. But we all know that this company's stock is ultimately going to $0(probably within next year).",0
19,C3.ai IPO same week as DASH,https://www.reddit.com/r/wallstreetbets/comments/k4cj6v/c3ai_ipo_same_week_as_dash/,2020-11-30 22:24:23,"**C3.AI**

Seems like a potential buy, any more information is welcome. Here is my DD.

Week of December 7th, 2020

NYSE Price range $31-$34, 15.5M Shares. Ticker “Ai”

Launched in 2008 by Tom Siebel. Siebel started Siebel systems and sold it to Oracle in 06 for $6bn. C3.AI software can read massive data and provide information to clients. They have a partnership with Microsoft, Bank of America, Koch Industries, AstraZeneca, U.S Air Force, Army Aviation, U.S Strategic Command from California.

Most recently valued at 3.3 BN. C3.AI research teams were awarded a $1m grant in April to develop mathematical models to predict COVID-19 spread. They have pledged to spend $367m over the next 5 years to find ways to slow the ongoing impact of COVID-19.

Underwriters are Morgan Stanley, J.P Morgan, and Bank of America.

Underwriters are offered an additional 2.33 million shares. Koch Industries has agreed to purchase $100m of common stock. Microsoft has agreed to buy $50m of common stock.

After IPO C3.ai will have roughly 99.2m shares ($33.20 share midpoint). Siebel will retain 72% of voting power after IPO.

Siebel was an executive at Oracle Corporation, CEO of Gain Technology, founder and CEO of Siebel Systems sold to Oracle. Other customers of C3.ai are

3M, Royal Dutch Shell, New York Power Authority

Has been listed in 2019 and 2020 CNBC “Disruptor List”

From wikipedia

“Enterprise AI software applies artificial intelligence methods, such as machine learning and neural networks, to solve complex analytical problems in commerce, industry, and government.\[26\] Organizations use enterprise AI software to increase efficiencies, reduce costs, and improve operations.\[27\] The US Air Force, for example, uses AI to predict engine failure in aircraft before a failure occurs in order to improve maintenance and increase aircraft readiness.\[24\]”

The company being valued at 3.08-3.3 BN goes down if the underwriters do not exercise their purchase option. Down by about 70-80m.

If you want the prospectus you can email;

prospectus-eq\_fi@jpmorganchase . com

From Investopedia

“A prospectus includes some of the following information:

* A brief summary of the company’s background and financial information
* The name of the company issuing the stock
* The number of shares
* Type of securities being offered
* Whether an offering is public or private
* Names of the company’s principals

Names of the banks or financial companies performing the underwriting”

&amp;#x200B;

TL;DR

AI Company with thicc clients debut's around $31-$34 a share in or around dec 7th. Some dude named Siebel founded it, seems legit. Know anything? Pls share.",0
20,"Which one of you got put in charge of the largest U.S Pension? CALPERS buys hundreds of thousands of shares in NKLA, NIO, and ZM",https://www.reddit.com/r/wallstreetbets/comments/juufzo/which_one_of_you_got_put_in_charge_of_the_largest/,2020-11-15 16:58:06,"The largest public pension in the U.S. by assets increased its bets on makers of electric vehicles, and a videoconferencing stock in the third quarter.

California Public Employees’ Retirement System, or Calpers, raised investments in Nikola ￼ (NKLA) and NIO ￼ (NIO) in the period, and nearly doubled an investment in Zoom Video Communications ￼ (ZM). It also edged up an investment in Tesla ￼ (TSLA). Calpers disclosed the stock trades, among others, in a form it filed with the Securities and Exchange Commission.

The pension, which manages nearly $400 billion in assets, declined to comment on the investment changes.

Calpers bought 205,792 more Nikola shares to end the third quarter with 261,546 shares of the maker of trucks powered by alternative fuels. The pension had bought in a volatile period for Nikola stock. Shares have fallen in the second half of 2020, plunging 70% in the third quarter alone, and slipping 3.4% so far in the fourth quarter.

A short seller’s report in September alleged Nikola management overstated its internally developed battery and fuel-cell capabilities. The company disputed the report and called it misleading. Another negative report in November alleged that Nikola had considered using customers’ deposits to fund Nikola One, a truck in development that will be powered by hydrogen fuel cells. Nikola also denied that allegation.

NIO, a Chinese maker of electric-powered vehicles, has seen its American depositary receipts multiply 11 times in value this year, and have more than doubled since the end of September. Those gains far outstrip the 11% year-to-date rise in the S&amp;P 500 index, a broad measure of the market. Since the end of September, the index has gained 6.6%.

J.P. Morgan issued a bullish note on NIO ADRs in mid-October, and the company’s deliveries were strong that month. We have noted that trading volume in NIO ADRs is at elevated levels.

Calpers bought 381,439 more NIO ADRs to end September with 2.3 million.

The pension also added 312,406 Zoom shares in the third quarter, lifting its investment to 653,764 shares.

Zoom stock has surged nearly 500% in 2020, including a 14% slide since the end of the third quarter.

The advent of Zoom and videoconferencing has left televisions behind, we have noted. The company announced in October that it will begin collecting communications taxes in certain states. Zoom stock slipped last week on a sign that a coronavirus vaccine could be available soon.

Calpers bought 38,373 additional Tesla shares in the third quarter to edge up its holdings to 1.69 million shares.

Tesla stock has rocketed nearly 400% this year through Friday’s close, including a 4.8% slip since the end of September.

The electric-vehicle giant’s earnings have been strong. There has been speculation Tesla stock could join the S&amp;P 500. Recently a prominent investor blamed a mania for Tesla stock for hurting his short position in the shares.

Source: https://www.newsbreak.com/news/2102889962897/largest-us-pension-bought-up-ev-stocks-nikola-and-nio-and-zoom",0
21,Just wanted to put on the radar Array Technologies (ARRY) IPO today,https://www.reddit.com/r/wallstreetbets/comments/jbtls6/just_wanted_to_put_on_the_radar_array/,2020-10-15 14:45:45,"Shares of Array Technologies Inc. ARRY, 54.00% charged out of the gate, as the first trade was 34% above where the upsized initial public offering priced. A total of 47.5 million shares were sold in the IPO, as the New Mexico-based maker of ground-mounting systems used in solar energy projects sold 7 million shares to raise $154 million and a selling shareholder sold 40.5 million shares. The IPO priced at $22, above the top of the expected range of $19 to $21. With about 127.0 million shares outstanding, the IPO pricing valued the company at about $2.79 billion. The selling shareholder, a parent entity of the company controlled by Oaktree Capital, has increased the amount it planned to sell a number of times, starting at 26.75 million shares on Oct. 7, to 38.00 million shares on Oct. 13 and to 40.50 million shares late Wednesday. For the six months ended June 30, the company recorded net income of $76.1 million on revenue of $552.6 million, after a net loss of $5.2 million on revenue of $255.4 million in the same period a year ago. Goldman Sachs, J.P. Morgan, Guggenheim Securities and Morgan Stanley were the lead underwriters. The company went public at a time of good demand for IPOs, as the Renaissance IPO ETF IPO, -1.41% has rallied 28.7% over the past three months while the S&amp;P 500 SPX, -0.45% has gained 7.3%.",0
22,Prologis Inc DD: The next big earnings jump,https://www.reddit.com/r/wallstreetbets/comments/j5q04d/prologis_inc_dd_the_next_big_earnings_jump/,2020-10-05 15:25:01,"So there's no need to really explain that Amazon is a big boi and that while you can still trade it for money, if you want astronomical gains on amazon in under a month you're out of luck since everyone has already played that fiddle to death.

And of course every idiot and their mother has pumped the amazon copy cats. No need to go over those, they've already meme'd out as much as possible. Most of these places have worst margins than amazon without the attached data and cloud components to subside the remainder of their operations. Sure they're decent companies doing insane amounts of business but I don't expect to see Wayfair go up another 15-30% anytime soon.

So how do we squeeze the remaining juice out of this E-Commerce trend? After all while alot of these companies have reached their peak evaluations, the market they've created hasn't and ecommerce will likely continue to grow for the rest of our lives.

Well let me introduce you to my little friend: Prologis

Amazon and all of these other companies need warehouse space bigly and Prologis has taken advantage of this the best they can. They've recently raised their warehouse rents on papa bezos by [over 20%](https://www.reuters.com/article/us-usa-stocks-warehouses/behind-those-amazon-prime-boxes-a-bull-market-in-warehouses-idUSKCN0Z92AK) while still growing their business. 

That same article I mentioned argues that this trend will continue due to a pretty interesting catalyst:

&gt; Some fund managers expect the rally to continue, in part because of a technical change by S&amp;P that will recognize real estate as its own sector, rather than a part of financials. That will require active U.S. equity fund managers - who have traditionally been underweight real estate - to buy more than $100 billion in real estate shares to reach a market neutral position, according to J.P. Morgan.  
&gt;  
&gt;“You’re going to see more adoption of REITs overall, especially on the part of managers who haven’t held the sector before, and they’re going to gravitate to what they know,” said Mike Underhill, portfolio manager at RidgeWorth Investments.  
&gt;  
&gt;Underhill estimates Prologis will be among the companies that see the largest inflows as a result of the change because of its connection to the more-familiar consumer discretionary sector.

So asides from the rent thing what does this have to do with earnings? Not as much. But keep in mind their next earnings report is October 20th. Not only will they report a blow out earnings as a result of a massive increase in their margins but they've also been preparing for it with a massive acquisition that happened last august of DCT, the fruits of which should just [start to ripen](https://www.prologis.com/logistics-industry-news/press-releases/prologis-completes-85-billion-acquisition-dct-industrial):

&amp;#x200B;

&gt;SAN FRANCISCO, Aug. 22, 2018 /PRNewswire/ -- Prologis, Inc. (NYSE: PLD), the global leader in logistics real estate, today announced it has completed its all-stock acquisition of DCT Industrial Trust Inc. (NYSE: DCT) for $8.5 billion, including the assumption of debt.  
&gt;  
&gt;In connection with the transaction, each share of DCT common stock was converted into 1.02 shares of Prologis common stock.  
&gt;  
&gt;The DCT portfolio is highly complementary to Prologis' existing portfolio in terms of product quality, location and growth potential. The DCT portfolio includes the following:  
&gt;  
&gt;71 million square foot owned and managed operating portfolio  
&gt;  
&gt;7.5 million square feet of development, redevelopment and value-added projects  
&gt;  
&gt;305 acres of land in pre-development with an estimated build-out potential of over 4.5 million square feet and 131 acres of land under contract, or option, with a build-out potential of over 1.6 million square feet

So tldr:  They are gonna benefit massively from the ecommerce boom and have some big catalysts coming up. They are gonna go up pretty nicely so get in on it now while it lasts! 

&amp;#x200B;

I'm gonna be buying the 105 November 20 calls whos gonna join me?",0
23,"DD on firms, analysts, their ratings and price targets for Nikola (NKLA)",https://www.reddit.com/r/wallstreetbets/comments/iu5lli/dd_on_firms_analysts_their_ratings_and_price/,2020-09-16 17:48:38,"More often than not, analysts get a lot of ratings and price targets wrong. A classic example is Goldman Sachs, that somehow always downgrades AAPL before earnings only for AAPL to smash earnings.  
  
Here is the analyst data on NKLA I collated for you to see. It's been a common consensus around these parts that NKLA is a scam masquerading as a public EV company. Burn the names of the following firms and analysts in your head. And set their opinions to IGNORE because they simply cannot do basic due diligence to not see the holes.  
  
JPM even had the gall to stand firm on their rating, causing NKLA to go up today: https://markets.businessinsider.com/news/stocks/nikola-stock-price-jpmorgan-analyst-defends-company-following-cfo-meeting-2020-9-1029595994#  
  
Even though the SEC and DOJ are starting to look into the murkiness in NKLA, these analysts have no shame in defending their ratings and price target.

Firm | Analyst | Rating | Price Target
:--:|:--:|:--:|:--:
RBC Capital | Joseph Spak | Sector Perform | $46.00
Wedbush | Daniel Ives | Neutral | $45.00
Deutsche Bank | Emmanuel Rosner | Hold | $54.00
J.P. Morgan | Paul Coster | Overweight | $45.00 
Cowen | Jeffrey Osborne | Outperform | $79.00  
  
Next time you see a tweet or a news article that involves the aforementioned analysts on some of the plays you are in (like Goldman Sachs for AAPL), just ignore or take it with a big pinch of salt.  
  
Seems like these analysts are like astrologers or palm readers. The scam is right before your eyes and still they remain bullish on NKLA.",0
24,$VVNT You didn't miss the train. Its picking up more steam.,https://www.reddit.com/r/wallstreetbets/comments/i9p3vd/vvnt_you_didnt_miss_the_train_its_picking_up_more/,2020-08-14 12:26:33,"So I've been posting about VVNT a lot, I tried to post early May but had to wait 30 days for my account to be old enough to post, and ever since it was I've been calling for VVNT. Read my old posts if you want the full picture, just gonna talk about new stuff now.

**Insider Buying again**

&amp;#x200B;

https://preview.redd.it/myrrbdlfrzg51.png?width=827&amp;format=png&amp;auto=webp&amp;s=e136f8ab3701f4b95246db92f37ed36b4ab85861

Last time after earnings, Peterson bought shares 3-4 days in a row early May. After a killer earnings, he is buying AGAIN after earnings. The stock price is currently BELOW where he just bought yesterday, take advantage. Last time he did this the stock went up \~70% since then.

**Bullish Analyst**

Paul Coster of J.P. Morgan just raised his price target from $22 to $30 after a ""fireside chat"" with the VVNT CEO, Todd Peterson. He then goes on to say he is overweight, and its his ""top pick"" within the applied tech sector, and he says it is a ""somewhat undiscovered growth stock""

Somewhat undiscovered, because you retards don't read my posts when I've been trying to tell you about VVNT for 2 months, and my predictions have been spot on so far. So why listen to Paul Coster? Well, [MarketWatch posted a cool graph](https://www.marketwatch.com/story/vivint-smart-homes-undiscovered-growth-stock-jumps-after-jp-morgan-calls-it-a-home-run-2020-08-13) to show you why:

&amp;#x200B;

https://preview.redd.it/xdoobz9hszg51.png?width=1218&amp;format=png&amp;auto=webp&amp;s=0cab3017b005e0e7fc2137d4fe15e61d60d0faa7

So that's about it guys. Not sure what Todd and Paul talked about during their chat, but the fact both are buying hella shares makes me think acquisition potential is back on the table, [as I have discussed before.](https://www.reddit.com/r/wallstreetbets/comments/hbinvp/potential_acquisition_target_vvnt/)

MY Positions:  VVNT $20c 2/19, VVNT 20c 11/20, VVNT 25c 11/20, 21,000 Warrants and 4200 shares.",0
25,Amazon about to lift off?,https://www.reddit.com/r/wallstreetbets/comments/i1fkip/amazon_about_to_lift_off/,2020-07-31 17:04:58,"Analysts have raised targets for AMZN across the board

Goldman Sachs raises price target to $4,200 from $3,800 

JMP Securities raises price target to $4,075 from $2,850 

J.P. Morgan raises price target to $4,050 from $3,000

Deutsche rasies price target to $4,000 from $3,333

UBS raises price target to $4,000 from $3,000 at UBS

Wells Fargo rasies price target to $3,900 from $3,600

DA Davidson raises price target to $3,800 from $2,625

Morgan Stanley raises price target to $3,750 from $3,450

Needham raises price target to $3,700 from $3,200 at Needham

Mizuho raises price target to $3,700 from $3,450 at Mizuho

Credit Suisse raises price target to $3,680 from $3,400

Benchmark riases price target to $3,675 from $2,650

MKM Partners raises price target to $3,650 from $3,350

MKM Partners raises price target to $3,600 from $3,400

Barclays raises price target to $3,530 from $3,430 at Barclays

Raymond James raises price target to $3,500 from $2,525

Oppenheimer raises price target to $3,500 from $2,700

Stifel raises price target to $3,500 from $3,300

KeyBanc raises price target to $3,500 from $3,285

Baird raises price target to $3,500 from $3,300

Excellent news here imo",0
26,Amazon about to lift off?,https://www.reddit.com/r/wallstreetbets/comments/i1fkip/amazon_about_to_lift_off/,2020-07-31 17:04:58,"Analysts have raised targets for AMZN across the board

Goldman Sachs raises price target to $4,200 from $3,800 

JMP Securities raises price target to $4,075 from $2,850 

J.P. Morgan raises price target to $4,050 from $3,000

Deutsche rasies price target to $4,000 from $3,333

UBS raises price target to $4,000 from $3,000 at UBS

Wells Fargo rasies price target to $3,900 from $3,600

DA Davidson raises price target to $3,800 from $2,625

Morgan Stanley raises price target to $3,750 from $3,450

Needham raises price target to $3,700 from $3,200 at Needham

Mizuho raises price target to $3,700 from $3,450 at Mizuho

Credit Suisse raises price target to $3,680 from $3,400

Benchmark riases price target to $3,675 from $2,650

MKM Partners raises price target to $3,650 from $3,350

MKM Partners raises price target to $3,600 from $3,400

Barclays raises price target to $3,530 from $3,430 at Barclays

Raymond James raises price target to $3,500 from $2,525

Oppenheimer raises price target to $3,500 from $2,700

Stifel raises price target to $3,500 from $3,300

KeyBanc raises price target to $3,500 from $3,285

Baird raises price target to $3,500 from $3,300

Excellent news here imo",0
27,new analyst puts $65 on MRNA says risk reward isnt worth it due to their pipeline outside of covid vaccine,https://www.reddit.com/r/wallstreetbets/comments/hwh7wy/new_analyst_puts_65_on_mrna_says_risk_reward_isnt/,2020-07-23 11:05:00,"thought id share two different news reports from TDA on a new analyst's call, both pretty much saying price has been set at $19, they cant charge more, this pricing does not support current valuation, put $65 on them instead

&amp;#x200B;

&amp;#x200B;

&amp;#x200B;

**Moderna Inc's** (NASDAQ:[MRNA](http://www.benzinga.com/stock/MRNA#NASDAQ))        coronavirus vaccine in development — mRNA-1273 — continues to inspire        confidence among [sell-side        analysts.](https://www.benzinga.com/analyst-ratings/analyst-color/20/05/16075154/moderna-analyst-says-coronavirus-vaccine-candidate-has-65-chance-of-success) 

**The Moderna Analyst:** SVB Leerink analyst [Mani        Foroohar](http://www.tipranks.com/analysts/mani-foroohar) initiated coverage of Moderna with a Market Perform rating        and $65 price target.     

**The Moderna Thesis:** The intense unmet need and the        political will to get one or more vaccines approved are likely to sway        regulators into showing substantial flexibility for vaccine candidates        against SARS-CoV-2, the virus that causes COVID-19, Foroohar said in a        Thursday initiation note. (See his track record [here](https://www.tipranks.com/analysts/mani-foroohar).)     

""As a result, odds of approval for MRNA-1273 and competing therapies are        high, even if pivotal clinical datasets show some inadequacies or        inconsistencies,"" the analyst said.      

Initial demand for the vaccine should be robust, he said.     

SVB Leerink's base case estimates are modestly above the consensus        for 2021.      

Medium- and long-term expectations are unlikely to be met unless Moderna        shows a best-in-class profile, Foroohar said.     

This is an unlikely proposition for Moderna, given its many competitors,        including big biopharma players pursuing mRNA strategies similar to        Moderna's, the analyst said.      

SVB Leerink also sees commoditization risk even in the face of excellent        data, as many companies are entering the market in a short time — and        considering the [early        price point ](https://www.benzinga.com/general/biotech/20/07/16730393/pfizer-biontech-to-supply-us-government-600m-doses-of-coronavirus-vaccine)implied by **Pfizer Inc.** (NYSE:[PFE](http://www.benzinga.com/stock/PFE#NYSE))/**BioNTech        SE's – ADR** supply agreement with the U.S. government.     

This scenario implies a price target of $19 per share attributable to        Moderna's vaccine program, Foroohar said.      

While being optimistic about Moderna's mRNA-1273, the analyst said he's        uncomfortable with Moderna's valuation, even after ascribing value to a        dozen programs, many of which are quite early.     

""Without major pipeline catalysts to counterbalance competitive risk to        MRNA-1273, we view risk/reward as unappealing at this valuation.""      

&amp;#x200B;

&amp;#x200B;

second report:

&amp;#x200B;

&amp;#x200B;

 

SVB Leerink analyst Mani Foroohar thinks that Moderna's        experimental Covid- 19 vaccine has ""high odds"" of receiving approval        from the Food and Drug Administration. But in a note out        Wednesday evening, he initiated coverage of the company with a rating of        Market Perform, saying that the stock's share rice already incorporates        an optimistic outlook about the vaccine's longer-term sales.     

""Consensus expectations in the medium- and long-term bake in aggressive        price and share assumptions, despite numerous competitors entering the        market,"" Foroohar wrote. ""We view the current valuation and expectations        as offering unattractive risk/reward to investors.""     

Foroohar initiated the stock at Market Perform, setting a price target        of $ 65. Moderna        (ticker: MRNA) shares closed Wednesday at $83.23, and        were down 1.8% in early trading Thursday. The stock price has climbed        325% so far this year, and 492% over the past 12 months.     

Moderna has a market capitalization of $32.2 billion,        and is by far the largest biopharmaceutical company by market        capitalization with no approved products. Yet Foroohar's take is, for        the time, a contrarian one:     

Of the 15 analysts who cover Moderna        tracked by FactSet, he is one of only three with Hold or Market Perform        ratings. The other 12 rate the stock Buy or Overweight.     

Another analyst with a cautious take, J.P. Morgan's Cory Kasimov,        downgraded the stock to Neutral from Overweight on Monday, citing        similar reasons to Foroohar.     

In his note, Foroohar compared the situation to when companies like        Gilead (GILD) introduced a new generation of hepatitis C drugs in 2014        and 2015. They enjoyed enormous sales for a year before effectively        exhausting the market.     

""Investors in the \[hepatitis C\] market recall the risk to pricing from        serial new entrants in viral disease markets with prominent government        payors,"" Foroohar wrote. ""With many companies entering the market in a        short time, and the early price point implied by \[ Pfizer and        BioNTech's\] supply agreement with the US government, commoditization        despite excellent data is a very real risk -- a scenario that implies a        PT of $19/share.""     

Yet Foroohar wrote that the stock wasn't a promising target for short        sellers, either, given his estimation that the Covid-19 vaccine will        likely receive FDA approval.     

""We are optimistic MRNA will play a role in combating a pandemic that        disproportionately impacts society's most vulnerable,"" he wrote. ""We        struggle to reach MRNA's current valuation, despite ascribing value to a        dozen programs, many quite early.""",0
28,Huge Opportunity NCLH,https://www.reddit.com/r/wallstreetbets/comments/htsw9b/huge_opportunity_nclh/,2020-07-18 22:16:49,"We going to the MOOON boys, NCLH just had an offering priced in at $15, It was trading at $18.86 the day before and I SOLD MY PUT :( just my luck. 

NCLH had some huge Securities scoop up the shares:  

J.P. Morgan Securities LLC

Citigroup Global Markets Inc.

Goldman Sachs &amp; Co. LLC

Barclays Capital Inc.

Mizuho Securities USA LLC

UBS Securities LLC

Co-Managers:

BNP Paribas Securities Corp.

Credit Agricole Securities (USA) Inc.

HSBC Securities (USA) Inc.

SG Americas Securities, LLC

Its literally bottomed out and never went under $15 (offering price), THIS IS GOING TO THE MOON get on while you can. Im picking up more calls on monday this is tooo sexy

https://preview.redd.it/rg0zt6jx3qb51.png?width=839&amp;format=png&amp;auto=webp&amp;s=75a4fde9b152795a06632cd84e973854100c537d",0
29,The GAP DD,https://www.reddit.com/r/wallstreetbets/comments/guox0r/the_gap_dd/,2020-06-01 13:33:10,"The GAP (GPS) reports this Thursday and I think it will be a disappointment.  The GAP is a discount clothing retailer that operates large physical footprint stores across the USA and other countries.

I am looking at this primarily from a TA perspective:

Bearish arguments:

[lower high formed on 5\/29 - the stock has been stuck in a $7-9 channel since early April.  It is attempting a breakout above 10 but I believe it will fail.](https://preview.redd.it/gd7ncuyq1c251.png?width=700&amp;format=png&amp;auto=webp&amp;s=42ef739d641b2ab800c3c12972ce2816441e0761)

&amp;#x200B;

[Stochs indicate overbought condition. CMF remains negative.  Lower high formed in intraday trading on a big volume spike.  ](https://preview.redd.it/q9o5o3ju1c251.png?width=700&amp;format=png&amp;auto=webp&amp;s=0b2a958a8ef13c154929b3e5caf4c7db74494756)

&amp;#x200B;

[Intra-day PCR snapshot](https://preview.redd.it/swsqln01bc251.png?width=1370&amp;format=png&amp;auto=webp&amp;s=c73b95c49572da8b2b0dd687b7dc507c7f634c6d)

&amp;#x200B;

Bullish arguments:  Retail stocks are outperforming as more stores open and reports on traffic indicate at least some moderate activity with shoppers amid social distancing rules.

More specifically the apparel sector has seen signs of life: ANF, UAA, RL, GES, etc.  Analysts at some banks have been upgrading GPS.

BUT my retort is that if you look at the price action immediately after earnings for the retail stocks they have returned only lower highs and failed to maintain their momentum upwards.  GPS' immediate catalyst today, 6/1/20, is due to a JPM upgrade to Neutral - see below:

*"" J.P. Morgan analyst Matthew Boss boosted his rating on        Gap to Neutral from Underweight, and raised his price target by $4        to $11. He notes that Gap stock (ticker: GPS) has tumbled some        70% since October, and the upgrade is largely due to this fact, which        has left the shares trading below other troubled retailers.*

*On an EV/Ebitda (enterprise value to earnings before interest, taxes,        depreciation and amortization) basis, Boss pegs the current ""distressed        retail"" trough-multiple average around 0.43 times. If Gap's Old Navy        brand could hit that level (and its Athleta brand could outperform) the        shares wouldn't need any contribution from Banana Republic or        the flagship Gap brand to get to an equity value of $14 a        share.*

*Old Navy has long been key to Gap's success (and the stock        jumped after the cancelation of its spinoff). The brand accounts for        about half of Gap's sales and around 80% of the company's Ebit. Of        course, the current environment hasn't been kind to apparel retailers,        as many consumers pull back on all but essentials (and don't need many        new clothes when leaving the house is frowned upon). Yet within this        framework, Old Navy looks better positioned than most, Boss opines, as        it is squarely in the value category -- and the brand performed well in        2009 when the U.S. began to exit the Great Recession. Old Navy        may further get a boost from the fact that it has many off-mall        locations, and the fact that it does a brisk business in kids and baby        items (areas where consumers have less option to hold off on buying new        clothes).*

*The shares have slipped more than 42% since the start of the year, but        were struggling even before the coronavirus hit. The fact that the        shares are responding so favorably to an upgrade that isn't even a call        to buy shows how starved Gap investors are for good news. A $14        equity value isn't the same as saying the stock will reach $14        -- especially as Gap has moved away from plans to break out its        faster-growing brands. Yet investors likely welcome the theory that the        shares have finally been oversold.*

*Write to Teresa Rivas at* [*teresa.rivas@barrons.com*](mailto:teresa.rivas@barrons.com)

*(END) Dow Jones Newswires   06-01-20 1127ET ""*

**TLDR: GPS deserves to be trading in the $7-9 range.  Sell any rally.  Why target 7/17?  Just to be safe.  The stock has a high chance of disappointing after earnings.  Especially if we have a 2nd wave of corona and governor mandated retail closures this summer.**

**7/17 9p.**",0
30,The new age of Monetary Policy: an in-depth analysis of Federal Reserve Policy in the 2008 and 2020 financial crises,https://www.reddit.com/r/wallstreetbets/comments/gg9lag/the_new_age_of_monetary_policy_an_indepth/,2020-05-09 1:29:20,"**The Evolution of Monetary Policy: Age of the Bailout**

In the years leading up to 2008 Wall Street had been celebrating massive gains; top finance executives were awarded up to $53 billion dollars in total compensation in 2007. Lloyd Blankfein, former CEO of Goldman Sachs, made $68 million himself. These profits were the result of financial innovations and financial derivatives, specifically mortgage backed securities (MBS). A mortgage backed security is an asset backed security which is secured by a collection of mortgages. The mortgages are aggregated and securitized so that investors can buy them and receive periodic payments similar to a bond’s coupon payment. Mortgage backed securities were doing so well in the years leading up to 2008 that lenders were running out of people with good credit to lend to. Everyone was buying and building houses so much so that the real estate market became a bubble and all the prices inflated.

At first everyone was celebrating the gains in housing prices, since price increases generally meant profits for home investors, mortgage brokers, and even big banks. Not too long after the party, the real estate bubble burst. Everyone was immediately impacted; mortgage giants, Fannie Mae and Freddie Mac, were on the verge of bankruptcy. Some of the biggest investment banks in the world, each having upwards of $10 trillion assets under management, such as Bear Stearns, Lehman Brothers, and Merrill Lynch were about to collapse. The whole financial sector was in shambles. “In a period of 18 months, Wall Street had gone from celebrating its most profitable age to finding itself on the brink of an epochal devastation.” Banks were heavily involved with mortgage securities. Most of these securities were financial derivatives which means they derive their price from an underlying asset. “Banks were creating increasingly complex products, many levels removed from the underlying asset.” 

The first bank to really be shallow waters was Bear Stearns. Bear Stearns was a global investment bank whose main area of business was capital markets, wealth management, and investment banking. In 2008 Bear Stearns had roughly $13 trillion in derivative financial instruments, $2 trillion of which were in options and futures contracts. The company had a highly leveraged balance sheet with a lot of illiquid assets that were potentially worthless. Bear Stearns was the seventh largest securities firm in the world. Since their business was highly intertwined with other huge financial institutions, their potential collapse would be detrimental  for the global economy.

U.S. Treasury secretary Hank Paulson knew that if Bear Stearns and Lehman Brothers collapsed there would be a domino effect across the financial sector and other huge financial institutions such as Citigroup, Merrill Lynch, and others would fail while consumers would start to lose confidence in the banking sector,  more banks would be subject to bank-runs. In order to prevent the worst from occurring the U.S. Treasury Secretary put together a task force which included Jamie Dimon, CEO of J.P. Morgan Chase, Ben Bernake, Chairmen of the United States Federal Reserve, and Tim Geithner, Head of the New York Fed. After pondering possible loans and other solutions in order to rescue Bear Stearns, they deemed that there was no way to save Bear Stearns. This is not because of insufficient capital but because confidence had been lost in Bear Stearns. J.P. Morgan Chase ended up acquiring Bear Stearns for $10 a share, much less than their 52 week high of $133 per share.

After Bear Stearns fell the next bank about to collapse was Lehman Brothers.  Lehman Brothers was the fourth largest investment bank in the United States. Its CEO at the time Richard Fuld blamed the declining stock price on short sellers. However the short sellers argued that the way Lehman viewed non-liquid assets such as mortgages was disturbing. Fuld refused to accept that the bank essentially had a bunch of junk mortgage backed securities on their balance sheets and  tried to solve Lehman’s liquidity problem with more cash. He reached out to Warren Buffett to try and secure a loan, but Buffett said it was too risky. Richard even reached out to the U.S. government for a bailout, but Treasury Secretary at the time Henry Paulson refused to bail out Lehman with public tax payer money and instead said that the bank must secure funding from the private sector. Paulson gathered all the CEO’s of major banks and told them to come up with a solution for saving Lehman Brothers. Likely contenders to buy out Lehman Brothers were Bank of America and British bank, Barclays. However neither of which were willing to take on the Lehman’s real estate assets which were basically worth half of what Lehman was valuing them at. After failing to secure capital, or merge with another bank Lehman Brothers filed for chapter eleven bankruptcy protection on September 15th, 2008. Chapter eleven bankruptcy protected some creditors and most employees. In the bankruptcy agreement, Lehman Brothers’ shareholders paid the ultimate price and watched their fortunes from a year prior be worth a fraction of what they were. 

At the same time Lehman Brothers was crashing, insurance giant American International Group (AIG) and mortgage giants Fannie Mae and Freddie Mac were tumbling down cliffs of their own. James Lockhart, head of the Federal Housing Finance Agency (FHFA) issued a plan to make the two mortgage giants into a conservatorship as government sponsored enterprises. The two mortgage companies were now and still are U.S. government enterprises who facilitate the secondary mortgage market. The United States Treasury Secretary, Hank Paulson, as well as Federal Reserve Chairman, Ben Bernanke, both agreed with the housing agency's decision. 

On the other hand, AIG executives were assuring everyone that the company was in sound financial standing. At the time, AIG had $1 trillion in assets and roughly $40 billion in cash. In addition, executives argued that they had an extremely profitable business supporting insurance on collateral debt obligations (CDO). A CDO is a financial tool that banks use to package individual homeowners, credit card, and auto loans into securities sold to investors on the market. CDOs at the time were mainly used to refinance mortgage backed securities.. Most of AIG’s business was traditional insurance products such as health, life, and home insurance. However during the real estate bubble the company began taking a lot of risks in the form of credit default swaps (CDS). A CDS is a financial exchange agreement where the issuer of the CDS will compensate the buyer if the buyer’s asset defaults (similar to investment insurance). Essentially investors were buying credit default swaps as insurance for their mortgage backed securities. Once the real estate bubble popped, everyone came to claim insurance for their MBS that just went bankrupt. AIG had over $500 billion in subprime mortgages on their balance sheet. Its officials were revaluing credit default swaps and losses started to pile up at AIG. By May of 2008 AIG had suffered a first quarter loss of roughly $8 billion, their largest loss ever. Hank Paulson knew that if AIG went bankrupt it would trigger the collapse of financial institutions that bought these credit default swaps. 

As the MBS tied to the swaps defaulted, AIG was forced to come up with the capital to repay their investors. Shareholders started dumping their shares which made it even more difficult for AIG to produce the capital it needed. Even though they had the assets on their balance sheet to cover the losses, AIG could not liquidate them fast enough before the swaps were due. It was clear that they were about to go bankrupt. Hank Paulson and Ben Bernanke did not want AIG’s huge influence to hurt lower and middle class families since AIG sold lots bonds, annuities, and insurance products to these people. An AIG bankruptcy would’ve hurt lower and middle class families as well as the whole financial sector which owned credit default swaps issued by AIG. They were just too big to fail. So the Federal Reserve along with the U.S. Treasury planned a bailout of an $85 billion loan to AIG. To put that loan amount into perspective, “Eighty-five billion dollars was more than the annual budget of Singapore and Taiwan combined; who could understand a figure that size.”

The loan itself was not enough to calm the markets. Investors were left puzzled as to why the federal government would bailout one company and not the other. What were the rules for a bailout? Did Hank Paulson’s background as a top executive at Goldman Sachs have anything to do with the government allowing Lehman Brothers, a competitor of Goldman, to collapse? These questions forced Hank Paulson, Ben Bernanke, and Tim Geithner, president of the New York Federal Reserve Bank, to come up with a solution to calm confusion. Now with the whole financial sector on the verge of collapsing the Treasury and Federal Reserve came up with a fiscal policy to purchase toxic assets from nine of the largest financial institutions in order to stabilize them. The institutions include J.P. Morgan, Goldman Sachs, Morgan Stanley, Citigroup, Wells Fargo, Bank of New York Mellon, Merrill Lynch, Bank of America, and State Street Corp.  The program to bail them out was known as TARP. However congress was not too attached to the idea of bailing out Wall Street. Republicans saw a bailout as socialism creeping into the United States, and Democrats saw it as Paulson bailing out his Wall Street buddies. Congress voted against TARP and the Dow Jones Industrial Average fell roughly 800 points that day. 

Paulson, Bernanke, and Geithner went back to the drawing board. Now desperate for a solution Paulson decided to follow the advice of his assistant Neel Kashkari, which was to purchase equity in the nine largest banks in the United States. Paulson reached out to Sheila Bair who was the head of the Federal Depositors Insurance Corporation (FDIC) and told her about the Treasury Department’s new plan. Sheila agreed to increase the nine bank’s coverage limit. 

Without wasting any time Hank Paulson, Treasury Secretary of the United States, called all the nine executives together for a meeting at the NY Federal Reserve. “It was the first time - perhaps the only time - that the nine most powerful CEOs in American Finance and the people who regulate them would be in the same room at the same time.” Without  knowing what the meeting was about, the CEO’s of all nine banks had shown up. To stress the severity and seriousness of the meeting, Paulson had brought along with him the Chairman of the Federal Reserve, the president of the NY Fed, and The head of the FDIC. Paulson unveiled his plan to purchase up to $250 million in preferred stock in the leading banks in order to stabilize them and restore confidence. He strong armed all of them into taking the deal even though a few of them claim that they did not need the capital, such as Wells Fargo and J.P. Morgan. He also informed the banks that the collapse of Lehaman Brothers will spillover into other banks, Merrill Lynch was of most concern. Paulson agreed to let Merill get bought out by Bank of America in order to save them. They were sold to Bank of America for $29 per share or $50 billion far from their 52 week high of $88 per share. The banks had agreed to the deal and so did Congress on October 3rd, 2008 President George Bush signed the TARP program into law. The program normalized the big banks and brought back investor confidence in Wall Street. 

The following year, President Barack Obama introduced legislation that would transform the whole financial regulatory system. This act was known as the Dodd-Frank Wall Street Reform and Consumer Protection Act. One specific provision known as the Volker rule forbids banks from making speculative investments that do not benefit their consumers. This type of overhaul has not been seen in the U.S. financial system since the Great Depression of 1929. In regards to the subprime mortgage crisis, the United States’ Congress, Treasury, and Federal Reserve acted appropriately however they should have acted more quickly and effectively like Jerome Powell’s Federal Reserve has during the COVID-19 crisis. 

Some say because of the catastrophe in 2008 and the lessons we have learned, the U.S. The Treasury and Federal Reserve acted the way they did in 2020. Thus far, they both have combated the current financial market crisis with immediate action. If the Federal Reserve and Treasury could’ve bailout Bear Stearns, Lehman, AIG, and Merrill Lynch the way that they bailed out Boeing, that would have been the best case scenario. In March of 2020 Boeing Co. the airplane manufacturer went to Washington with its hands out begging for a bailout. The company had spent $50 billion on stock repurchases within the past year and now was asking for a $60 billion bailout. Instead of giving the company a direct handout, the Federal Reserve boosted liquidity in the credit markets by purchasing corporate bonds, thus, Boeing was able to secure $25 billion from private investors via the corporate bond market and withdrew its original request for a government bailout. Despite the 33 million unemployed, many people are applauding Jerome Powell and Steven Mnuchin for quickly passing emergency monetary policy measures. Like 2008, these policy measures have insulated the financial markets from total ruin. 

Author: #$%\^#\^%, Economist

Editor: @#$%!\^&amp;\*, Attorney

Any constructive criticism, feedback, and opinions are greatly appreciated.",1
31,The new age of Monetary Policy: an in-depth analysis of Federal Reserve Policy in the 2008 and 2020 financial crises,https://www.reddit.com/r/wallstreetbets/comments/gg9lag/the_new_age_of_monetary_policy_an_indepth/,2020-05-09 1:29:20,"**The Evolution of Monetary Policy: Age of the Bailout**

In the years leading up to 2008 Wall Street had been celebrating massive gains; top finance executives were awarded up to $53 billion dollars in total compensation in 2007. Lloyd Blankfein, former CEO of Goldman Sachs, made $68 million himself. These profits were the result of financial innovations and financial derivatives, specifically mortgage backed securities (MBS). A mortgage backed security is an asset backed security which is secured by a collection of mortgages. The mortgages are aggregated and securitized so that investors can buy them and receive periodic payments similar to a bond’s coupon payment. Mortgage backed securities were doing so well in the years leading up to 2008 that lenders were running out of people with good credit to lend to. Everyone was buying and building houses so much so that the real estate market became a bubble and all the prices inflated.

At first everyone was celebrating the gains in housing prices, since price increases generally meant profits for home investors, mortgage brokers, and even big banks. Not too long after the party, the real estate bubble burst. Everyone was immediately impacted; mortgage giants, Fannie Mae and Freddie Mac, were on the verge of bankruptcy. Some of the biggest investment banks in the world, each having upwards of $10 trillion assets under management, such as Bear Stearns, Lehman Brothers, and Merrill Lynch were about to collapse. The whole financial sector was in shambles. “In a period of 18 months, Wall Street had gone from celebrating its most profitable age to finding itself on the brink of an epochal devastation.” Banks were heavily involved with mortgage securities. Most of these securities were financial derivatives which means they derive their price from an underlying asset. “Banks were creating increasingly complex products, many levels removed from the underlying asset.” 

The first bank to really be shallow waters was Bear Stearns. Bear Stearns was a global investment bank whose main area of business was capital markets, wealth management, and investment banking. In 2008 Bear Stearns had roughly $13 trillion in derivative financial instruments, $2 trillion of which were in options and futures contracts. The company had a highly leveraged balance sheet with a lot of illiquid assets that were potentially worthless. Bear Stearns was the seventh largest securities firm in the world. Since their business was highly intertwined with other huge financial institutions, their potential collapse would be detrimental  for the global economy.

U.S. Treasury secretary Hank Paulson knew that if Bear Stearns and Lehman Brothers collapsed there would be a domino effect across the financial sector and other huge financial institutions such as Citigroup, Merrill Lynch, and others would fail while consumers would start to lose confidence in the banking sector,  more banks would be subject to bank-runs. In order to prevent the worst from occurring the U.S. Treasury Secretary put together a task force which included Jamie Dimon, CEO of J.P. Morgan Chase, Ben Bernake, Chairmen of the United States Federal Reserve, and Tim Geithner, Head of the New York Fed. After pondering possible loans and other solutions in order to rescue Bear Stearns, they deemed that there was no way to save Bear Stearns. This is not because of insufficient capital but because confidence had been lost in Bear Stearns. J.P. Morgan Chase ended up acquiring Bear Stearns for $10 a share, much less than their 52 week high of $133 per share.

After Bear Stearns fell the next bank about to collapse was Lehman Brothers.  Lehman Brothers was the fourth largest investment bank in the United States. Its CEO at the time Richard Fuld blamed the declining stock price on short sellers. However the short sellers argued that the way Lehman viewed non-liquid assets such as mortgages was disturbing. Fuld refused to accept that the bank essentially had a bunch of junk mortgage backed securities on their balance sheets and  tried to solve Lehman’s liquidity problem with more cash. He reached out to Warren Buffett to try and secure a loan, but Buffett said it was too risky. Richard even reached out to the U.S. government for a bailout, but Treasury Secretary at the time Henry Paulson refused to bail out Lehman with public tax payer money and instead said that the bank must secure funding from the private sector. Paulson gathered all the CEO’s of major banks and told them to come up with a solution for saving Lehman Brothers. Likely contenders to buy out Lehman Brothers were Bank of America and British bank, Barclays. However neither of which were willing to take on the Lehman’s real estate assets which were basically worth half of what Lehman was valuing them at. After failing to secure capital, or merge with another bank Lehman Brothers filed for chapter eleven bankruptcy protection on September 15th, 2008. Chapter eleven bankruptcy protected some creditors and most employees. In the bankruptcy agreement, Lehman Brothers’ shareholders paid the ultimate price and watched their fortunes from a year prior be worth a fraction of what they were. 

At the same time Lehman Brothers was crashing, insurance giant American International Group (AIG) and mortgage giants Fannie Mae and Freddie Mac were tumbling down cliffs of their own. James Lockhart, head of the Federal Housing Finance Agency (FHFA) issued a plan to make the two mortgage giants into a conservatorship as government sponsored enterprises. The two mortgage companies were now and still are U.S. government enterprises who facilitate the secondary mortgage market. The United States Treasury Secretary, Hank Paulson, as well as Federal Reserve Chairman, Ben Bernanke, both agreed with the housing agency's decision. 

On the other hand, AIG executives were assuring everyone that the company was in sound financial standing. At the time, AIG had $1 trillion in assets and roughly $40 billion in cash. In addition, executives argued that they had an extremely profitable business supporting insurance on collateral debt obligations (CDO). A CDO is a financial tool that banks use to package individual homeowners, credit card, and auto loans into securities sold to investors on the market. CDOs at the time were mainly used to refinance mortgage backed securities.. Most of AIG’s business was traditional insurance products such as health, life, and home insurance. However during the real estate bubble the company began taking a lot of risks in the form of credit default swaps (CDS). A CDS is a financial exchange agreement where the issuer of the CDS will compensate the buyer if the buyer’s asset defaults (similar to investment insurance). Essentially investors were buying credit default swaps as insurance for their mortgage backed securities. Once the real estate bubble popped, everyone came to claim insurance for their MBS that just went bankrupt. AIG had over $500 billion in subprime mortgages on their balance sheet. Its officials were revaluing credit default swaps and losses started to pile up at AIG. By May of 2008 AIG had suffered a first quarter loss of roughly $8 billion, their largest loss ever. Hank Paulson knew that if AIG went bankrupt it would trigger the collapse of financial institutions that bought these credit default swaps. 

As the MBS tied to the swaps defaulted, AIG was forced to come up with the capital to repay their investors. Shareholders started dumping their shares which made it even more difficult for AIG to produce the capital it needed. Even though they had the assets on their balance sheet to cover the losses, AIG could not liquidate them fast enough before the swaps were due. It was clear that they were about to go bankrupt. Hank Paulson and Ben Bernanke did not want AIG’s huge influence to hurt lower and middle class families since AIG sold lots bonds, annuities, and insurance products to these people. An AIG bankruptcy would’ve hurt lower and middle class families as well as the whole financial sector which owned credit default swaps issued by AIG. They were just too big to fail. So the Federal Reserve along with the U.S. Treasury planned a bailout of an $85 billion loan to AIG. To put that loan amount into perspective, “Eighty-five billion dollars was more than the annual budget of Singapore and Taiwan combined; who could understand a figure that size.”

The loan itself was not enough to calm the markets. Investors were left puzzled as to why the federal government would bailout one company and not the other. What were the rules for a bailout? Did Hank Paulson’s background as a top executive at Goldman Sachs have anything to do with the government allowing Lehman Brothers, a competitor of Goldman, to collapse? These questions forced Hank Paulson, Ben Bernanke, and Tim Geithner, president of the New York Federal Reserve Bank, to come up with a solution to calm confusion. Now with the whole financial sector on the verge of collapsing the Treasury and Federal Reserve came up with a fiscal policy to purchase toxic assets from nine of the largest financial institutions in order to stabilize them. The institutions include J.P. Morgan, Goldman Sachs, Morgan Stanley, Citigroup, Wells Fargo, Bank of New York Mellon, Merrill Lynch, Bank of America, and State Street Corp.  The program to bail them out was known as TARP. However congress was not too attached to the idea of bailing out Wall Street. Republicans saw a bailout as socialism creeping into the United States, and Democrats saw it as Paulson bailing out his Wall Street buddies. Congress voted against TARP and the Dow Jones Industrial Average fell roughly 800 points that day. 

Paulson, Bernanke, and Geithner went back to the drawing board. Now desperate for a solution Paulson decided to follow the advice of his assistant Neel Kashkari, which was to purchase equity in the nine largest banks in the United States. Paulson reached out to Sheila Bair who was the head of the Federal Depositors Insurance Corporation (FDIC) and told her about the Treasury Department’s new plan. Sheila agreed to increase the nine bank’s coverage limit. 

Without wasting any time Hank Paulson, Treasury Secretary of the United States, called all the nine executives together for a meeting at the NY Federal Reserve. “It was the first time - perhaps the only time - that the nine most powerful CEOs in American Finance and the people who regulate them would be in the same room at the same time.” Without  knowing what the meeting was about, the CEO’s of all nine banks had shown up. To stress the severity and seriousness of the meeting, Paulson had brought along with him the Chairman of the Federal Reserve, the president of the NY Fed, and The head of the FDIC. Paulson unveiled his plan to purchase up to $250 million in preferred stock in the leading banks in order to stabilize them and restore confidence. He strong armed all of them into taking the deal even though a few of them claim that they did not need the capital, such as Wells Fargo and J.P. Morgan. He also informed the banks that the collapse of Lehaman Brothers will spillover into other banks, Merrill Lynch was of most concern. Paulson agreed to let Merill get bought out by Bank of America in order to save them. They were sold to Bank of America for $29 per share or $50 billion far from their 52 week high of $88 per share. The banks had agreed to the deal and so did Congress on October 3rd, 2008 President George Bush signed the TARP program into law. The program normalized the big banks and brought back investor confidence in Wall Street. 

The following year, President Barack Obama introduced legislation that would transform the whole financial regulatory system. This act was known as the Dodd-Frank Wall Street Reform and Consumer Protection Act. One specific provision known as the Volker rule forbids banks from making speculative investments that do not benefit their consumers. This type of overhaul has not been seen in the U.S. financial system since the Great Depression of 1929. In regards to the subprime mortgage crisis, the United States’ Congress, Treasury, and Federal Reserve acted appropriately however they should have acted more quickly and effectively like Jerome Powell’s Federal Reserve has during the COVID-19 crisis. 

Some say because of the catastrophe in 2008 and the lessons we have learned, the U.S. The Treasury and Federal Reserve acted the way they did in 2020. Thus far, they both have combated the current financial market crisis with immediate action. If the Federal Reserve and Treasury could’ve bailout Bear Stearns, Lehman, AIG, and Merrill Lynch the way that they bailed out Boeing, that would have been the best case scenario. In March of 2020 Boeing Co. the airplane manufacturer went to Washington with its hands out begging for a bailout. The company had spent $50 billion on stock repurchases within the past year and now was asking for a $60 billion bailout. Instead of giving the company a direct handout, the Federal Reserve boosted liquidity in the credit markets by purchasing corporate bonds, thus, Boeing was able to secure $25 billion from private investors via the corporate bond market and withdrew its original request for a government bailout. Despite the 33 million unemployed, many people are applauding Jerome Powell and Steven Mnuchin for quickly passing emergency monetary policy measures. Like 2008, these policy measures have insulated the financial markets from total ruin. 

Author: #$%\^#\^%, Economist

Editor: @#$%!\^&amp;\*, Attorney

Any constructive criticism, feedback, and opinions are greatly appreciated.",1
32,$EE 9/18 65p,https://www.reddit.com/r/wallstreetbets/comments/gg6btk/ee_918_65p/,2020-05-08 21:40:57,"**TL;DR - $EE 9/18 65p in case the 6/1 takeover falls apart.**

I've enjoyed y'all a lot lately. There's a lot of really smart folks on here that hide behind feigned autism - frankly you're all probably smarter than I am. That's why I'd appreciate your input/enjoy the read.  

$EE *El Paso Electric* provides generation, transmission and distribution services to 400,000+ retail and wholesale customers throughout New Mexico and West Texas. It also owns a 15.8% stake in the Palo Verde Nuclear Plant.  

On June 1, 2019, IIF Infrastructure Investments Fund entered an agreement to purchase $EE at $68.25 per share or [$4.3 billion](https://www.reuters.com/article/us-el-paso-electric-m-a-infrastructure-i/el-paso-electric-to-be-bought-by-an-infrastructure-fund-for-2-78-billion-idUSKCN1T41K8). At the time, $EE was trading at $57 with $3.8 billion in assets. Obviously, it jumped to $68.25 where it has mostly remained... *(Although oddly enough it touched $63 during the March crash and an incredible amount of shares changed hands - More than when the takeover was originally announced)*

IIF would have 1 year to clear array of regulatory hurdles to complete the purchase. May be extended up to 9/1 with conditions ([See agreement](https://www.sec.gov/Archives/edgar/data/31978/000114036119010234/form8k.htm)).

[Then-CEO of El Paso Electric Mary Kipp](https://www.sec.gov/Archives/edgar/data/31978/000114036119010234/ex99_3.htm) sent a [letter to employees](https://www.spglobal.com/marketintelligence/en/news-insights/latest-news-headlines/56011934): ""IIF is a private investment vehicle advised by a dedicated infrastructure investment group within J.P. Morgan Investment Management Inc."" Mary goes on to note that 'IIF is a fund responsible for investing and growing the retirement funds of more than 40 million families, including 2 million families across Texas and New Mexico'. $EE would be joining IIFs family of 19 companies, including companies in NA, Europe and Australia, 11 of which were utilities as well. Mary Kipp then resigned from the company by July 1, 2019, leaving millions on the table. *Hmm...*

The consumer advocacy group *Public Citizen* quickly took issue then with the apparent upstream ownership, filing interference by 8/13 and then this complaint in [September](https://elibrary.ferc.gov/idmws/file_list.asp?document_id=14800629) 2019. Public Citizen linked IIF to JPMorgan and [it was denied vehemently](https://prospect.org/environment/jpmorgan-concedes-trying-to-buy-an-electric-utility/). In fact, all the companies in the 'family' of IIF are linked to the same 3 individuals \[PUBLIC KNOWLEDGE PER FOLLOWING LINKS\] Rita J. Sallis, Christopher Ward and Dennis Clarke: [https://elibrary.ferc.gov/idmws/file\_list.asp?document\_id=14802626](https://elibrary.ferc.gov/idmws/file_list.asp?document_id=14802626);   [https://www.spglobal.com/marketintelligence/en/news-insights/latest-news-headlines/56011934](https://www.spglobal.com/marketintelligence/en/news-insights/latest-news-headlines/56011934). Also, in addition to being managed by those same 3 - the business addresses for all IIF funds link back to JP Morgan Investment Bank. 

[These findings, along with COVID19, have strengthened Public Citizen and the senate to pressure the FERC into a rehearing](https://elibrary.ferc.gov/idmws/file_list.asp?document_id=14859120)\- likely pushing the deal beyond the 6/1 deadline. When Public Citizen reveals the deliberate attempt to conceal affiliations, armed with senators in an election year, this deal could be trashed. Public Citizen may also reveal that this has been going on for a while. I can't wait for '*the smartest guys in the room' #2*:

[IIF AUSTRALIAN 1 TRUST](https://predictiveops.com/funds/8059600426190)

[IIF CANADIAN 1 HEDGED LP](https://predictiveops.com/funds/8051754425551)

[IIF CANADIAN 1 LP](https://predictiveops.com/funds/8059052748730)

[IIF CANADIAN 2 LP](https://predictiveops.com/funds/8053556045277)

[IIF CANADIAN 3 LP](https://predictiveops.com/funds/8055618079764)

[IIF CANADIAN 4 LP](https://predictiveops.com/funds/8055368697779)

[IIF CAYMAN 1 HEDGED LTD](https://predictiveops.com/funds/8059586774173)

[IIF CAYMAN 1 LTD.](https://predictiveops.com/funds/8053842897700)

[IIF DUTCH 1 CAYMAN L.P.](https://predictiveops.com/funds/8056391380395)

[IIF ERISA LP](https://predictiveops.com/funds/8056367270795)

[IIF HEDGED LP](https://predictiveops.com/funds/8058840460276)

[IIF INT'L HOLDING L.P.](https://predictiveops.com/funds/8052450165714)

[IIF LP](https://predictiveops.com/funds/8051545665851)

[IIF TAX-EXEMPT LP](https://predictiveops.com/funds/8057825353367)

[IIF UK 1 HEDGED LP](https://predictiveops.com/funds/8054889690382)

[IIF UK 1 LP](https://predictiveops.com/funds/8055651832720)

[IIF US HOLDING 2 LP](https://predictiveops.com/funds/8057267130410)

[IIF US HOLDING LP](https://predictiveops.com/funds/8056310306237)

[IIF USSC LP](https://predictiveops.com/funds/8053456561966)

ALSO I have a question: What are the tax advantaged implications of investing through Nuclear Decommissioning Trusts and why are pension funds investing huge amounts in equities through them, wrapped inside utilities?",0
33,Daily Update - Stocks Only Go Up,https://www.reddit.com/r/wallstreetbets/comments/fw8n2k/daily_update_stocks_only_go_up/,2020-04-06 18:38:08,"04/06/2020 - Stocks Only Go Up

TDLR;   05/01 $20 TQQQ puts.


*This series is intended as a daily update of those items which I see as having some use and are condensed from news reports, digging into various items and what information is found. 
If you are capable and already doing this yourself, keep doing so, these will be absolutely useless for you unless you want my perspective.*

The S&amp;P remains trading at almost 15 times Forward Earnings. - During most prior recessions it dropped to around 10-11x earnings at the bottom. There are arguments being made that this isn't and wont lead to a recession. That it's a market correction exacerbated by a virus. 

Forward looking consumer confidence for future market gains over the next year is at record breaking highs.

Using chineese data as a metric, it looks like even once things come back to normal. There will be some lag before economies pick fully back up, and supply chains will need some work to get flowing smoothly again. 

Economists seem to be starting to come together around the idea of a U shaped recession, there is question as to whether Corona caused the downturn, or is part of more systemic issues in the U.S. economy. 

J.P. Morgan has now announced in less than a week that there was no recession, that it's going to be a V shaped recovery, that brands like Starbucks will be fine, that brands like Starbucks will not be fine and that the downturn could cause quote ""A Corona Virus Induced Viscious Spiral""
- I now believe they are throwing papers will press releases up in the air and seeing which ones waft into the MarketPlace windows.

Trump appears to be starting to make a victory lap about the entire Corona situation.

Buffett is raising even more cash by selling more bonds backed by the Japaneese Yen
A brief refresher from last weeks post - Japan is one of the few countries with more money inflows than debts owed. During the Great Depression part of the reason the U.S. was able to recover so well was due to very similar conditions to what Japan has right now. 
- Personally I see this as a really good hedge against the dollar, since it continues to rally out of control, and if kept up as this rate will have to be deflated.",1
34,"Wall Street Week Ahead for the trading week beginning April 6th, 2020",https://www.reddit.com/r/wallstreetbets/comments/fuvglk/wall_street_week_ahead_for_the_trading_week/,2020-04-04 11:22:09,"Good Saturday morning to all of you here on r/wallstreetbets. I hope everyone on this sub made out pretty nicely in the market this past week, and is ready for the new trading week ahead.

Here is everything you need to know to get you ready for the trading week beginning April 6th, 2020.

# **The stimulus boost has passed and now the stock market is focused solely on virus developments  - [(Source)](https://www.cnbc.com/2020/04/03/the-stimulus-boost-has-passed-and-now-the-stock-market-is-focused-solely-on-virus-developments.html)**
*****
&gt; The stock market enters a four-day week that is the lull before earnings season, but it’s the headlines on developments around the spread of the coronavirus that may result in the most volatility.
*****
&gt; Strategists say investors are now most focused on how the virus is progressing, what medical developments might help, and how long it could take to end the shutdown of most of the U.S. 
*****
&gt; “I think it’s a wait and see with a drift to the downside. I think if you look back to that three-, four-day rally we had in March, capping off the end of the month, I think a lot of that was reaction to the Fed, a lot of it was reaction to the stimulus out of Washington,” said Lori Calvasina, chief U.S. equities strategist at RBC. “There were good vibes coming off of that, but that was yesterday’s news. I think the Fed has done a good job. They have peoples’ confidence...One thing we now need is a decline in the number of virus cases in the U.S.”
*****
&gt; Oil could be a factor in the week ahead as OPEC and Russia hold an emergency meeting Monday to discuss production cuts. Oil rallied 12% in the past week with West Texas Intermediate futures at $28.34 per barrel, its best week ever.  President Donald Trump sparked the rally when he said he spoke to Saudi Arabia and Russia and they wanted a deal to cut production. 
*****
&gt; In the past week, stocks were lower for the third week in four, as the market absorbed the latest shocking reports of layoffs, and investors worried about the duration of the virus related shutdowns. The S&amp;P 500 closed down 2% for the week, at 2,488.
*****
&gt; # Jobs picture
&gt; On Sunday, Trump extended the guidelines on social distancing to April 30, as the number of cases grew.
*****
&gt; Thursday’s report of 6.6 million new unemployment claims for the week ended March 28 brought the two week total of workers filing claims to 10 million. The biggest data report in the week ahead could again be that jobless claims number on Thursday.  
*****
&gt; “We look for 7 million new claims to be reported for the week ended April 4, though obviously the range of uncertainty around this forecast is wide, and a substantial decline is also possible,” noted J.P. Morgan economist Jesse Edgerton.
*****
&gt; Consumer sentiment is reported Thursday, and consumer price index inflation is reported Friday, when the stock market is closed for the Good Friday holiday.
*****
&gt; “I’m not a big believer that investors gain a lot of information from single points of data and even less right now,” said Mike Swell, co-head of global portfolio management at Goldman Sachs Asset Management. “We need the world to open back up. We need the global economies to open back up to have any sense of the lasting impact of this on jobs. The concerns in corporate boardrooms is how conservative they’re going to be when it comes to cap ex and hiring.”
*****
&gt; The Fed releases minutes of its last meeting Wednesday.
*****
&gt; “The schedule doesn’t matter anymore. What matters now is how the pandemic is playing out, the extent of the downturn of the economy, and then how capital markets are functioning,” Swell said. “All of those things together are going to drive what the Fed’s going to do, and they’ll act when they need to take action.”
*****
&gt; The Fed has flooded the markets with liquidity and is ballooning its balance sheet with Treasury and mortgage purchases. Swell said the Fed’s programs are helping the markets they’ve taken aim at including corporate debt, mortgages and commercial paper.
*****
&gt; # Earnings ahead
&gt; First quarter earnings season is scheduled to start in the week after next, and there could be more companies withdrawing guidance between now and then.
*****
&gt; “We’re all facing the realization [the virus shutdown] that it’s going to take longer, it’s going to go deeper and that alone is taking the wind out of the sales,” said Calvasina. “Then the companies are going to report , and they’re not going to tell us anything...companies are just withdrawing guidance. It’s not even like there’s a new lower bar. Are we going to come out of this with a bar or are we going to come out of this with no direction?”
*****
&gt; According to Refinitiv, earnings are expected to decline about 5.5% for the first quarter, which saw the biggest impact from the virus in the final weeks of March. 
*****
&gt; Calvasina said she expects the market to retest the lows of March 23, in part because it does not seem investors have gotten negative enough. She said they do not appear to be factoring in the latest gloomy projections from economists of a more than 30% decline in second quarter GDP. She said the market could still have a ways to go before bottoming, and notes the financial crisis drop was 49%. A drop of that magnitude would take the S&amp;P to 1,727.
*****
&gt; Her own survey of clients shows that many investors still have a bullish view on the market with a six to 12-month horizon. “We’re seeing investors taking a constructive view. They like what the Fed has done.There seems to be a view about the economy that the damage is really going to be concentrated in the second quarter, and it’s going to be contained in terms of depth and contained in terms of duration,” she said.
*****

# **This past week saw the following moves in the S&amp;P:**
###### **([CLICK HERE FOR THE FULL S&amp;P TREE MAP FOR THE PAST WEEK!](https://i.imgur.com/IaPD6we.png))**

# **Major Indices for this past week:**
###### **([CLICK HERE FOR THE MAJOR INDICES FOR THE PAST WEEK!](https://i.imgur.com/VuZwvnw.png))**

# **Major Futures Markets as of Friday's close:**
###### **([CLICK HERE FOR THE MAJOR FUTURES INDICES AS OF FRIDAY!](https://i.imgur.com/53oHnoH.png))**

# **Economic Calendar for the Week Ahead:**
###### **([CLICK HERE FOR THE FULL ECONOMIC CALENDAR FOR THE WEEK AHEAD!](https://i.imgur.com/mrxih7p.png))**

# **Sector Performance WTD, MTD, YTD:**
###### **([CLICK HERE FOR FRIDAY'S PERFORMANCE!](http://elite.finviz.com/grp_image.ashx?bar_sector_t.png&amp;rev=636115211971930604))**
###### **([CLICK HERE FOR THE WEEK-TO-DATE PERFORMANCE!](http://elite.finviz.com/grp_image.ashx?bar_sector_w.png&amp;rev=636115211971930604))**
###### **([CLICK HERE FOR THE MONTH-TO-DATE PERFORMANCE!](http://elite.finviz.com/grp_image.ashx?bar_sector_m.png&amp;rev=636115211971930604))**
###### **([CLICK HERE FOR THE 3-MONTH PERFORMANCE!](http://elite.finviz.com/grp_image.ashx?bar_sector_q.png&amp;rev=636115211971930604))**
###### **([CLICK HERE FOR THE YEAR-TO-DATE PERFORMANCE!](http://elite.finviz.com/grp_image.ashx?bar_sector_ytd.png&amp;rev=636115211971930604))**
###### **([CLICK HERE FOR THE 52-WEEK PERFORMANCE!](http://elite.finviz.com/grp_image.ashx?bar_sector_y.png&amp;rev=636115211971930604))**

# **Percentage Changes for the Major Indices, WTD, MTD, QTD, YTD as of Friday's close:**
###### **([CLICK HERE FOR THE CHART!](https://i.imgur.com/SOJjzMp.png))**

# **S&amp;P Sectors for the Past Week:**
###### **([CLICK HERE FOR THE CHART!](https://i.imgur.com/viH35nH.png))**

# **Major Indices Pullback/Correction Levels as of Friday's close:**
###### **([CLICK HERE FOR THE CHART!](https://i.imgur.com/7ObY8Ob.png)**

# **Major Indices Rally Levels as of Friday's close:**
###### **([CLICK HERE FOR THE CHART!](https://i.imgur.com/pVz969K.png))**

# **Most Anticipated Earnings Releases for this week:**
###### **([CLICK HERE FOR THE CHART!](https://i.imgur.com/R9DSwjk.png))**

# **Here are the upcoming IPO's for this week:**
###### **([CLICK HERE FOR THE CHART!](https://i.imgur.com/xwSPBAW.png))**

# **Friday's Stock Analyst Upgrades &amp; Downgrades:**
###### **([CLICK HERE FOR THE CHART LINK #1!](https://i.imgur.com/4kzBNe8.png))**
###### **([CLICK HERE FOR THE CHART LINK #2!](https://i.imgur.com/gUMjuu3.png))**
###### **([CLICK HERE FOR THE CHART LINK #3!](https://i.imgur.com/sHtCwud.png))**

*****

# A Technical Look at Market Internals

&gt; Following last week’s more than 10% gain, the S&amp;P 500 Index is tracking toward another weekly loss, its fifth of the last seven. This has many investors wondering if a retest of the lows may be in the cards for US equities. As we explored in our How Markets Bottom post, two of the bear markets we believe show the most similarities to our current one did retest or undercut the lows after the worst of the selling.

&gt; “Whether or not we get a retest is an open question,” said LPL Financial Senior Market Strategist Ryan Detrick. “But we believe we’ve seen the worst of the selling, and we will be watching to confirm that fewer individual stocks are making new lows on a further pullback in the indexes.”

&gt; ###### **([CLICK HERE FOR THE CHART!](https://i0.wp.com/lplresearch.com/wp-content/uploads/2020/04/Blog-picture-4.3.20.png?ssl=1))**

&gt; As the LPL Chart of the Day shows, although the S&amp;P 500 made its low on March 23, more stocks actually bottomed a week earlier on March 16, when more than two-thirds of the individual stocks in the index hit a one-year low. Regardless of the direction of the S&amp;P 500 over the coming days, we want to see this trend of fewer stocks making new lows continue.

*****

# Road to Recovery Playbook Factor #1: COVID-19 Case Update

&gt; Factor #1 in our Road to Recovery Playbook is finding confidence in the peak of COVID-19 cases in the United States. At LPL Research we are monitoring this factor daily, and we wanted to provide an update into what we are seeing. As shown in the LPL Chart of the Day, while the number of new cases in the United States has continued to climb, the number of new cases seen outside of the US has begun to drop in recent days. In fact, Italy, the worst-hit country in terms of total deaths from the virus, reported on Tuesday that new cases hit a two-week low.

&gt; ###### **([CLICK HERE FOR THE CHART!](https://i0.wp.com/lplresearch.com/wp-content/uploads/2020/04/picture-blog-cases-pandemic.png?ssl=1))**

&gt; This data is important because thus far the number of COVID-19 cases has conformed to Farr’s Law of Epidemics, exhibiting a somewhat predictable bell curve normal-like distribution. Formulated in the 1800s by British epidemiologist Dr. William Farr, these laws predict that epidemics normally follow a pattern of sharp increase, a peak, and then a decline back to a baseline.

&gt; The distributions of both new COVID-19 cases and related fatalities in China and South Korea have exhibited this behavior and appear to have ridden out the initial outbreak cycle. The City of Wuhan, China, which was the initial epicenter for the virus, reported on March 19 that it had zero new cases—showing us that the curve can be flattened and there is light at the end of this dark tunnel.

&gt; “The market’s bounce last week may have been in anticipation of some of these more positive data points regarding the virus,” said LPL Financial Senior Market Strategist Ryan Detrick. “While US cases continue to climb, the more countries that reach their peak, the more clarity we gain into what that timing may look like for the United States. Investors have historically been rewarded for investing during these crisis events, and we believe the time for suitable investors to consider adding some risk to their portfolios may be approaching.”

*****

# Can April’s Top-Month Record Extend Market Rally?

&gt; April marks the end of the “Best Six Months” for DJIA and the S&amp;P 500. The window for the seasonal MACD sell signal opens on April 1st. The unprecedented speed of the current market selloff and current bear market would appear to have made this year’s signal insignificant. This could be the case, but it is far too early to say if the worst of the bear market is over. Double-digit DJIA losses during the “Best Six Months” have only occurred three times (ending in April in 1970, 1974 and 2009) since 1950. In 1970 &amp; 2009 the “Worst Six Months” were positive while in 1974 DJIA slide another 20.5%.

&gt; April 1999 was the first month to gain 1000 DJIA points. However, from 2000 to 2005, “Tax” month was hit, declining in four of six years. Since 2006, April has been up fourteen years in a row with an average gain of 2.3% to reclaim its position as the best DJIA month since 1950. April is second best for S&amp;P and fourth best for NASDAQ (since 1971).

&gt; The first half of April used to outperform the second half, but since 1994 that has no longer been the case. The effect of April 15 Tax Deadline appears to be diminished with numerous bullish days present on either side of the day. Traders and investors are clearly focused on first quarter earnings and guidance during April. This year, guidance will likely be the greatest focus, as first and second quarter earnings are likely to be disappointing as a result of the coronavirus pandemic.

&gt; Historically bullish election-year influences (the second-best year of the four-year presidential election cycle) have the exact opposite effect on April. Average gains since 1952 are approximately half of the average gain of all years since 1950 for DJIA and S&amp;P 500. Largely due to a 15.6% loss in 2000, NASDAQ’s typical strength in all Aprils since 1971 is transformed into an average loss in election years.

&gt; This data is important because thus far the number of COVID-19 cases has conformed to Farr’s Law of Epidemics, exhibiting a somewhat predictable bell curve normal-like distribution. Formulated in the 1800s by British epidemiologist Dr. William Farr, these laws predict that epidemics normally follow a pattern of sharp increase, a peak, and then a decline back to a baseline.

&gt; The distributions of both new COVID-19 cases and related fatalities in China and South Korea have exhibited this behavior and appear to have ridden out the initial outbreak cycle. The City of Wuhan, China, which was the initial epicenter for the virus, reported on March 19 that it had zero new cases—showing us that the curve can be flattened and there is light at the end of this dark tunnel.

&gt; “The market’s bounce last week may have been in anticipation of some of these more positive data points regarding the virus,” said LPL Financial Senior Market Strategist Ryan Detrick. “While US cases continue to climb, the more countries that reach their peak, the more clarity we gain into what that timing may look like for the United States. Investors have historically been rewarded for investing during these crisis events, and we believe the time for suitable investors to consider adding some risk to their portfolios may be approaching.”

&gt; ###### **([CLICK HERE FOR THE CHART!](https://66.media.tumblr.com/1e58540a0945bae0869828b747533428/73853485b854130e-fc/s400x600/230c90d2450148378a59c1afd0620bf07597d4b5.jpg))**

*****

# Down Best Six Months Not Encouraging

&gt; The depth of this waterfall decline may be too deep for the market to rebound quickly. This bear market also put this year’s Best Six Months (November-April) at risk of being negative. The record of down Best Six Months is not encouraging and it reminds us of a salient quote from the Almanac from an old market sage, “If the market does not rally, as it should during bullish seasonal periods, it is a sign that other forces are stronger and that when the seasonal period ends those forces will really have their say.”— Edson Gould (Stock market analyst, Findings &amp; Forecasts, 1902-1987)

&gt; The table below of Down Best Six Month for DJIA since 1950 also suggests caution and patience is in order. Subsequent Worst Six Months (May-October) have averaged losses with only two decent years 1982 and 2009. The market bottom in August 1982 marked the end of the 1966-1982 secular bear market and came of the early 1980s double dip recession. Following the first back-to-back down Best Six Months since 1973-1974, the market hit a secular bear market low in March 2009. Market action in the rest of these years was rather grim.

&gt; ###### **([CLICK HERE FOR THE CHART!](https://66.media.tumblr.com/12591e829dfe5de9e86458a7422806b2/50391148f55bdf77-d4/s500x750/39a8867eeacb471af0c1633afb37fda34da07f7d.jpg))**

*****

# Sector Relative Strength

&gt; Over the past year, the Technology sector has been the most notable sector in terms of outperformance relative to the S&amp;P 500. As shown in the charts from our Sector Snapshot below, the relative strength chart for Technology has been in a steady uptrend for the past twelve months without much interruption even while the decade long bull market was coming to an end. In fact, last week it was the first sector to exit oversold territory after every sector was oversold for 13 days. The other sectors have not been as lucky. During the recent sell off, the relative performance of most sectors, especially cyclicals like Energy, Financials, and Industrials, fell sharply (indicating even worse declines than the S&amp;P 500). Consumer Staples and Health Care, on the other hand, have seen much stronger performance than the rest of the market.

&gt; ###### **([CLICK HERE FOR THE CHART!](https://media.bespokepremium.com/uploads/2020/04/RS2.png))**

*****

# Consumers Turn Bearish on Equities

&gt; Tuesday's Consumer Confidence report managed to exceed expectations, but as we noted at the time, the survey for the March reports cuts off on the 18th, so as economic conditions turned south, sentiment levels also likely declined. One area of the report where sentiment already has seen a notable decline is in consumer sentiment towards stock prices. As shown in the top chart below, the percentage of consumers expecting stock prices to decline nearly doubled from 21.7% up to 39.2% while the percentage of consumers looking for higher prices dropped from 43.1% down to 32.3%. In the case of negative sentiment, the percentage of bearish consumers hasn't been this high since late 2012.

&gt; Given the major shift in sentiment, the spread between bullish and bearish consumers has seen a major reversal falling from firmly positive (21.4) to firmly negative (-6.9). By this measure, the spread between bullish and bearish investors hasn't been this negative since February 2016.

&gt; ###### **([CLICK HERE FOR THE CHART!](https://media.bespokepremium.com/uploads/2020/04/040220-Confidence.png))**

*****

# The Good, The Bad, and the Ugly Commodities in Q1

&gt; Very few assets have been winners recently, especially in the commodities space. As shown in the table below, no major energy or metal commodities (front-month futures) rose in March and gold was the only one to rise in the first quarter. The degree of those declines varied greatly. While gasoline and WTI futures (crude oil) were more than cut in half, gold and iron ore fell less than one percent in March. Considering iron ore's cyclical nature, that small decline is somewhat surprising but as for Q1, iron ore's performance was much weaker with a decline of over 10.5%. Granted, that is still a far better performance than copper which was down by more than twice that. Given the size of these declines, every one of the commodities highlighted below sits well off of its 52-week high. Gasoline and crude oil are the worst of these at 74.14% and 69.63%, respectively. As for where they finished the quarter relative to their 52-week lows, things are mixed. Gasoline, gold, and silver are off those lows by double-digit percentages while the rest are less than 10% away.

&gt; ###### **([CLICK HERE FOR THE CHART!](https://media.bespokepremium.com/uploads/2020/04/Table-2.png))**

&gt; As with many charts across assets, the technical picture of these commodities looks ugly. Almost every one has broken below significant support levels and safe-haven gold is the only one currently in anything other than a downtrend. Although it finished the month just off of the lows, crude oil fell all the way to its lowest levels since 2002 after crashing through support in February. The same can be said for gasoline. Natural gas remains a pain trade with the downtrend of the past several months still firmly in place.

&gt; Given its safe-haven status, gold has again been an outperformer approaching some of its highest levels of the past decade during the risk asset rout of the past couple of months. But it has recently been a more volatile trade. The yellow metal has yet to break above resistance around 1,700/oz and has even fallen to support around the 50-DMA. Despite also having the precious metal status, silver has been a serial underperformer to gold. Silver never shared gold's rally over the past couple of months as it fell to its lowest levels since 2009.

&gt; As for industrial metals, copper has been hovering around its lowest levels since the final quarter of 2016 after falling through the past year's support around $2.50. On the bright side, the technicals of iron ore have been slightly more constructive as it has still held up at support around $75.

&gt; ###### **([CLICK HERE FOR THE CHART!](https://media.bespokepremium.com/uploads/2020/04/Charts.png))**

*****

Here are the most notable companies (tickers) reporting earnings in this upcoming trading week ahead-

*****

&gt; * **$SMPL** 
&gt; * **$CONN** 
&gt; * **$GBX** 
&gt; * **$LEVI** 
&gt; * **$ANGO** 
&gt; * **$RPM** 
&gt; * **$SGH** 
&gt; * **$LNN** 
&gt; * **$MSM** 
&gt; * **$SJR** 
&gt; * **$WDFC** 
&gt; * **$NTIC** 
&gt; * **$EXFO** 
&gt; * **$CAAP** 
&gt; * **$SLP** 
&gt; * **$TLGT**

*****

###### **([CLICK HERE FOR NEXT WEEK'S MOST NOTABLE EARNINGS RELEASES!](https://i.imgur.com/R9DSwjk.png))**
###### **([CLICK HERE FOR NEXT WEEK'S HIGHEST VOLATILITY EARNINGS RELEASES!](https://i.imgur.com/tWCRcgh.png))**
###### **([CLICK HERE FOR THE MOST NOTABLE EARNINGS RELEASES FOR THE MONTH OF APRIL 2020!](https://i.imgur.com/wlvhXbo.jpg))**

*****

Below are some of the notable companies coming out with earnings releases this upcoming trading week ahead which includes the date/time of release &amp; consensus estimates courtesy of Earnings Whispers:

*****

&gt; # ***Monday 4.6.20 Before Market Open:***
&gt; ###### ([CLICK HERE FOR MONDAY'S PRE-MARKET EARNINGS TIME &amp; ESTIMATES!](https://i.imgur.com/u3ksVoC.png))


&gt; # ***Monday 4.6.20 After Market Close:*** 
&gt; ###### ([CLICK HERE FOR MONDAY'S AFTER-MARKET EARNINGS TIME &amp; ESTIMATES!]())
NONE.


*****

&gt; # ***Tuesday 4.7.20 Before Market Open:***
&gt; ###### ([CLICK HERE FOR TUESDAY'S PRE-MARKET EARNINGS TIME &amp; ESTIMATES!](https://i.imgur.com/qk84hIe.png))

&gt; # ***Tuesday 4.7.20 After Market Close:*** 
&gt; ###### ([CLICK HERE FOR TUESDAY'S AFTER-MARKET EARNINGS TIME &amp; ESTIMATES!](https://i.imgur.com/5AldLfn.png))

*****

&gt; # ***Wednesday 4.8.20 Before Market Open:*** 
&gt; ###### ([CLICK HERE FOR WEDNESDAY'S PRE-MARKET EARNINGS TIME &amp; ESTIMATES!](https://i.imgur.com/fgL4Q6s.png))

&gt; # ***Wednesday 4.8.20 After Market Close:*** 
&gt; ###### ([CLICK HERE FOR WEDNESDAY'S AFTER-MARKET EARNINGS TIME &amp; ESTIMATES!](https://i.imgur.com/ZFG4TUC.png))

*****

&gt; # ***Thursday 4.9.20 Before Market Open:*** 
&gt; ###### ([CLICK HERE FOR THURSDAY'S PRE-MARKET EARNINGS TIME &amp; ESTIMATES!](https://i.imgur.com/HZZpM1p.png))

&gt; # ***Thursday 4.9.20 After Market Close:*** 
&gt; ###### ([CLICK HERE FOR THURSDAY'S AFTER-MARKET EARNINGS TIME &amp; ESTIMATES!]())
NONE.

*****

&gt; # ***Friday 4.10.20 Before Market Open:*** 
&gt; ###### ([CLICK HERE FOR FRIDAY'S PRE-MARKET EARNINGS TIME &amp; ESTIMATES!]())
NONE.

*****

&gt; # ***Friday 4.10.20 After Market Close:***
&gt; ###### ([CLICK HERE FOR FRIDAY'S AFTER-MARKET EARNINGS TIME &amp; ESTIMATES!]())
NONE.

*****

# Simply Good Foods Company $18.77
&gt; **Simply Good Foods Company (SMPL)** is confirmed to report earnings at approximately 7:00 AM ET on Monday, April 6, 2020. The consensus earnings estimate is $0.18 per share on revenue of $219.69 million and the Earnings Whisper ® number is $0.20 per share. Investor sentiment going into the company's earnings release has 53% expecting an earnings beat. Consensus estimates are for year-over-year earnings growth of 20.00% with revenue increasing by 77.46%. Short interest has increased by 43.4% since the company's last earnings release while the stock has drifted lower by 30.4% from its open following the earnings release to be 26.0% below its 200 day moving average of $25.37. Overall earnings estimates have been revised higher since the company's last earnings release. On Wednesday, March 25, 2020 there was some notable buying of 3,763 contracts of the $20.00 call expiring on Friday, April 17, 2020. Option traders are pricing in a 17.7% move on earnings and the stock has averaged a 4.3% move in recent quarters.

&gt; #([CLICK HERE FOR THE CHART!](http://elite.finviz.com/chart.ashx?t=SMPL&amp;ty=c&amp;ta=st_c,sch_200p,sma_50,sma_200,sma_20,sma_100,bb_20_2,rsi_b_14,macd_b_12_26_9,stofu_b_14_3_3&amp;p=d&amp;s=l))

*****

# Conn's, Inc. $3.33
&gt; **Conn's, Inc. (CONN)** is confirmed to report earnings at approximately 6:00 AM ET on Thursday, April 9, 2020. The consensus earnings estimate is $0.35 per share on revenue of $412.61 million and the Earnings Whisper ® number is $0.33 per share. Investor sentiment going into the company's earnings release has 65% expecting an earnings beat The company's guidance was for revenue of $394.00 million to $411.00 million. Consensus estimates are for earnings to decline year-over-year by 63.54% with revenue decreasing by 4.71%. Short interest has increased by 23.6% since the company's last earnings release while the stock has drifted lower by 77.8% from its open following the earnings release to be 80.3% below its 200 day moving average of $16.86. Overall earnings estimates have been revised lower since the company's last earnings release. Option traders are pricing in a 25.5% move on earnings and the stock has averaged a 16.7% move in recent quarters.

&gt; #([CLICK HERE FOR THE CHART!](http://elite.finviz.com/chart.ashx?t=CONN&amp;ty=c&amp;ta=st_c,sch_200p,sma_50,sma_200,sma_20,sma_100,bb_20_2,rsi_b_14,macd_b_12_26_9,stofu_b_14_3_3&amp;p=d&amp;s=l))

*****

# Levi Strauss &amp; Co. $9.51
&gt; **Levi Strauss &amp; Co. (LEVI)** is confirmed to report earnings at approximately 4:15 PM ET on Tuesday, April 7, 2020. The consensus earnings estimate is $0.35 per share on revenue of $1.47 billion and the Earnings Whisper ® number is $0.37 per share. Investor sentiment going into the company's earnings release has 6% expecting an earnings beat. Consensus estimates are for earnings to decline year-over-year by 7.89% with revenue increasing by 2.48%. Short interest has increased by 37.2% since the company's last earnings release while the stock has drifted lower by 51.6% from its open following the earnings release to be 47.1% below its 200 day moving average of $17.97. Overall earnings estimates have been revised lower since the company's last earnings release. The stock has averaged a 6.0% move on earnings in recent quarters.

&gt; #([CLICK HERE FOR THE CHART!](http://elite.finviz.com/chart.ashx?t=LEVI&amp;ty=c&amp;ta=st_c,sch_200p,sma_50,sma_200,sma_20,sma_100,bb_20_2,rsi_b_14,macd_b_12_26_9,stofu_b_14_3_3&amp;p=d&amp;s=l))

*****

# Greenbrier Companies Inc. $13.12
&gt; **Greenbrier Companies Inc. (GBX)** is confirmed to report earnings at approximately 6:00 AM ET on Tuesday, April 7, 2020. The consensus earnings estimate is $0.29 per share on revenue of $800.03 million and the Earnings Whisper ® number is $0.25 per share. Investor sentiment going into the company's earnings release has 35% expecting an earnings beat. Consensus estimates are for year-over-year earnings growth of 31.82% with revenue increasing by 21.46%. Short interest has increased by 93.0% since the company's last earnings release while the stock has drifted lower by 57.6% from its open following the earnings release to be 50.9% below its 200 day moving average of $26.74. Overall earnings estimates have been revised higher since the company's last earnings release. On Thursday, April 2, 2020 there was some notable buying of 544 contracts of the $10.00 put expiring on Friday, June 19, 2020. Option traders are pricing in a 21.9% move on earnings and the stock has averaged a 6.2% move in recent quarters.

&gt; #([CLICK HERE FOR THE CHART!](http://elite.finviz.com/chart.ashx?t=GBX&amp;ty=c&amp;ta=st_c,sch_200p,sma_50,sma_200,sma_20,sma_100,bb_20_2,rsi_b_14,macd_b_12_26_9,stofu_b_14_3_3&amp;p=d&amp;s=l))

*****

# AngioDynamics $9.63
&gt; **AngioDynamics (ANGO)** is confirmed to report earnings at approximately 7:00 AM ET on Tuesday, April 7, 2020. The consensus estimate is for a loss of $0.03 per share on revenue of $68.43 million and the Earnings Whisper ® number is ($0.04) per share. Investor sentiment going into the company's earnings release has 30% expecting an earnings beat. Consensus estimates are for earnings to decline year-over-year by 115.79% with revenue decreasing by 20.74%. Short interest has decreased by 9.7% since the company's last earnings release while the stock has drifted lower by 43.7% from its open following the earnings release to be 39.5% below its 200 day moving average of $15.93. Overall earnings estimates have been revised lower since the company's last earnings release. On Tuesday, March 24, 2020 there was some notable buying of 1,450 contracts of the $12.50 call expiring on Friday, April 17, 2020. Option traders are pricing in a 18.4% move on earnings and the stock has averaged a 8.2% move in recent quarters.

&gt; #([CLICK HERE FOR THE CHART!](http://elite.finviz.com/chart.ashx?t=ANGO&amp;ty=c&amp;ta=st_c,sch_200p,sma_50,sma_200,sma_20,sma_100,bb_20_2,rsi_b_14,macd_b_12_26_9,stofu_b_14_3_3&amp;p=d&amp;s=l))

*****

# RPM International Inc. $56.94
&gt; **RPM International Inc. (RPM)** is confirmed to report earnings at approximately 6:45 AM ET on Wednesday, April 8, 2020. The consensus earnings estimate is $0.20 per share on revenue of $1.18 billion and the Earnings Whisper ® number is $0.18 per share. Investor sentiment going into the company's earnings release has 36% expecting an earnings beat The company's guidance was for earnings of $0.17 to $0.23 per share. Consensus estimates are for year-over-year earnings growth of 42.86% with revenue increasing by 3.45%. Short interest has decreased by 16.9% since the company's last earnings release while the stock has drifted lower by 25.1% from its open following the earnings release to be 17.1% below its 200 day moving average of $68.67. Overall earnings estimates have been revised lower since the company's last earnings release. Option traders are pricing in a 11.9% move on earnings and the stock has averaged a 3.1% move in recent quarters.

&gt; #([CLICK HERE FOR THE CHART!](http://elite.finviz.com/chart.ashx?t=RPM&amp;ty=c&amp;ta=st_c,sch_200p,sma_50,sma_200,sma_20,sma_100,bb_20_2,rsi_b_14,macd_b_12_26_9,stofu_b_14_3_3&amp;p=d&amp;s=l))

*****

# SMART Global Holdings, Inc. $20.67
&gt; **SMART Global Holdings, Inc. (SGH)** is confirmed to report earnings at approximately 4:05 PM ET on Tuesday, April 7, 2020. The consensus earnings estimate is $0.50 per share on revenue of $268.40 million and the Earnings Whisper ® number is $0.47 per share. Investor sentiment going into the company's earnings release has 57% expecting an earnings beat The company's guidance was for earnings of $0.45 to $0.55 per share on revenue of $265.00 million to $275.00 million. Consensus estimates are for earnings to decline year-over-year by 34.21% with revenue decreasing by 11.73%. Short interest has increased by 22.1% since the company's last earnings release while the stock has drifted lower by 41.2% from its open following the earnings release to be 30.3% below its 200 day moving average of $29.64. Overall earnings estimates have been revised lower since the company's last earnings release. Option traders are pricing in a 16.6% move on earnings and the stock has averaged a 14.3% move in recent quarters.

&gt; #([CLICK HERE FOR THE CHART!](http://elite.finviz.com/chart.ashx?t=SGH&amp;ty=c&amp;ta=st_c,sch_200p,sma_50,sma_200,sma_20,sma_100,bb_20_2,rsi_b_14,macd_b_12_26_9,stofu_b_14_3_3&amp;p=d&amp;s=l))

*****

# Lindsay Manufacturing Co. $85.46
&gt; **Lindsay Manufacturing Co. (LNN)** is confirmed to report earnings at approximately 6:45 AM ET on Tuesday, April 7, 2020. The consensus earnings estimate is $0.49 per share on revenue of $113.67 million and the Earnings Whisper ® number is $0.40 per share. Investor sentiment going into the company's earnings release has 40% expecting an earnings beat. Consensus estimates are for year-over-year earnings growth of 2,350.00% with revenue increasing by 4.11%. Short interest has decreased by 29.6% since the company's last earnings release while the stock has drifted lower by 13.4% from its open following the earnings release. Overall earnings estimates have been revised lower since the company's last earnings release.

&gt; #([CLICK HERE FOR THE CHART!](http://elite.finviz.com/chart.ashx?t=LNN&amp;ty=c&amp;ta=st_c,sch_200p,sma_50,sma_200,sma_20,sma_100,bb_20_2,rsi_b_14,macd_b_12_26_9,stofu_b_14_3_3&amp;p=d&amp;s=l))

*****

# MSC Industrial Direct Co. Inc. $54.32
&gt; **MSC Industrial Direct Co. Inc. (MSM)** is confirmed to report earnings at approximately 6:30 AM ET on Wednesday, April 8, 2020. The consensus earnings estimate is $0.98 per share on revenue of $789.46 million and the Earnings Whisper ® number is $1.00 per share. Investor sentiment going into the company's earnings release is for earnings to come in-line with estimates The company's guidance was for earnings of $0.97 to $1.03 per share on revenue of $781.00 million to $798.00 million. Consensus estimates are for earnings to decline year-over-year by 20.97% with revenue decreasing by 4.08%. Short interest has decreased by 56.0% since the company's last earnings release while the stock has drifted lower by 30.1% from its open following the earnings release to be 22.7% below its 200 day moving average of $70.32. Overall earnings estimates have been revised lower since the company's last earnings release. Option traders are pricing in a 9.3% move on earnings and the stock has averaged a 2.6% move in recent quarters.

&gt; #([CLICK HERE FOR THE CHART!](http://elite.finviz.com/chart.ashx?t=MSM&amp;ty=c&amp;ta=st_c,sch_200p,sma_50,sma_200,sma_20,sma_100,bb_20_2,rsi_b_14,macd_b_12_26_9,stofu_b_14_3_3&amp;p=d&amp;s=l))

*****

# Shaw Communications Inc. $15.62
&gt; **Shaw Communications Inc. (SJR)** is confirmed to report earnings at approximately 9:00 PM ET on Thursday, April 9, 2020. The consensus earnings estimate is $0.25 per share on revenue of $1.05 billion and the Earnings Whisper ® number is $0.20 per share. Investor sentiment going into the company's earnings release has 53% expecting an earnings beat. Consensus estimates are for year-over-year earnings growth of 8.70% with revenue increasing by 6.24%. The stock has drifted lower by 22.7% from its open following the earnings release to be 19.3% below its 200 day moving average of $19.36. Overall earnings estimates have been revised lower since the company's last earnings release. Option traders are pricing in a 13.8% move on earnings and the stock has averaged a 1.8% move in recent quarters.

&gt; #([CLICK HERE FOR THE CHART!](http://elite.finviz.com/chart.ashx?t=SJR&amp;ty=c&amp;ta=st_c,sch_200p,sma_50,sma_200,sma_20,sma_100,bb_20_2,rsi_b_14,macd_b_12_26_9,stofu_b_14_3_3&amp;p=d&amp;s=l))

*****

# DISCUSS!

What are you all watching for in this upcoming trading week?

*****

I hope you all have a wonderful weekend and a great trading week ahead r/wallstreetbets.",0
35,SEC Extended 1st Quarter Reporting by 45 Days,https://www.reddit.com/r/wallstreetbets/comments/fswdx8/sec_extended_1st_quarter_reporting_by_45_days/,2020-04-01 5:16:43,"SEC  extends deadline to provide certain disclosures, such as earnings, by 45 days, so MarketWatch asked all 30 Dow components their plans.  The Securities and Exchange Commission  will allow companies to delay reporting earnings, if needed, but that doesn't mean any of them will.  The  SEC  said last week that [it would extend the deadline](https://www.sec.gov/news/press-release/2020-74) for companies to provide certain disclosure reports by 45 days, given business disruptions resulting from the COVID-19 pandemic. The companies requesting delays just have to provide a summary of why an extension is needed for each report, the  SEC  said. Read [MarketWatch's Coronavirus update](http://www.marketwatch.com/story/coronavirus-update-803650-cases- 39033-deaths-and-white-house-expected-to-release-models-showing-trajectory-of-illness-2020-03-31).  Some of the companies within the Dow Jones Industrial Average have already issued press releases stating when their earnings reports will be released. But as many companies have withdrawn financial guidance, given difficulties in assessing the potential impact of the coronavirus health crisis, they can still look to push back releasing those reports.  Don't miss: First-half earnings are a bust as coronavirus stops companies in their tracks. Will the second-half be better? [It depends](http://www.marketwatch.com/story/first-half-earnings-are-a-bust-as-coronavirus-stops-companies-in- their-tracks-will-the-second-half-be-better-it-depends-2020-03-26).  MarketWatch asked all 30 Dow companies whether they would take advantage of the added flexibility in reporting results.  Here is what the companies that responded said (in alphabetical order):

 American Express Co. .(AXP)  
 American Express  is scheduled to report first-quarter first-quarter results on  April 24 .  
""We are still focused **on 4/24** as a date,"" said  Marina Norville , vice president of corporate affairs and communications.

 Caterpillar Inc. .(CAT)  
(CAT)"" Caterpillar's  first-quarter earnings will be released on **April 28, 2020**  as stated in the company's recent press release issued  March 26, 2020 ,"" said  Kate Kenny , corporate media manager at  Caterpillar , in an emailed response.

 Chevron Corp. .(CVX)  
(CVX) Chevron  is projected to report first-quarter results **on or about  April 24**, according to FactSet, after reporting result on  April 26  a year ago.
""We are planning to report our earnings following a similar schedule and process as we have done in the past,"" said  Sean Comey , senior adviser--external affairs at  Chevron .

 Cisco Systems Inc. .(CSCO)  
 **Cisco  lists  May 13**  as the date for fiscal third-quarter results on its investor-relations website.
""We have no plans to change our timing,"" a  Cisco  spokesman said.

 Coca-Cola Co. .(KO)   
(KO)Coca-Cola is projected to report first-quarter results on or about  April 28 , according to FactSet, after reporting results on  April 23  a year ago  
A company spokesperson said there was ""**no additional information to share at this time.**""

 Dow Inc. .(DOW)  
(DOW)Dow said it would report first-quarter results on  April 30  
""Consistent with our normal quarterly reporting process, our 10-Q is expected to file shortly thereafter,"" a spokesperson said.
A year ago, the company reported first-quarter results **on  May 2 , and filed its 10-Q on  May 3**.

 Exxon Mobil Corp. .(XOM)  
(XOM)""We're still planning to issue a press release and hold an earnings call **on  May 1**,"" a spokesperson said in an emailed statement  
A year ago, the company reported first-quarter results on  April 26  and filed its 10-Q on  May 2 .

Goldman Sachs Group Inc..(GS)  
Goldman is scheduled to report first-quarter results **on  April 15**  
A spokesperson said Goldman expects to report earnings ""as previously scheduled.""
A year ago, the company reported first-quarter results on  April 15 , and filed its 10-Q on  May 6 .

 Home Depot Inc. .(HD)  
 Home Depot  is expected to report fiscal first-quarter results on our about  May 19 , according to FactSet  
""**We haven't announced any changes in timing**,"" a company spokesperson said.
Last year, the company reported first-quarter earnings on  May 21  and filed the 10-Q on  May 29 .

 Intel Corp. .(INTC)  
Intel is scheduled to report first-quarter results **on  April 23**  
""Our timing has not changed,"" a spokesperson said.

 J.P. Morgan Chase &amp; Co. .(JPM)
(JPM) J.P. Morgan  is currently scheduled to report first-quarter results on  **April 14**.  
""We're on track to report as scheduled,"" a spokesperson said.

 Microsoft Corp. .(MSFT)  
 Microsoft  is projected to report fiscal third-quarter results on  April 23 , according to FactSet, after reporting last year's third-quarter results on  April 24 .
The company said it **didn't have anything to share** about the timing of its coming earnings report.

 Travelers Companies Inc. .(TRV)  
Travelers said on  March 9  that it will review first-quarter results **on  April 21**  
""As of right now, we are still on a schedule,"" a spokesperson said.

 Verizon Communications Inc. .(VZ)  
Verizon said earlier in March that it will conduct its first-quarter earnings call  **April 24**.  
""We have no plans to change our timing,"" said a company spokesperson said in an emailed statement.

 Walgreens Boots Alliance Inc. .(WBA)  
 Walgreens  (WBA) said on  March 2  that it will report fiscal second-quarter earnings **on  April 2**.  
A spokesperson for the company said, ""WBA has not changed its earnings date.""

The following companies **did not immediately respond** to a request for comment:

 3M Co. .(MMM)  
**Apple Inc. .(AAPL).**  
 **Boeing Co. .(BA).**  
 International Business Machines Corp..(IBM)   
 Johnson &amp; Johnson (JNJ).  
 McDonald's  Corp..(MCD).  
 Merck &amp; Co. Inc. .(MRK).  
 Nike Inc. .(NKE).  
 Pfizer Inc. .(PFE).  
 Procter &amp; Gamble Co. .(PG).  
 **UnitedHealth Group Inc. .(UNH).**  
 United Technologies Corp. .( UTX ).  
 Visa Inc. .(V).  
 Walmart Inc. .(WMT).  
 Walt Disney Co. .(DIS).  

 03-31-20   1748ET",-1
