created_date,title,body,sentiment,url
2020-12-31 17:24:25,CRM (SALESFORCE) - THE CHOSEN CRM?,"# Rating: BUY

# EOY 2021 Target: 270

# March 2021 Target: 240

[I’ll probably be rolling current positions to a later date this week or early next week.](https://www.reddit.com/r/wallstreetbets/comments/kkbtbi/crm_vaccine_play_or_a_wsb_4d_chess_move_or_take/?utm_source=share&amp;utm_medium=web2x&amp;context=3)

## Other Positions I’m considering (as of 2:15 PM MST 12/31) 

&gt;*Note: I’m waiting for biased bottom confirmation.*

# LEAP: 270c 10/21 @ 13.25

# MID-TERM: 240c 3/21 @ 8.4

# OHP: 2-3 weeks before 3/21 earnings

**Thesis 1:** In 2021, Salesforce will use slack as a major integration tool to marry internal conversations and workflows with automation. 

Slacks customer base (start-ups and small to medium size businesses) may adopt the Salesforce CRM platform.  

**Catalyst 1:** By putting Slack in the middle of business processes, you can begin to eliminate friction that occurs in complex enterprise software like Salesforce. Instead of moving stuff through email, clicking a link, opening a browser, signing in and then finally accessing the tool you want, the approval could be built into a single Slack message. 

“If you look at what people are doing with the Slack platform, it’s essentially incorporating workflows and bots and all these things. The combination of the Salesforce platform where I think we have the best automation intelligence capabilities with the Slack platform is incredible,” Taylor said.

### Assuming that Covid and new mutations will be the new norm. 

**Thesis 2:** In 2021, as Covid vaccine deliveries ramp up, more and more hospitals and local governments will adopt the Salesforce platform and the Salesforce Health Cloud to help schedule vaccination appointments and manage their COVID-19 vaccine programs, including vaccine inventory management and administration, notifications, outcome monitoring, and more.

**Catalyst 2:** More than 15 international, federal, state, and local agencies, including the State of New Hampshire and the City of Chicago, use the Salesforce Platform and Work.com for Vaccine distribution. 

## What is a CRM?

Customer relationship management (CRM) is a technology for managing all your company's relationships and interactions with customers and potential customers. The goal is simple: Improve business relationships.

Some of the major players in this space include: SAP, ORCL, MSFT, ZEN, and HUBS. 

## About Salesforce

salesforce.com, inc.engages in the design and development of cloud-based enterprise software for customer relationship management. Its solutions include sales force automation, customer service and support, marketing automation, digital commerce, community management, collaboration, industry-specific solutions, and salesforce platform. The firm also provides guidance, support, training, and advisory services. The company was founded by Marc Russell Benioff, Parker Harris, David Moellenhoff, and Frank Dominguez in February 1999 and is

headquartered in San Francisco, CA.

### CRM (Salesforce) Compared to Competitors (current price as of 9:30 AM MST 12/31)(Running 12-month PE ratio via Zacks):

https://preview.redd.it/2ivax9kqkl861.png?width=1270&amp;format=png&amp;auto=webp&amp;s=0054cd56bde8746f1aa837260962287b58fcf80d

CRMs market cap is 48.99x the amount of money they make in a year *(I think this is correct but feel free to call me out in comments and I’ll make adjustments. Still a newb.)* 

### CRM and Competitor Ratings from Trustradius.com:

*trScore is an algorithm that calculates a product’s scores based on a weighted average of reviews and ratings, rather than a simple average.*

https://preview.redd.it/7osk4yxskl861.png?width=1234&amp;format=png&amp;auto=webp&amp;s=396d927ffdd8b03f47008e8f20ce212913b2f5b6

# CRM and Competitor # of Users (pulled from company data and thompson data):

&amp;#x200B;

https://preview.redd.it/e6j0onnzkl861.png?width=512&amp;format=png&amp;auto=webp&amp;s=2f34237eaac80db094d57c702bd6b0fd7d158943

The Big 3 -  Platform Rating Summary

https://preview.redd.it/a8wcsd24ll861.png?width=1890&amp;format=png&amp;auto=webp&amp;s=4f9af552e5464ed84d3e270993c01a7344bc226c

# Quarterly Report - Dec 4, 2020 Breakdown (10k SEC Filing)

## Earnings:

*Bullish Statements*

“Our professional services and other gross margin was break-even and positive $15 million during the three and nine months ended October 31, 2020, respectively, and positive $10 million and $27 million during the three and nine months ended October 31, 2019, respectively.”

“Earnings per Share: Third quarter diluted earnings per share was $1.15 as compared to a loss per share of $0.12 from a year ago. Third quarter diluted earnings per share benefited by an unrealized gain of $1.1 billion associated with the initial public offering of one of our strategic investments.”

## Revenue from Product: 

*Bearish Statements*

“For the nine months ended October 31, 2020, the increase in cost of revenues was primarily due to an increase of $276 million in employee-related costs, an increase of $37 million in stock-based expenses, an increase of $220 million in service delivery costs, primarily due to our efforts to increase data center capacity, and an increase of amortization of purchased intangible assets of $214 million.”

*Bullish Statements*

“As a result of the financial impacts of COVID-19 we experienced during the nine months ended October 31, 2020 and our current assumptions related to the extent to which the pandemic will affect our business going forward, we expect modest growth in our new incremental business and renewals, total revenues, remaining performance obligation and operating cash flows for the fourth quarter of fiscal 2021.”

“Revenue: Total third quarter revenue was $5.4 billion, an increase of 20 percent year-over-year.”

“The increase in revenues outside of the Americas was the result of the increasing acceptance of our services, our focus on marketing our services internationally and investment in additional international resources.”

“Revenues in the Americas and Europe also benefited from our acquisition of Tableau in August 2019”

“Our marketing and sales headcount increased by 13 percent since October 31, 2019, primarily attributable to hiring additional sales personnel to focus on adding new customers and increasing penetration within our existing customer base.”

“In August 2020, Salesforce was recognized by the Climate Group and RE100 as Best Policy Influencer for our efforts in calling for a federal price on carbon, supporting new emissions standards in the state of Virginia, and signing the largest ever UN-backed CEO-led climate advocacy effort to urge governments to incorporate climate action in their economic recovery plans.”

“We also plan to continue to reinvest a significant portion of our incremental revenue in future periods to grow our business and continue our leadership role in the cloud computing industry. As part of our business and growth strategy, we are delivering innovative solutions in new categories, including analytics and integration. We drive innovation organically and, to a lesser extent, through acquisitions, such as our recent acquisition of Vlocity in June 2020 and our pending acquisition of Slack Technologies, Inc. (“Slack”), which was signed in December 2020 and is expected to close in the second quarter of fiscal 2022.”

“Pricing was not a significant driver of the increase in revenues for the period.”

“Marketing and sales expenses make up the majority of our operating expenses and consist primarily of salaries and related expenses, including stock-based expenses and commissions, for our sales and marketing staff, as well as payments to partners, marketing programs and allocated overhead.”

## Cashflow

*Bearish Statements*

“Our operating cash flows were negatively impacted by investments made in our go-to-market efforts, such as the partial minimum commission guarantee provided in the first quarter of fiscal 2021.”

“In fiscal 2021, changes in billing frequency for new business and investments in our go-to-market efforts resulted in a negative impact to our operating cash flows during the quarter.”

“The COVID-19 pandemic has created significant global economic uncertainty, adversely impacted the business of our customers and partners, impacted our business and results of operations and could further impact our results of operations and our cash flows in the future.”

## Debt

*Bullish Statements*

“We believe our existing cash, cash equivalents, marketable securities, cash provided by operating activities, unbilled amounts related to contracted non-cancelable subscription agreements, which is not reflected on the balance sheet, and, if necessary, our borrowing capacity under our Credit Facility will be sufficient to meet our working capital, capital expenditure and debt repayment needs over the next 12 months.”

“We may use the proceeds of future borrowings under the Credit Facility for refinancing other indebtedness, working capital, capital expenditures and other general corporate purposes, including permitted acquisitions.”

## Slack Acquisition News (various reputable tech and news sites).

Slack CEO Stewart Butterfield: “As software plays a more and more critical role in the performance of every organization, we share a vision of reduced complexity, increased power and flexibility, and ultimately a greater degree of alignment and organizational agility. Personally, I believe this is the most strategic combination in the history of software, and I can’t wait to get going.”

“ The company had lost nearly half of its market value since going public in April 2019, and it failed to turn a profit during its last three quarters despite the surge in remote work due to COVID-19”

“The company did not have an obvious path to becoming profitable and no clear way to overcome increasing pressure from Microsoft Teams, making a potential acquisition more likely with each passing quarter.”

“From the Salesforce perspective, Taylor says that the Slack deal was worth the money because it really allows his company to bring together all the pieces of their platform, one that has expanded over the years from pure CRM to include marketing, customer service, data visualization, workflow and more.”

“...by putting Slack in the middle of business processes, you can begin to eliminate friction that occurs in complex enterprise software like Salesforce. Instead of moving stuff through email, clicking a link, opening a browser, signing in and then finally accessing the tool you want, the approval could be built into a single Slack message.”

““When you think about automation, it’s event driven, these long-running processes, automations. If you look at what people are doing with the Slack platform, it’s essentially incorporating workflows and bots and all these things. The combination of the Salesforce platform where I think we have the best automation intelligence capabilities with the Slack platform is incredible,” Taylor said.”

# Slack vs Microsoft Teams

https://preview.redd.it/y9fzliygll861.png?width=1360&amp;format=png&amp;auto=webp&amp;s=1b1de3f00419e3592ffc6e62de63ab3de0ffcb60

## Technical Analysis

1 Year Leap: PT 270

https://preview.redd.it/2c3w2rxkll861.png?width=1556&amp;format=png&amp;auto=webp&amp;s=49a984ed38e19fa9e624340d16299045cc8a2c5e

Midterm: PT 240

https://preview.redd.it/4njycvboll861.png?width=1564&amp;format=png&amp;auto=webp&amp;s=6edb61dd7493cff2198e407b2ead8bc7e62f12a0

**Will play an OHP at least 2-3 weeks before earnings on 3/3/21**

## Option Flow Data

https://preview.redd.it/8snsirkqll861.png?width=1564&amp;format=png&amp;auto=webp&amp;s=5f314f639c3f8ac6fd4d54dc448a0f2c0b71fae1

# Major Dark Pool Prints

&amp;#x200B;

https://preview.redd.it/d5mbbzbull861.png?width=1298&amp;format=png&amp;auto=webp&amp;s=651dfd5f478f7143c05f7c59bd4884fa616ffcce

## Recent CRM News

### 12/16

SAN FRANCISCO, Dec. 16, 2020 /PRNewswire/ -- Salesforce, (NYSE:CRM), the global leader in CRM, today announced that more than 15 international, federal, state and local agencies, including the State of New Hampshire and the City of Chicago, are using the Salesforce Platform and Work.com for Vaccines to help schedule vaccination appointments and manage their COVID-19 vaccine programs including vaccine inventory management and administration, notifications, outcome monitoring, and more.

B of A Securities Reinstates Buy on Salesforce.com, Announces $275 Price Target

### 12/15

Salesforce Reports Will Help Gavi Manage Critical Info To Equitably Distribute \~2B COVID-19 Vaccines To 190 Countries By End Of 2021 - Reuters

### 12/9

Slack Technologies Inc (NYSE:WORK) has inked a definitive agreement to be acquired by customer relationship management behemoth Salesforce, Inc. (NYSE:CRM).

The transaction is likely to receive the required stockholder and regulatory approvals, and another offer is unlikely to emerge, according to Morgan Stanley.

The Slack Technologies Analyst: Keith Weiss upgraded Slack Technologies from Underweight to Equal Weight and raised the price target from $27 to $44.

The Slack Technologies Thesis: The cash-and-stock deal implies the company’s shares are worth $44.47 each, representing an equity value of more than $27 billion and enterprise value of around $26 billion, Weiss said in the upgrade note.

Management expects the deal to close in the quarter ending July 31, 2021.

“Given the premium on a growth adjusted basis, we see this as a full valuation for Slack, and therefore don't expect anyone to go over the top, especially considering the limited potential buyers given a deal this large,” the analyst said. 

Earlier this month, Slack Technologies released strong quarterly results, with revenues, billings and margins ahead of the consensus estimates, he said.

Thanks for reading,

DayMan",-1,https://www.reddit.com/r/wallstreetbets/comments/knzfkv/crm_salesforce_the_chosen_crm/
2020-12-31 8:57:34,"Stock Market News for Today | LMT, AAPL, ACB, TLRY, FUBO, ARKK &amp; other stock market news","**Are investors too bullish right now? What are the latest market movements in the auto industry? Pot get legalized in Mexico while FuboTv Plunges yet again. Let’s talk about this and other stock market news**

**\~Very Long Post\~**

Hello everyone and Good Morning!

First of all, I wanted to wish everyone a happy new year and hopefully things get better in 2021, and this also brings us at least the great returns that we had in 2020 in the stock market!

So, let’s start with the recap of yesterday, as we saw all 3 big indexes finish the last full trading day of the year in the green, with the [Dow Jones](https://ibb.co/0cvjjHN) leading the way, up .24% and closing at a new record high, while both the tech heavy [Nasdaq Composite](https://ibb.co/QFyd2f6) and the broad market [SP500](https://ibb.co/B67fT1g) were up just over .1% for the day.

We also saw the [VIX](https://ibb.co/b6Nqf9Z) barely drop yesterday closing just below 23, and with the Georgia runoff election just days away, we can see this going higher if the Democrats win both seats.

We saw almost 70% of the companies advancing [yesterday](https://ibb.co/g9CHK9Q) with most of them trading way below average volume as 7 of the 11 [SECTORS](https://ibb.co/LzXDF2P) finished in the green, with Energy &amp; Materials closing the day up more than 1.3% while the biggest loser was the Communications sector, falling almost 0.7%, as we saw the small-cap stocks regain some momentum, [leading](https://ibb.co/yQCFtTZ) the way after they had 2 very bad days to start the week, while the only group that was losing ground yesterday was the large-cap growth sector.

Here is the [HEAT MAP](https://ibb.co/x5bN7Lk) from yesterday that pretty much sums up the other charts as we can see most big tech companies like Amazon, Google, Microsoft and even Apple losing ground for the day, while the biggest gainers were companies like Tesla &amp; TSM alongside the industrial sector and companies like Disney and Mastercard.

Yesterday we also got the investor sentiment [SURVEY](https://ibb.co/7QPXjPV), which for me personally came in pretty mixed, as I use this as a contrarian indicator. This last week we saw 2.5% more investors moving to the bull’s camp, while we also saw almost a 5% increase in bears, as investors become more divided. I think the market is still a little to over bullish and I would avoid to add more money right now, but I wouldn’t get of the stock market either. I think this is a good moment to stay put and wait for more developments overall, but there might still be some good opportunities around in the market and I wouldn’t avoid getting into those.

We also got a lot of economic data yesterday, with a survey for business uncertainty for [December](https://ibb.co/87FMyQ6) showing increasing uncertainty for sales growth but a with a small decline in employment growth expectations.

Meanwhile another number that confirms the investor sentiment survey is the Investor Confidence [Index](https://ibb.co/5952C9Z) which rose by more than 13 points in November, as investors increased the risk appetite for their portfolios.

Alongside this we also saw the November pending home [SALES](https://ibb.co/F8WBXnh) decrease by more than 2.5% month over month, but are still up more than 16% since a year ago, with this monthly decrease mostly coming due to the shortage of inventory.

The Chicago [PMI](https://ibb.co/QF40My3) also came in way better than expected and 59.5 vs 57 expected and up from the 58.2 in the previous month with the biggest movement coming from the employment indicator as it rose to a one year high but is still in contraction territory since 2019.

We also saw the wholesale [inventories](https://ibb.co/fkWmNmc) decrease in November’s advance read while the [retail](https://ibb.co/BBKNrb5) inventories saw an increase of .7%, pretty much in-line with expectations while the trade [balance](https://ibb.co/CKSR070) also saw a surprise decline in the deficit to more than of $84B, $4B worse than the last revision.

[Today](https://ibb.co/D14JGZc) we get initial and continuing jobless claims numbers, alongside the money supply and the FED Balance sheet to end us off for the year.

In some other stock market [news](https://ibb.co/GkZgGM1), we saw Fubo sink more than 14% again yesterday after another investing firm announced they have shorted the stock, pointing to the insane valuations of more than $13.000/subscriber.

We also saw a [research](https://ibb.co/QMF5fnG) that indicated some changes in the market share of car companies with Hyundai/Kia having the biggest gains alongside GM, while Nissan saw the biggest decline in market share, mostly due to selling larger &amp; pricier SUVs with cars continuing to see a decline in sales, while the larger vehicles have started to rebound slightly, as all car makers are [bringing](https://ibb.co/kJGkXtz) more &amp; more SUVs and Trucks to the market.

Lockheed Martin also was [awarded](https://ibb.co/bWS5G6j) a new Navy contract worth more than $900M as this might help the company start to get back on track while Mexico will become the world largest legal cannabis market as the Mexican Senate passed a bill in November which is [expected](https://ibb.co/VW3Lqtn) to receive approval in the lower house by February. This is great news for companies in the sector like ACB, Canopy Growth and the future merged company Tilray &amp; Aphria.

Also, one of the biggest active ETFs with over $15B in assets, the [ARK](https://ibb.co/80WJFdW) Innovation ETF saw it’s first daily withdrawal since November, as this hasn’t experienced weekly outflows since early in 2020, this might have been driven by profit taking as this ETF has surged more than 140% this year and also just the ex-dividend date on the 29th, as people expect for the ETF to have a hard time in duplicating the results of this year, which saw it rise on the back of Tesla and Roku with both of them seeing massive increases, with Tesla having more than 7x-ing this year, as that is the biggest holding in the ETF, but who knows we have to wait and see as [TESLA](https://ibb.co/ZzGQgqX) may hit 500K deliveries this year.

And one last piece of [news](https://ibb.co/9bQhB4B) is that Apple did a big purge in their App Store, removing almost 40K game apps as this was the deadline for the developers to submit a government issued license number that enabled users to make in-app purchases. I don’t really think this will have a major impact for the revenues but we will soon find out.

Let’s hope for a good day in the market as US [FUTURES](https://ibb.co/mvv7tjX) seem to be pointing at a mixed open, with the Nasdaq and the SP500 pointing at a good open while the Dow is slightly down, and with no connection to this, in the UK, the [BREXIT](https://ibb.co/Rh1DYyG) chapter is finally about to close.

Thank you everyone for reading! Hope you enjoyed the content! Be sure to leave a comment down below with your opinion on the stock market!

Have a great day and see you next time!",1,https://www.reddit.com/r/wallstreetbets/comments/knqfeb/stock_market_news_for_today_lmt_aapl_acb_tlry/
2020-12-30 11:30:10,What will it take to change GME shorts investment thesis?,"As a GME holder, been thinking about what will have to happen to cause shorts to change their investment thesis. Part of it could be a change in timeline, if GME lasts 5+ years rather than the 1-2 years shorts expected, that could be enough to change an investment thesis. Another is that regardless of timeline, shorts probably compare GME to Blockbuster and no matter how long, it's gonna be toast. So even though GME is undervalued right now they obviously do need a strategy for a long-term position in the gaming industry with games becoming more digital.

Maybe they create an E-sports gaming hub? Maybe they successfully transition to being an online gaming retailer with a new strategic partnership with Microsoft? With the promising 200+% online sales growth, there's a real chance the 2nd option could happen without a major change.

So to the GME shorts lurking, what would it take for y'all to change your thesis?  Also what're y'all gonna do if/when the comparison goes from Blockbuster to Netflix?

\*\*Edit: Just to clarify, the Netflix comparison is a metaphor for a successful pivot in a changing industry.",-1,https://www.reddit.com/r/wallstreetbets/comments/kn5d77/what_will_it_take_to_change_gme_shorts_investment/
2020-12-29 22:08:25,Why do you all blindly follow $GME?,"I understand most of you read at a 3rd grade level so I’ll try to keep this short and pretty.  Why do nearly ALL of you think $GME is a buy other than because people with more money than you like it?

Pros:
Revenue share deal with Microsoft + Sony (which the public, from my research, does not know the scope of)

Closed 400 stores which will (I think) only boost their bottom line?

Ryan Cohen now owns ~12% of stock as an individual investor

Cons:
One dimensional company; stores like Walmart and BestBuy offer the same product

Being furthered ostracized by Sony and Microsoft with digital only consoles


Call me autistic, retarded, the whole 9 yards, just back it up with facts or I will be forced to disregard your opinion as your even more brain dead than I.

I will leave you with this factoid: Every time there has been major console releases, since the company became public, there has been a major spike in share price, followed by a quite spectacular decline.",0,https://www.reddit.com/r/wallstreetbets/comments/kmtn5n/why_do_you_all_blindly_follow_gme/
2020-12-29 21:24:18,GME battle of the autistics vs hedge fund shorts. Threshold securities edition.,"Being an autistic I did some digging on [threshold securities.](https://www.investor.gov/introduction-investing/investing-basics/glossary/threshold-securities) **Any stock being naked shorted will show up on the list and will persist until those shares are covered.** The day this first appeared on the list? [December 8th, which just happens to be the date earnings dropped for Q3.](https://imgur.com/Y6s5r9h) Well they had of covered by [now right? LOL Nope.](https://imgur.com/SBjY6wO)

Well who cares right? Being a stuck in the basement while my wife and her boyfriend rehearse the scene in the casting couch, I looked if this happened in the past. It did, on September 22, 2020 till [October 8, 2020](https://imgur.com/IkiT9xi). October 8th did get some [Microsoft news](https://www.windowscentral.com/gamestop-strikes-multiyear-deal-microsoft-cloud-surface-and-xbox-all-access) which caused the spike but with it naked shorts probably did close out their positions. But what about this time? Well on [Dec 22th we saw a huge 25%](https://imgur.com/T1DykxH) run up, this means they covered out their naked shorting right? [Nope](https://www.nyse.com/regulation/threshold-securities) they didn't. It's still on the list. Even if it wasn't on the threshold securities list, I'd say the short interest had to [of stayed flat or gone higher.](https://www.marketbeat.com/stocks/NYSE/GME/short-interest/) Which also means that big 25% run up on December 22th wasn't a short covering but huge buyers coming in and not Ryan Cohen.

So what am I getting to now? From what I've dug up, at some point when they are forced to close out their naked shorts (not talking about their regular 68M short position) and is no longer on the threshold security list, **GME can still easily gap up +30% in a day.**

For everyone saying it'll never squeeze as GME has been shorted for years. You are correct its been manipulated for years but unlike then we got [Ryan motherfucken Cohen](https://whalewisdomalpha.com/rc-ventures-increased-gamestop-stake/) covering our backs.

*""The Reporting Persons have engaged, and intend to continue to engage, in discussions with the Issuer’s Board of Directors (the “Board”) regarding means to drive stockholder value, including through changes to the composition of the Board and other corporate governance enhancements. While the Reporting Persons desire to come to an amicable resolution with the Issuer, the Reporting Persons* ***will not hesitate to take any actions that they believe are necessary to protect the best interests of all stockholders***\*.""\*

Reporting persons being Ryan Cohen. How can you not love this guy? He didn't just buy any amount of shares, [he bought over 9000k worth of shares](https://www.sec.gov/Archives/edgar/data/1326380/000119380520001571/e620151_sc13da-gamestop.htm). [He's fucken one of us](https://www.youtube.com/watch?v=SiMHTK15Pik), you think he's going to let these piece of shit Melvin Capital off the hook?

Everyone says they won't cover until they are down 1000% on their shorts, paying massive fines on fail to deliver or the insane interest fees on all the shares loaned out to short. Or Ryan Cohen forces a share recall for a vote.

Dates to look out for are:

Jan 11th, 2021 [ICR meeting](https://assets.swoogo.com/uploads/798518-5fd216977c207.pdf).

June 2021, 2021. When two board members seats are going to free up. Proxy fight most likely to happen then. [https://www.globenewswire.com/news-release/2020/03/09/1997507/0/en/GameStop-Appoints-Reginald-Fils-Aim%C3%A9-William-Simon-and-James-Symancyk-to-Board-of-Directors-and-Enhances-Corporate-Governance-to-Drive-Ongoing-Business-Transformation.html#:\~:text=After%20years%20of%20distinguished%20service,2020%20Annual%20Meeting%20of%20Stockholders](https://www.globenewswire.com/news-release/2020/03/09/1997507/0/en/GameStop-Appoints-Reginald-Fils-Aim%C3%A9-William-Simon-and-James-Symancyk-to-Board-of-Directors-and-Enhances-Corporate-Governance-to-Drive-Ongoing-Business-Transformation.html#:~:text=After%20years%20of%20distinguished%20service,2020%20Annual%20Meeting%20of%20Stockholders).

I've been posting SI updates we get bi-weekly as they come out. I can't tell you when to buy in because this stock is volatile as fuck, but those with  💎👋 will get their pay day.

[https://www.reddit.com/r/wallstreetbets/comments/kjogxk/gamestop\_gme\_short\_interest\_update\_for\_121520/](https://www.reddit.com/r/wallstreetbets/comments/kjogxk/gamestop_gme_short_interest_update_for_121520/)

[https://www.reddit.com/r/wallstreetbets/comments/ka3gey/short\_interest\_update\_on\_gme\_for\_113020\_with/](https://www.reddit.com/r/wallstreetbets/comments/ka3gey/short_interest_update_on_gme_for_113020_with/)

Tesla wasn't up 10x in a month, shit took a year. Buy shares or calls June or further out.

🚀🚀🚀🚀🚀🚀 🚀🚀🚀🚀🚀🚀 🚀🚀🚀🚀🚀🚀 🚀🚀🚀🚀🚀🚀 🚀🚀🚀🚀🚀🚀

PS. Fuck all the shills and  🌈🐻. Don't get fooled by their digital sales &gt; physical sales trend. What they don't pay attention to is that gaming as a whole is growing as a whole year over year. If sales goes from 100M to 200M, you can skew graphs to make it look like physical gaming is dying when in fact physical games haven't lost traction at all. Also they are comparing end of console sales to the start of super gaming cycle. Get your GME before this MOASS to the fucken next solar system.",0,https://www.reddit.com/r/wallstreetbets/comments/kmsw4c/gme_battle_of_the_autistics_vs_hedge_fund_shorts/
2020-12-29 11:37:06,PLTR - Technical/Fundamental Analysis from a Professional Investor - Update 12/29,"So a lot has happened with the shares.

The wedge looks like it has broken down, but it could easily be just an extension of a wedge. The point is that we don't have a full breakdown unless we spend considerable time below 25, then I could maybe see things fall back down to 20. I think it is far more likely we just remain in this extended consolidation phase of 25-30 until we get some sort of a catalyst or a short squeeze.

https://preview.redd.it/ddzg718of5861.png?width=1224&amp;format=png&amp;auto=webp&amp;s=58b39c19f793dee8366fc2bafbc55bfe49d49836

But this is not the point of the post today. Today I am here to convince you why a cost basis of 20 or 25 doesn't matter for PLTR. You are buying the company at around 40-50x 2020E sales, Which seems quite high  (not as much compared to SNOW and some other big data plays) but still. So why bother with PLTR?

Before I proceed, I know most people who are here can't read, and I am going to be dropping a gigantic wall of text which I expect all maybe two of your guys to read, so here is the short form  **🚀**  **🚀**  **🚀**

This was the primer I had written on Information Technology  back in 2017

[https://etherealvalue.wordpress.com/2017/02/25/technology-primer/](https://etherealvalue.wordpress.com/2017/02/25/technology-primer/)

I started by looking at the S&amp;P500 since the early 1900s to understand if there was a mental model I could use to outperform the index. What I found was that starting in the late 1800s, most of the companies that ended up creating enormous shareholder value started as technology companies. Dupont was a technology company in the 1800s, Edison Electric was a technology company in the 1900s, GM was a technology company in the 1920s. If one looks at the market capitalization of companies today, many of the largest are today’s technology companies: Google, Apple, Amazon, Microsoft have market capitalizations which eclipse many old traditional industries.

There is clearly something about technology companies that allows them to generate enormous shareholder value and create wealth for society, after all, if the stock index was still dominated by the likes of American Cotton Oil and American Sugar Refining like in the 1900s, we would all be living in a different and much poorer world. The challenge with investing in technology companies is that for every Edison Electric there is a Zenith Radio. for every IBM there is a Sinclaire Rearch and for every Apple there is a Blackberry. There had to be a way to analyze or put into context why some companies last longer than others and why some managed to generate returns over a thousand fold for its investors while others fizzile and pop with the latest turn in the economic cycle.

I agree with Peter Thiel’s thesis that technology advancement is probably slowing down and primarily concentrated around information technology as a result of regulations around the “world of stuff”. I believe this will continue to be the trend of the next 20-30 years, with some exceptions and that the rise of AI may start creating innovation again in many static fields. I believe historically, there were massive innovation happening across multiple disciplines from the 1800s-1950s, where technological progress branched  out like a tree and built on itself. Since the 1970s or so, this branch narrowed  into only a few sectors, primarily focused in information technology.

So I wanted to strip out the massive amount innovations that have taken place around agriculture, communications, transportation, energy and petrochemicals over the past 100 years. It is helpful to think backwards if you will, focusing on just the age of computers and back into the late 1800s, into the birth of the electronic age. When we focus on just the computer led revolution in the 1950s and electricity revolution in the 1870s, we start seeing some interesting trends.

**Information Technology Cycles**

The following is my attempt at describing from a very high level the history of computing and informational technology. What I found was that technology moves both in cycles of proliferation and consolidation and that there is a directional theme.

Electronic Age

**Electricity/Scaled Power (1875-1900):** Platform competition and consolidation phase: Edison vs Tesla. Enterprise facing, originally to convince government and factory owners to replace physical labor.(Important companies: GE and Westinghouse)

**Electronics (1900-1925):** Electricity prices fall as infrastructure rollout, creating a proliferation of electronic hobbyists and startups. Hardware dominates first half, platform dominates next half. Consumer Facing.(Important companies: RCA, Zenith, Galvin (Motorola), most went belly up, upstream and downstream do well)

**Electronics Consolidation (1925-1950):** The electronics sector consolidates, with content platform operators (software) dominating, and winners usually emerge from previously niche targets.(Important companies: AT&amp;T, NBC, IBM)

Computing/Software Age

**Computing/Scaled Electronic (1950-1975):** Platform consolidation: IBM and the seven dwarfs. Enterprise facing, originally to convince government and large scale enterprise to replace  basic mental labor.(Important companies: IBM)

**From Hardware to Software (1975-2000):** Computing price falls, creating a proliferation of hobbyists, IT startups and companies. Lots of PC makers who go bust, software and internet dominate in the second half.(Important companies: Intel, Microsoft, Apple, Dell, most early PC makers go belly up, up and downstream do well)

**Software Consolidation (2000-2025):** Sectors like Retail, information and social consolidate. Hardware continues to fall away to software as content platform start to dominate, winner is emerging across multiple sub verticals.(Important companies: Amazon, Apple, Alibaba, Tencent)

Cloud/AI Age

**Machine Learning (ML)/Smart Software (2025-2050):** Platform consolidation phase. Enterprise facing, convince companies this is the future of advanced mental labor. It will be about the use of AI at the industrial scale being adapted by corporations and governments for various analytical, resource management and decision making processes.(Candidate Important companies\*\*:\*\* AWS, Microsoft, Palantir, companies yet to exist in China)

**Specialized AI (2050-2075):** Machine learning/AI becomes cheaper, creating a proliferation of AI hobbyists and developers, high level programing focused, consumer facing. This will be about the proliferation of AI in our everyday lives. Just as how starting in the 1990s, the story of technology was one with the integration of computers and software to our daily lives, to some extent, outsourcing the memory/logic processing components of our lives to computers. Now, we will be calling upon multiple AIs to do many deal of the functions of our lives in perhaps faster input times (using neural interfaces). Companies and products could be formed in seconds from simply thinking through the process and outsourcing it to smart software who functionally construct its various parts in second to minutes depending on how quickly you can direct and scale your digital minions to do your bidding.(Candidate important companies: most will go bust, up and downstream will likely do well.)

**General AI (2075-2100):** Consolidation of Software/AI. It will be about the web linkages of human/AI integration. Whether this looks like some sort of neural net where we live in a web of information buffeted by our web of AI advisors.

The average core technology cycle seems to be approximately 75 years, with 25 years of infrastructure platform competition and roll-out, 25 years of new venture creation most of which gets washed out, and 25 years of industry consolidation.

The initial phase of the cycle is dominated by 1-3 players fighting it out in a standards war that then gets rolled out as the foundational infrastructure of the next 50 years:

In the initial phase, the general theme is that the companies start off as enterprise and government facing. In the historical electronics and computer cycle, there has been two such periods, the roll out of electrical grid by GE/Westinghouse and the roll out of mainframe computers by IBM. In the case of the AC vs DC standard war between Edison and Tesla, both men through their respective backers, GE and Westinghouse, to invent and supply standardized power equipment and build power plant, the initial consumers were local government to replace previous gas lamp systems with electrical street lamps and to factories. The new technology was seen as cheaper and more efficient than previously gas operated lambs operated by cities and more importantly, electricity delivered by wire is seen as much more efficient than having onsite power for factory operators, allowing for the displacement of onsite steam engines and boilers. The birth of the mainframe computer was similar, although less competitive. Due to an earlier lead and first mover position, IBM was able to dominate the market over its competitors, making them irrelevant. The mainframe computer was sold to large corporations and government defense agencies for the calculation of complex formulas that had previously required the employment of hundreds of staff. The two initial cycles produce two monopolistic businesses that are still DOW components today, GE and IBM, which set the standard for a drop in the price of electricity and computing that would benefit the next phase of the cycle.

The proliferation phase, the general theme is that there is a cheapening of the previous platform technology, electricity and computing power, which enables hobbyists to take advantage and start building new products in the electronics and PC space. This is characterized by period of high new firm creation, high levels of creativity and a move from enterprise focus to the consumer. We saw it in the 1900-1920s with the birth of the electronics industry, there were dozens of radio makers, appliance makers and various electronics manufacturing startups. During this time, there was heavy competition from the host of new hardware businesses, with most profits coming from IP licensing. A similar analogy could be made of the PC era of the 1980s-2000s, there was a lot of hardware makers, it was highly competitive, and the winners of the era were primarily focusing on software (ie Microsoft).

The consolidation phase, In the case of the 1920s, the commoditization of hardware created an opportunity for content providers. History is littered with names of large scale manufacturer that are now defuct, names like Zenith, admiral and dozens of electronics makers which use to hover mid-western industrial hubs such as Chicago. The content providers in Radio and TV became more dominant. Through the current consolidation phase, starting in 2000, we see less new venture creation and generally a focus on the content/distribution platform side of consumer technology. Amazon, Netflix, Google, Apple are key examples of the shift.

What it means today,

I would argue that we are in the consolidation part of the cycle until 2020-2025, where it will continue to be about shrinking number of consumer technology players and the dominance of content over infrastructure. This explains the phenomenal increase of FANG stocks relative to the rest of the market. As a result, for the next 5-10 years, if one can pick good entry points for Amazon (I will discuss my dislike of Google in a future post), one will be successful, and the company will likely last for a long time. It remains to be seen if Apple can create a bigger ecosystem. Contrarian value plays probably revolve around Chinese ADRs which are out of favor with the US public.

**From 2025 onward, the most exciting prospect is the idea of a repeat of the infrastructure buildout that happened at the onset of the electricity and computing age. I believe that the new phase will be targeting enterprise and government and will be a winner take all fight similar to the few cycles. The previous cycles revolved around scaled mechanical energy and scaled linear mental processing, I believe the next phase will revolve around advanced mental processing. I think that corporations and government while benefiting from scale, are beholden to inefficient decision making due to complicated management structuring.** The automation of complex management process that can analyze of complex large data and deploy resources more efficiently will become invaluable to large corporate/government clients. Companies that have potential in this space are big data players with big client channels like AWS and **Palantir** or emergent players which have yet to develop in the US or China. It is also possible that will come from a spinout team from one of current tech giants.

It is a serious mistake to continue to look for consumer plays in the technology space. I believe that the sector is consolidating and played out. New entrants will find it nearly impossible to survive at the downturn of the next cycle and current incumbents will solidity their positioning. The next batch of potentially interesting companies will likely come from the enterprise space. While Wall Street analysts continues to be focused on AWS and the fight over IaaS and PaaS, the most interesting segment to watch is in advanced analytics and resource allocation tools, which is ripe for innovation. There are lots of fat in the middle management layer of corporations and governments. I strongly believe that this space is where the next once in a generation infrastructure player (like GE and IBM) can offer an impressive solution which will fill the niche. The early identification of this company/companies will generate significant out performance relative to any market benchmark.

2020 Update:

If we are in the infrastructure roll-out stage than first mover absolutely has an advantage as we could see with GE, IBM and microsoft to some extent during the previous eras. In the consolidation ages, the last mover had an advantage. Amazon and Apple were not the first e-commerce or hardware makers, but are likely the last because they benefit from  a slow down of technology and a focus on ease of use and scale.  This is why every contract and sticky ones PLTR has is so important, because these relationships will scale in a non-linear way once AI and machine learning starts making its way into  large institutions and first mover advantage is very very important here, just like how GE was working around the clock to sign on factories and local governments for lighting and electricity contracts, once they were in, that is forever and they could start selling other equipment and devices all of which were collecting licensing or patent fees.

I have very high conviction on Palantir.  I believe the reason above is what drove Peter Thiel to invest into Palantir, because it is building the infrastructure layer for the age of AI and PLTR is primed to becoming the single most important company in technology for the next 2-3 decades and will be a 100-1,000x bagger.

Position Update;Now have $220k in shares  (bought another \~$90k in shares yesterday, still about 30k (down from 50k) in calls. I fully expect to lose all my call value.  If it drops to 20, I'll add another 100k. These shares are long term holds and are the ones to pass down to your children.",-1,https://www.reddit.com/r/wallstreetbets/comments/kmhp1p/pltr_technicalfundamental_analysis_from_a/
2020-12-29 11:15:09,"Most undervalued stock on the market - PS5 tech supplier about to link with $TSLA, literally zero discussion on WSB","Immersion ($IMMR) is the market leader in immersive touch technology -- a.k.a. haptics. Most recently they've been in the news as the creators and masterminds of the ""astonishing"" new haptic technology used in the PS5 controller (which will likely set the new standard for gaming controllers moving forward) but they also basically dominate haptic innovation through licensing across industries as diverse as home appliances, mobile devices, medical electronics, and automobiles. **Immersion holds around 3,500 patents in this space.**

Rundown of current situation:

* Licensing agreement with Sony for PS5s ties IMMR earnings to unit sales not just of PS5 consoles, but also of individual controllers (often outpace consoles in units sold) ([source](https://apnews.com/press-release/pr-businesswire/52f9973c17f94e56a03580d7dabbcdc9))
* Most recent earnings call (September 2020) estimated earnings to grow 214% in next 12 months (obviously on track - PS5 achieving highest launch month sales numbers in US console history)
* Company is cash positive with zero debt, maintained sufficient cash runway for 3+ years, reduced operating expenses by 58% while increasing net income to 2.9M in recent quarters
* Trading sideways all year waiting on PS5 launch (last ER in September did not fully reflect PS5 launch in November) &amp; stock price has still not yet really jumped from initial PS5 sales. Reminder that Sony expects to sell 7.6M consoles alone (so, not inclusive of individual controllers sold) by March 2021
* Nota bene, about 50% of IMMR stock is currently owned by institutions alone - great sign for rising stock
* Controller has been getting great reviews\*, Sony now developing PS-VR interface with haptic gloves to be developed by/with IMMR patents

Okay, so fundamentals are all solid and point to undervaluation anyway, but here's the $TSLA upshot:

What's key to understand here is that IMMR is dominating this space because they are not being contracted to develop new technology -- they are licensing their DOMINATING patent portfolio ([source](https://apnews.com/press-release/pr-businesswire/52f9973c17f94e56a03580d7dabbcdc9).) They have no serious competitors because (1) new competitors can't touch the patents they hold and (2) they are [highly litigious](https://en.wikipedia.org/wiki/Immersion_v._Sony) re: basically any work in the haptic space even if it DOESN'T have anything to do with their patents. Even Microsoft's legal team bent the knee. At this point, if you're developing new haptic tech, it will basically be with Immersion.

Well, Tesla announced back in early February that they planned to completely rework their steering wheels to center around a touch-based UI with extensive haptic feedback. The project then took a backseat coverage-wise to COVID, but updates are expected as early as Q1 2021 ([source](https://electrek.co/2020/02/06/tesla-new-steering-wheel-touchscreen-gear-stalk/).) IMMR is among the names thrown around as a potential contractor or licensee for the haptic elements of the steering wheel, but for the reasons above, it's also basically the only serious candidate. 

To be responsible and note some potential obstacles because this is real due diligence:

* Some PS5 owners have been complaining about controller hardware breaking down ([loose triggers, etc.](https://bgr.com/2020/12/25/ps5-dualsense-adaptive-trigger-breaking-loose-fix/)), but unclear if it's related to any IMMR tech specifically and seems unlikely to be
* CEO sold off $83k of stock at $8.29 about a month ago, but is only insider to sell shares in last 12 months
* Revenue dropped a little last quarter, but honestly, in line with winding up work to November launch of their biggest licensed product in last 4 years 

**TL;DR:** Strong fundies, HUGE earnings coming up, and potential moon linked to new $TSLA wheel, but most importantly -- premiums are so cheap that you literally can't afford not to pick up just a little exposure

**POSITIONS:** 1/15 $15C, 2/19 $15C, 5/21 $15C",0,https://www.reddit.com/r/wallstreetbets/comments/kmhad7/most_undervalued_stock_on_the_market_ps5_tech/
2020-12-29 7:28:48,"Stock Market News for Today | Fubo, GM, Tesla, Ford, Lemonade, Nikola, JP Morgan &amp;other news [12-29]","**Why did FuboTv and Lemonade crash yesterday. JP Morgan goes all-in on travel and Nikola spikes after their report. Let’s talk about this and other stock market news**

**\~Very Long Post\~**

Hello everyone and Good Morning! So, let’s start with the recap of yesterday, as we saw the broad stock market [SP500](https://ibb.co/w73qSnv) leading the way, up .87%, with the [Nasdaq Composite](https://ibb.co/6y9ZnHT) also gaining more than .7% and the [Dow Jones](https://ibb.co/qnJN88J) rising by more than 200 points to finish the day, with all 3 big indexes finishing broadly higher, with all of them also closing at all-time highs, after the relief [BILL](https://ibb.co/LRcCDdL) lifted many stocks, as this bill does include direct payments and unemployment benefits while also including over $300B that will be direct to the small businesses relief funding programs alongside other good [programs](https://ibb.co/jbhM2b2), like rent assistance, child care, vaccine distribution and others. But despite this great movement in the stock market, we did see the [VIX](https://ibb.co/Hn8QrkZ) rising by almost 1%, with most factor groups trading lower [yesterday](https://ibb.co/F7dWsYS), with only large-cap growth companies gaining, while the biggest losers were in the small and mid-caps, especially the growth companies.

[Yesterday](https://ibb.co/Cwnvhrv) there was almost a 50/50 split in advancing to declining stocks, with 177 new highs on decent volume, as more companies have started to trade below the 50-day SMA, which is a good thing as the trend was worrying with over 84% of companies above that moving average just recently.

We also saw 9 of the 11 [sectors](https://ibb.co/Km2fdpd) gaining yesterday with communications, consumer discretionary and technology all gaining over 1% for the day while the 2 sectors that lost ground and lagged the market were Energy and Materials.

Here is the [HEAT MAP](https://ibb.co/gr6GrMj) that confirms those charts, as we can see big gains made in the big tech names with Amazon, Facebook and Google all gaining more than 2% for the day with Netflix and Microsoft also posting a 1% gain. We can also see the biggest losers coming in the Software-Application and Biotech sectors, probably because of tons of profit taking after huge-runups this year, while funds want to show investors that they own the big names, not those very volatile high-flying stocks of 2020, maybe that is one of the reasons for this rotation.

We also saw the total people through TSA [checkpoints](https://ibb.co/ByxKmYy) in the Christmas weekend rise to over 2.4M people, the busiest since March, but that is still down about 50% since last year. This are better news for the Airlines especially after Trump also finally signed the stimulus bill which does include funds for the Airlines.

While TrueCar also released some December [estimates](https://ibb.co/KL4K7X9) for auto sales, in which we can see a 4,7% increase year over year and a 32% increase over last month, as the industry is still continuing the rebound since the March lows. This is a good outlook for the industry so expect big OEM to start rising again after a pause in companies like Ford or GM since the end of November. Regarding this subject maybe Tesla can start selling even more cars, this after an Indian minister [reported](https://ibb.co/k2W2LML) Tesla will start operations in early 2021 in the country.

Alongside great sales numbers in the auto industry, we also received the Dallas FED manufacturing [Survey](https://ibb.co/Ssdf7Kd), which came in better than expected with production, new orders and capacity utilization all having big increases since the last report.

[Today](https://ibb.co/vdHr1wT) we get some numbers from the Redbook store sales and the SP Home Price Index, while we also await to see what the Republican [Senate](https://ibb.co/261v76w) will do after the House passed the $2000 stimulus proposal, as the leader of the Senate hasn’t yet announced anything.

In some other stock market news, we saw some highly volatile names make moves with [Nikola](https://ibb.co/M8xVsvm) popping after a JP Morgan analyst predicted a less drama filled 2021, I can’t imagine what he sees in the company, as they still don’t have any new breakthrough technology or really anything to show, just promises after promises. While we also saw [FuboTV](https://ibb.co/vkkLy38) dropping more than 11% for the 2nd straight day before regaining some of the losses after-hours, this happened after it was called a best short idea at Hedgeye on top of last week short reports, and meanwhile, we also saw [Lemonade](https://ibb.co/vVZnw9c) fall 14% after the lockup period expired after the IPO, adding more than 30M shares to the small public float available until now.

We also saw JP Morgan [acquiring](https://ibb.co/WVq4jGp) a credit card rewards business; thus, betting travel will come back in the next years. The company will acquire the technology platforms, travel agency, gift card and points businesses from cxLoyalty Group, which is a privately held company. This will be a hit to Expedia, as JP Morgan had been using the credit card rewards program from them, but now will return the use the cxLoyalty platform like they did until 2018, as cxLoyalty has over 3.000 clients and market partners like Citigroup, Capital One and Mastercard and serve more than 70M consumers.

Let’s hope for a good day in the market as both the [EU STOCKS](https://ibb.co/zFkGLYs) and the [US FUTURES](https://ibb.co/R2L0kRV) seem to be pointing at a good open, with all 3 big indexes in the green as the Nasdaq is leading the way, as growth companies are [outperforming](https://ibb.co/gMFNd50) the value plays in this final month of 2020. As we also saw yesterday Goldman’s chief economist lifting the [outlook](https://ibb.co/rv12bH5) for the Q1 US Gross domestic product by 2% and a full year growth increase of .50% to see a Gross domestic product growth of 5.8% in 2021, which should be another bullish sign for the stock market.

Thank you everyone for reading! Hope you enjoyed the content! Be sure to leave a comment down below with your opinion on the stock market!

Have a great day and see you next time!",0,https://www.reddit.com/r/wallstreetbets/comments/kmdirq/stock_market_news_for_today_fubo_gm_tesla_ford/
2020-12-28 22:29:11,Why Palantir is a Solid Long (Software Engineer Perspective),"My friend is a software engineer at Google, and he believes Palantir is a solid long based off of the ability of their engineers. The hiring process at Palantir for software engineers is more competitive than Google, Facebook, etc. (or at least as competitive). He said he was rejected by Palantir but hired by Google.

I think among the tech companies, the ones with the highest engineering bar are the smaller companies (often startups), like Netflix, Facebook, Airbnb, Palantir. Google ranks somewhere in the middle difficulty. Then the ""easiest"" to get in are Amazon and Microsoft. Don't get me wrong though, all tech companies are hard to get in. However, I know that there are a lot of ""coasters""/""slackers"" in large companies who do the bare minimum etc. Large tech companies try their best to set high bar for entry, but because of the large number of engineers they need, they inevitably lower standards in the long run.

This is especially true of engineers in government... which is the ultimate ""monolith"" and magnet of mediocrity.

Palantir's competition is other government contractors, and the work done by other government contractors has historically been extremely mediocre. Do you remember the Obama care website that the government paid an absurd $2 billion to make? How about during covid, the state of New York couldn't manage their unemployment website (due to high traffic) by themselves. They needed help from Google to help run the unemployment website from their platform.

From my point of view, there is no way Palantir can lose if they are hiring the best engineers, and if their competition is government contractors.

EDIT: Positions: 1k shares in Palantir",0,https://www.reddit.com/r/wallstreetbets/comments/km624j/why_palantir_is_a_solid_long_software_engineer/
2020-12-27 18:50:36,"Cybersecurity overview / DD (FEYE, FTNT, and more)","**TLDR:** The whole US got hacked, cyber-security will moon (even more). Still not too late to board a rocket if you pick the right one. There is a lot of profit-taking going on after recent run-ups, once that is passed there could be another 10-20+% short-term gain. Even more, if something goes full meme.

This week: FEYE 🚀 🚀 🚀 🚀 🚀 🚀 🚀 🚀 🚀Look for ATM calls with expiry before the 2/3/21 earnings call.

Further out: FTNT 🚀 🚀 🚀 🚀 🚀 🚀 🚀 🚀 🚀LEAPs (if you don’t know what those are, just mash in something deep OTM for 2022/2023 and run away).

&amp;#x200B;

**Background**

I’m not even going to start explaining the 2020 Russian hack. If you want to know more: [https://www.vox.com/22187866/usa-cyber-hack-solar-winds-microsoft](https://www.vox.com/22187866/usa-cyber-hack-solar-winds-microsoft)

Great post that actually preceded the FEYE 💥 💥 💥 from u/Chalupuhh: [https://www.reddit.com/r/wallstreetbets/comments/kgdp82/feye\_and\_other\_cyber\_stonks\_on\_the\_rise\_from/](https://www.reddit.com/r/wallstreetbets/comments/kgdp82/feye_and_other_cyber_stonks_on_the_rise_from/)

Even before the hack, a lot of these tickers were starting to get significant press: [https://investorplace.com/2020/10/7-cybersecurity-stocks-to-buy-for-the-5g-wave/](https://investorplace.com/2020/10/7-cybersecurity-stocks-to-buy-for-the-5g-wave/)

There are a number of players in the cybersecurity space. Some of them (CRWD, NET) have already achieved demi-meme status and/or had huge run-ups before the hack. This overview is just a limited slice. Depending on how things evolve, I may revisit it and add other tickers (feel free to suggest).

&amp;#x200B;

**Fundamentals**

Not even sure why I included this. No one here cares – and certainly, 2020 doesn’t give a damn. If you look at anything, at least digest the P/E and put/call ratios.

[A bunch of shit no one here will look at.](https://preview.redd.it/1wrz49pzet761.png?width=2390&amp;format=png&amp;auto=webp&amp;s=f23f94821dec8fc28f06137c2cfa9648b7e1faa0)

**Charts**

Charts are all 4h (I have limited trading access during the day; therefore, I can only really trade daily momentum). Bollinger bands, MACD, and RSI are below if you’re into that kind of thing.

There is one over-arching pattern for many of these companies – gap up on 12/18, peak on 12/22, sell-off through 12/24. 

I hope you smooth brains stumbled into the run-up on FEYE. FireEye has been trading sideways for years. The mini-🌝 trip allowed some people a convenient exit point for profit-taking. The short-term chart (30min) shows the stock bouncing off a support level of around 22.35. Institutional holdings have gone up since 12/18. If it gets up above 23, there could be another decent run-up store (obligatory 🚀 🚀 🚀). Prior to almost meme’ing, volume was low (\~7m) and has increased to around 40m. The put/call ratio remains favorable (\~0.65). Options premiums have continued to go up; however, depending on where you look on the options chain there are bargains. Next ER is expected around 2/3/21, time options intelligently as the already inflated IV can lead to an even bigger crush.

[12\/18: a glorious day of tendies](https://preview.redd.it/7vvrzzn9ft761.png?width=1106&amp;format=png&amp;auto=webp&amp;s=e872369ebc51211fa2c1ff48a37e5bc670a5898c)

&amp;#x200B;

https://preview.redd.it/acu4w2a0ht761.png?width=832&amp;format=png&amp;auto=webp&amp;s=48584285b81bd7f46c15f552540e067007adf125

CRWD has gapped up twice in Dec, once after the hack and once earlier in the month. This has happened in the middle of a 30% run-up. IV is actually at a historical low (\~60) and options volume remains high. 

https://preview.redd.it/7cjnp5njft761.png?width=1098&amp;format=png&amp;auto=webp&amp;s=f1b85e42140e4546167c76f6c1d1342a49eaa530

PANW jumped in mid-November after an earnings miss (-2.36 on an expected 1.33). Why did jump after a big miss? Because 2020. It had the sector-wide gap up on 12/18 of around 5%, but volume and IV have not gone up significantly since.

https://preview.redd.it/w7bdkpboft761.png?width=1092&amp;format=png&amp;auto=webp&amp;s=ee57bda1f71af09e4175d72d151b93bc9a275a72

FTNT has been rolling up steadily for a couple of months now, having had a 30% run-up. Same 12/18 pop. The difference is that prior to the 10/29 ER, it dropped from 130 to 110 and has been making up ground since then. When you put the last couple of months in that context, it feels like there is more room to go up.

https://preview.redd.it/l7duupiqft761.png?width=1100&amp;format=png&amp;auto=webp&amp;s=c687d01eb0fbb6a00085a3eb76a9e8c58b2e37be

https://preview.redd.it/83qluzj3ht761.png?width=840&amp;format=png&amp;auto=webp&amp;s=1b17d1d27790f450b52d730ece846f2b7efe2622

NET (Cloudflare) has a similar feel to CRWD. There was a big jump in Oct (44 to 60) in response to product announcements, but a limited response to the hack.

https://preview.redd.it/k6culzptft761.png?width=1394&amp;format=png&amp;auto=webp&amp;s=18997f3df0349d8b2bef7c175608580ff436016a

[This is where the wheels fall off on this post.](https://preview.redd.it/2p668r5vft761.png?width=1086&amp;format=png&amp;auto=webp&amp;s=7b9daecabdd2e2c5ad854407248fbe356624a8bf)

https://preview.redd.it/899brxlwft761.png?width=1084&amp;format=png&amp;auto=webp&amp;s=44c8a952392633b95b5d338d4b916c0b2060709e

**Plays**

FEYE could achieve full meme status. There are still some deals to be had in the options chain if you hunt around. ATM calls for a couple of weeks out are still reasonable, with break-evens that are below the recent peak (25.46). If the drop at the end of the spike was profit-taking, then it could go to a price target of 30 or even 🚀🌝.

FTNT feels like a solid long-term play. The fundamentals are good, YoY growth is great but not spectacular, and it’s trading at a P/E that’s low compared with everyone else. Naturally, it will beat earnings in February and immediately drop 20%.

Options for CRWD and NET have a big greed premium attached to them. Cloudflare (NET) still hasn’t had the same gap up others have, but it’s at the end of a big run-up. There’s a decent chance they will both get an earnings beat in February, especially as companies hand out contracts after the hack. Impossible to predict how things will go after that – probably up bigly as people have attached huge P/E ratios to both.

I’m still trying to figure out how to play CHKP and MRVL.

As always – information and plays here are suggestions only. Invest at your own risk.

Data from yahoo finance, Nasdaq, tradingview, and marketchameleon.",0,https://www.reddit.com/r/wallstreetbets/comments/klegl7/cybersecurity_overview_dd_feye_ftnt_and_more/
2020-12-27 2:58:10,$YUM KFConsole is literally going to print tendies from tendies.,"Gamers are sick and tired of only 4 console options to game on, being nintendo, sony, microsoft, and pc. Kentucky Fried Chicken is confident in releasing this console, and I do not believe they would have if they didn't believe they could give us tendies. It has a tendie warmer built in, if that tells you anything. Release will likely be late summer/early fall, and the hype on this puppy will be crazy.

And no, I'm not joking. Sounds insane but I'm confident it'll print. Looks like it's in a dip right now. 

$YUM  135c 16 JUL",0,https://www.reddit.com/r/wallstreetbets/comments/kkzvy5/yum_kfconsole_is_literally_going_to_print_tendies/
2020-12-24 19:35:21,The boomer pessimist long term potential of GME,"I spent some time doing some more DD on GME and visionary thinking and I don’t believe fundamentally it has a way forward without making a hardcore right turn steam like video game console platform

I was invested in GME and I sold off at about 20$ just to ride the train and I was considering dumping a few K in it but upon considering it a potential short term gain, I can't see the long term future for gamestop (and the stock market is future looking.... as you see with these insane EV plays).
First some points to consider - I'm not going to explain them all because you are all intelligent enough:

-PC Gaming (how did this evolve) 
-DVD/Blu Ray Sales (growth trends) 
-XBox Game Pass 
-Stadia 
-Mobile Gaming 
-Current Trends in YoY Physical/Digital Video Game Trends
 -Cheaper Storage on devices (SSD, external drives etc...) 
-Better Internet Service (starlink, fibre installations etc...) 
-Facebook Marketplace/Kijiji/Craigslist -The Giants (Amazon, Best Buy, Walmart etc....) 
-Chewy selling undigitiseable goods 
-Ryan Cohen is a one hit wonder? 
-Blockbuster 
-HMV

The Short Squeeze Theory 
If any catalyst was the short squeeze, its RC's increased position in GME. That generated 30% gains. If a 30% gain is not enough to trigger a short squeeze, then what is? This is the second 30% gain recently - I guess the Oct 8, Microsoft announcement was the first. 

How does Gamestop have a rosy future, 
where is its niche? 

The only thing I can thing of that would be an epic play would be drone video game delivery. They have so many locations they can have a video game delivered by drone . A combination of super fast video game delivery and making a central video game console system à la steam is the only real way forward. Everything else is a distraction. Drones, Boardgames and video games hardware accessories might have a spot, however this would take a very motivated workforce.

I'm not saying its not undervalued even today and could be even a win short term but all signs and historical examples point to decline.",0,https://www.reddit.com/r/wallstreetbets/comments/kjpzqq/the_boomer_pessimist_long_term_potential_of_gme/
2020-12-24 10:45:53,My gift to you - a better list of things you can do to stop losing all of your fucking money.,"I realize none of you actually care about making money, but on the off chance I can help one person then this post will be worth it.

(1) u/BeardlessPete is a fucking moron. He’s hawking TradingView. His post is an advertisement masquerading as enlightenment on reading charts. He doesn’t know shit about making money. 

Learn the story on a stock — the company — and not some tick mark bullshit on a squiggly fucking line.

His post: https://www.reddit.com/r/wallstreetbets/comments/kj7p0e/my_gift_to_you_a_list_of_things_you_can_do_to/?utm_source=share&amp;amp;utm_medium=ios_app&amp;amp;utm_name=iossmf

(2) The best stock pickers are only correct about 40% to 50% of the time. That’s right, not as often as you think!  

What does it mean to be “right” or “wrong”? Here’s the answer: 

Just because you made or lost money doesn’t mean you are right or wrong. You always have a choice, invest in Stock A, invest in a broad market index, or do nothing.  You might be up 10% YTD and feel great, but the S&amp;amp;P 500 is up 14% YTD. You could have made more money with substantially less risk compounding with an index.

(3) Are you better than the index? Find out!  Practice on tools like caps.fool.com. Make a pick and see how it performs against the market. If you don’t know if you are right or wrong you won’t learn how to make money. 

(4) You aren’t going to make “boy band” money if you lose a lot of money.  When you gamble on a speculative stock and lose 80%, you need a 400% return to get back to even.  If you can steadily make 7%, do it 10 times in a row and you’ve made 100%.  Or at 10%, it’s 7 times. There will of course be volatility and varying time horizons. But, aim to (mostly) round the bases with singles, not (always) trying to swing for the fences with a cucumber as a bat. Fake internet points from loss porn are not badges of honor. You think the game different this time? It’s not. Degenerates have gambled since the beginning of markets. An irrationally exuberant market on a stock will end.  Do yourself a favor and learn to be better.  Having some speculative picks is fine — just understand and accept the inherent risks and volatility.

(5) Have a bazooka gun of cash ready when quality goes on sale.  You will have a chance to buy most companies at a fair price. There will be pull backs and market dislocations. Be ready. Google, Microsoft, Netflix, Facebook, Intuitive Surgical, and many of the best performing stocks of all time have gone on sale — many times.  Be ready when the market corrects and buy quality. Be patient!  Don’t have always FOMO.

(6) Market corrections with declines of between 10% and 20% happen about 2.5 times each year on average (source: Guggenheim). The average bear market lasts 18 months. Know this and use it to your advantage. Don’t panic sell quality names. Stay calm. If you don’t need the money to survive today, leave it alone. If you do, what the fuck were you doing investing in stocks?  Think about this. How will you act WHEN markets correct next?

(7) Most of your investment returns are going to come from just a few of your stock picks. Let the winners run!  At some point you’ll consider rebalancing — that’s smart and okay. But having an oversized winner at 15% of your stock portfolio can be okay (if it’s a quality stock, not speculative). Let compound returns take over.  Nothing is better than crushing the market with 1% gain from a compounding stock. Better yet, when that 1% gain is MORE than your cost basis.

(8) Trading isn’t therapy for boredom. Go play with yourself and then go for a walk. Trading isn’t going to make your day better.  Have the discipline to trade less, not more.  

(9) Read more. Do you even know what you are investing in?  Know everything about your stocks. For 30+ years now all information ever published is at your fingertips. Yet, most of you won’t bother doing your own research. Readings someone else’s pitch (or article) can help you get started.  But go read the 10-K.  Read industry data. Twitter and message boards are full of morons with pump and dump agendas. Do basic research yourself. Do people like working there? How can that company make more money? Betting on companies is a very different mindset than just betting on tickers. Bet on companies. 

(10) What can you learn about a company that (practically) no one else knows.  Make a thesis. Will Facebook be successful on mobile?  Can Microsoft move its massive enterprise software business to the cloud?  Can RiteAid compete with online pharmacies?  Can Google close it’s acquisition of FitBit?

(11) Investor Relations doesn’t care about your cost basis or the number of shares that you own. They don’t. Management says they respect investors — but they mostly don’t give a shit. Jeff Bezos carves out 6 hours a year to talk to investors — just to be polite. Management teams are trying to run a complex enterprise, with major human capital issues. Most management teams are incentivized to build value over eternity. They don’t give a shit about your time horizon.  Most care about themselves first, employees second, customers third, suppliers fourth, partners fifth, the community sixth, and investors last. There’s very little that a company can do to affect share price in the short term.

(12) Add to your winners. Don’t double down on losers, double up on winners. 

(13) Find stocks that aren’t always in the headlines. Headlines lead to redlines.  If the story is in the news, you are probably too late (for now). Buying a stock isn’t like lining up to buy one of a limited number of holiday cakes. There’s always more stock.  Wait until the news cycle forgets about the stock and then consider buying. Do research first.

(14) If you can’t sleep at night because you own a stock, you should NOT own that stock. Stocks don’t cuddle. They are like a brutally honest toddler with mood swings and basic needs. Overtime they might grow into a good adult but keep your expectations inline. It’s a long road to adulthood.

(15) Lastly, what do you want the future to look like. Get off the of the news cycle and quarterly earnings game. Go find stocks that are FOCUSED on being massively better and more important in 5+ years. Price targets for these types of companies are bullshit. They always have been and they always will be. You’ll be amazed by what focused teams — motivated by making a better world — can achieve. The stock price simply weighs this impact — it doesn’t mean you a genius. You didn’t do the science. Be humble and donate some to charity and help the impoverished, because you were just a spectator holding shares.

TLDR: u/BeardlessPete is a moron. Don’t lose money by being an idiot. Know if you are smart or lucky. Be patient. Be humble. Be kind.",-1,https://www.reddit.com/r/wallstreetbets/comments/kjhhgt/my_gift_to_you_a_better_list_of_things_you_can_do/
2020-12-24 7:55:32,"Nikola Stock Crash | Alibaba Stock Plunges | FCEL, DKNG &amp; PENN | Stock Market News for Today [12-24]","**Nikola saw another stock crash yesterday, while Alibaba’s stock plunges after-hours with increased pressure from the regulators. Some news about FCEL, DKNG, PENN and other stock market news for today.**

**\~Very Long Post\~**

Hello everyone and Good Morning! First of all, I wanted to wish to everyone happiness, peace and prosperity this upcoming Christmas, hope you are all doing well, Merry Christmas everyone.

And let’s start with the recap of yesterday as we saw the [Dow Jones](https://ibb.co/syhtLB9) leading the way, finishing up .38%, with the broad market [SP500](https://ibb.co/p4bcpsq) also barely finishing in the green for the day up .07% and the [Nasdaq Composite](https://ibb.co/XtPLRkZ) finishing in the red .29%.

We also saw the [VIX](https://ibb.co/1MHj5jB) dropping again today by 3.8% despite being even lower but seeing a pop in the last hours of trading with a spike of more than 4% with more uncertainty being created in the Congress after Trump [vetoed](https://ibb.co/7RpRq4W) the defense bill, as he continued to distract the attention from the big number of [pardons](https://ibb.co/pn5ZGcn) he keeps giving out, with the latest round bringing the total to almost 50 in the past week.

More than 60% of the companies were gaining [yesterday](https://ibb.co/wB1W5gZ) with over 200 new highs, but the volume was relatively low in this shortened trading week, as 8 of the 11 SP [sectors](https://ibb.co/tDMkjKc) were gaining yesterday with Energy and Financials gaining more than 1.6% with Financials gaining a boost as the [Treasury](https://ibb.co/XFcwxzV) yields pushed up and the curve continues to steepen, while the laggards were Real Estate, Technology and Utilities as value plays especially small and mid-caps outperformed [yesterday](https://ibb.co/J3LB8fZ), with the large-cap growth companies finishing the day down by more than half a percent.

You can see this exact thing in this [HEAT MAP](https://ibb.co/QJ78SkH)  as the 3 biggest companies in the world, Apple, Amazon &amp; Microsoft, finished the day down more than 0.6%. You can also see that most of the gains were concentrated in the banks and oil &amp; gas industry while the rest of the market was pretty much mixed with companies like Tesla, Google, Facebook having small gains, while others like Zoom, Netflix, Airbnb and many more suffered.

Yesterday we also got the AAII [SURVEY](https://ibb.co/phzNq0d) that shows how investors were feeling last week. This time we don’t get any good news as this is a contrarian indicator, as people started to move from a bearish sentiment to a more neutral sentiment with more than 4% of investors moving from a bearish view to a neutral view, with only a .1% increase in bullish investors last week, as the stimulus bill seemed to be finally agreed on before Trump making new headlines this week again with the Veto of the NDAA.  

Meanwhile we also got tons of economic data yesterday starting with initial and continuing [jobless](https://ibb.co/bg8K6Dt) claims as initial claims came in way [lower](https://ibb.co/n81QxT6) than expected just over 800K, down almost 90K from the previous week and falling to a 3-week low, with the continuing jobless claims also dropping to 5.3M, lower than last week and what was expected from the analysts. 

We also saw the durable goods [number](https://ibb.co/DYN5hkb) coming in better than expected with a .9% increase, up for the 7th straight month, while house [PRICES](https://ibb.co/DKms26p) rose nationwide by 1.5% in October from the previous month, which continued to push house prices higher by more than 10% since last year, with home [SALES](https://ibb.co/xhLcYy5) falling in November but are still up over 20% year over year as the median sales price of new houses continued to trend up.

Alongside this we saw the final consumer sentiment read slipping in [December](https://ibb.co/GV1yS3f) to 80.7, lower than expected but higher than the 76.9 in November, with the November Personal [INCOME](https://ibb.co/0QCHRdN) coming worse than expected, losing 1.1% from the previous month.

In contrast, [today](https://ibb.co/74kjcZD) we don’t really get any critical economic data and the stock market closes early.

So, we saw Nikola take another stumble [yesterday](https://ibb.co/319S2TR), after the whole Apple &amp; Tesla [disruption](https://ibb.co/n897DvD) as we saw the stocks drop more than 10% again yesterday and is down more than 26% since I made my prediction and just hit my first price target, here is the link to that [post](https://www.reddit.com/r/wallstreetbets/comments/k4l83m/tesla_news_nio_sales_nikola_stock_crash_stock/).

Nikola shares skid [yesterday](https://ibb.co/zhjQhMq) again after another deal for the company fell, as  that meant the termination of the deal with Republic Services to develop an electric garbage truck for them. The deal was expected to have Nikola produce over 2500 trucks for the company. So, I would trim my sell position on Nikola here, while leaving some for my next target, with that target being a drop in the single digits in the future for the company.

In contrast to Nikola, we saw FuelCell Energy [rising](https://ibb.co/59M4JB3) for a seventh straight session, this has happened after the Congress has included provisions in the relief bill to extend clean energy tax credits, and seems to be one of favorite plays in the stock market right now.

In some other stock market [news](https://ibb.co/V3JdsFX), we saw Alibaba shares plummeting again more than 8% on the Hong Kong exchange and more than 7% in pre-market in the US by [now](https://ibb.co/7VXxMCC), after more pressure has been put on the company as the Chinese authorities are continuing to pursue anti-monopolistic investigations on the company while also continuing the investigation on Ant Group which is an affiliate of Alibaba as they hold more than 1/3 of the company. I think these investigations are very likely to come out with fines and structural changes on how the company will work with its subsidiaries and affiliates, and that the high flying, record-breaking, Ant Group IPO will likely be postponed for a longer period until they meet regulators requirements as it is expected that Ant Group will be given some guidelines to follow by the [regulators](https://ibb.co/kBm5431). My personal belief is that Alibaba is a great company and it should trade higher than this, but until this whole mess with the authorities clears, anything can happen as you can see in this [CHART](https://ibb.co/ssR3Ld6), as the stock has underperformed since Ant Group canceled the IPO, with my long-term price target for Alibaba being 300$, but I wouldn’t go to heavy on this trade right now.

Enough of Alibaba, meanwhile we also saw XL Fleet jumping huge [yesterday](https://ibb.co/MP9XBv2) after the usual short-seller Citron, indicated that there is still more upside for this company.

And one final piece of [news](https://ibb.co/6Zp3qMw) is that Colorado set another record for wagers in November, this is another confirmation of the gambling tailwinds that will skyrocket companies like DraftKings &amp; PENN Gaming higher in the next years.

Let’s hope for a good day in the market as the [FUTURES](https://ibb.co/QvL0MV4) seem to be pointing at a good open, with the Nasdaq Composite leading the way, while the European Union and UK are finally nearing a deal for [Brexit](https://ibb.co/M9pkZxY), and remember there are only 5 trading sessions left in 2020 with today also being a short-day of trading.

Also, don’t forget this is usually when one of the best 7-day period for gains happens, with an [average](https://ibb.co/QbcDDrh) return of 1.33% and a 77% chance of that happening since 1950. But be careful, not every year is a winner, you can see [here](https://ibb.co/16STGsc) some examples, with 1999 being a very bad year as the dot com bubble approached, with another bad year coinciding with the start of the financial crisis. Hopefully this will be the 5th straight year with a positive return in this period.

Thank you everyone for reading! Hope you enjoyed the content! Be sure to leave a comment down below with your opinion on the stock market!

Have a great day and see you next time!",0,https://www.reddit.com/r/wallstreetbets/comments/kjezv5/nikola_stock_crash_alibaba_stock_plunges_fcel/
2020-12-23 22:04:23,Why GME could squeeze as early as tomorrow,"Came across noise that GME has been on the reg sho threshold list for almost 13 consecutive trading days so I  decided to do some digging and boy did I find something interesting. So interesting that I dare predict a short squeeze could happen as early as tomorrow. The magnitude of the squeeze is something that will be hard to tell, and could be dependent on factors currently unknown to us, but it will definitely be an early christmas present for many.

**What does it mean to be listed on the threshold list and what happens on the 13th consecutive day?**

The Regulation SHO Threshold Security List was created by the SEC in 2005 to reduce naked short selling. Stocks appear on this list when at least 0.5% of shares outstanding failed to be settled for 5 consecutive days or more. If a stock is on the list for 13 consecutive trading days, participants will be forced to close any settlement failures (a.k.a cover the naked shorts).

**Is GME on the threshold list?**

You bet. 12 consecutive trading days starting from 8th December 2020. Quick maths mean the 13th consecutive day would fall on 24th December 2020. Shorts will be forced to cover tomorrow basically.

https://preview.redd.it/wm6n09bbs1761.png?width=1145&amp;format=png&amp;auto=webp&amp;s=552c76e3fdf51d81989e7021f53316385030a4ad

**Has this happened before?**

Yes. 12 consecutive days starting from 22 September 2020. Quick maths mean the 13th consecutive day fell on 8th October 2020.

https://preview.redd.it/6r3d53lvs1761.png?width=1111&amp;format=png&amp;auto=webp&amp;s=6a9f42ae5235bbee1b1044b42f8ce5fa6a0f382d

Guess what happened on the 8th October 2020?

[Price shot up by 41.4&amp;#37; with a staggering volume of 76 million shares](https://preview.redd.it/kktrcq0pt1761.png?width=669&amp;format=png&amp;auto=webp&amp;s=d85baa22a8b5666de0e888355c90b8ce02c466f1)

**So there will be a short squeeze tomorrow? By how much?**

I am not a prophet but I am confident a squeeze will happen tomorrow. How much would be up to your own conclusion. All I can say is that back in October, almost everyone and their wives' boyfriend were bearish on GME other than the few OGs we have here. Ryan Cohen only had a 9% stake, GME gang and their theories were laughed off. Shorts were able to cover and close their naked shorts stealthily and without much trouble.

This time round, Cohen upped his stake to 13%. WSB Capital has entered the foray with approximately 5% stake, which will probably be watered down to 2.5% of diamond hands stake.  Senvest Management has entered with a 5% stake as well. Hedgeye with 90k twitter followers sets a PT of $50 for GME. Some big player has been buying lots of GME shares for the past 2 days. 30M and 25M volume respectively. There are still 68M shares short at the moment. The market closes early tomorrow at 1pm. Shorts will have to buy a shitload amount of shares in half a trading day. Don't forget, GME is attracting a lot of attention from FOMOs and boomers with the Hedgeye tweet. Shorts will have to compete with all these buyers to cover. True available float should be much lower this time round with more big players in, and retail investors knowing about the potential short squeeze, and most importantly pure autistic energy.

Edit: Just wanted to emphasise that this is a speculative take. 

My DD hinges on two assumptions: 

1. 8th october price increase is due to shorts covering rather than microsoft partnership news, or both.

2. Shorts haven’t been covering significantly for the past 2 days.",1,https://www.reddit.com/r/wallstreetbets/comments/kj7f8c/why_gme_could_squeeze_as_early_as_tomorrow/
2020-12-23 17:36:57,Paysafe Card Added as a Payment Option in Microsoft Store. $BFT 🚀🚀🚀,"“The collaboration provides Paysafe users with the ability to pay for their purchases at the Microsoft Store and on Xbox across 22 countries.”

This is really big guys. Plenty of shilling was going on before, but Fortune 500 companies do not collaborate with shady or small companies. This is huge and other companies will follow. 

https://www.google.com/amp/s/www.financemagnates.com/fintech/payments/paysafe-card-added-as-a-payment-option-in-microsoft-store/amp/

Positions: $35k in stock. Will be increasing my holdings to $60k at open.",0,https://www.reddit.com/r/wallstreetbets/comments/kj2ywo/paysafe_card_added_as_a_payment_option_in/
2020-12-23 9:05:18,"GME Short Squeeze and Ryan Cohen DD for Jim Cramer, The (Man)Child Who Wandered Into the Middle of the GME-Cohen Movie 🚀 🚀 🚀","***The Dude:*** *It's like what Lenin said…you look for the person who will benefit, and, uh, uh...*

***Donny:*** *I am the walrus.*

***The Dude:*** *You know what I'm trying to say...*

***Donny:*** *I am the walrus.*

***Walter Sobchak:*** *Shut the fuck up, Donny!*  *V.I. Lenin!*  *Vladimir Illanich Uleninov!*

***Donny***:*What the fuck is he talking about, Dude?*




Hello again, GME Gang. What a fun day we had yesterday! Could it continue today? Only Melvin Capital (and maybe Ryan Cohen) knows!

And an extra special hello today to our newest WSB lookie-loo, Mr. Cramer (Can I call you Jim? I’m gonna call you Jim).  

Now Jim, from what I’ve been able to gather, you and your Boomer stocks and your Hot Manic Takes don’t always get a lot of love around here. But that’s not *all* your fault, Jim. The Paste-Eating Rocket Kids are often good for a solid meme (FYI: it’s pronounced “Mee-Mee.” Feel free to use that on air without verifying). But the Rocket Kids can be a dense bunch and they’re also often one click away from Total Financial Ruin (Quick shout out to SPCE: Pleas fly again). So you have to dig a bit in here to separate the wheat from the chaff, as someone like you actually says in real life. What the fuck even is chaff, Jim? And why do all Boomers seem to think that folksy farm-based idioms are the perfect way to conclude a thought?

Anyway. Those of us who watched your teevee clips last week where you reference your interest in WSB know that you, Jim Cramer, might be one of the Olds, but that you also Think Young(TM). [https://www.thestreet.com/jim-cramer/stock-market-advice-moderna-boeing-fed-ftc-dec-15](https://www.thestreet.com/jim-cramer/stock-market-advice-moderna-boeing-fed-ftc-dec-15). So we’re going to do our best to help your young-thinkin’ brain find the Needle In the Haystack here so you can get All Your Ducks In a Row on GME.  Because we know that you’re a long way from being Put Out to Pasture, and though you may be an out-of-touch millionaire prone to facile yammering, we now ***like*** you here, Jim—simply because you mentioned us and that made us blush a bit since we’re needy Millennials who just want our Boomer mommies and daddies to Tell Us They’re Proud of Us. So even though the Paste-Eating Rocket Kids here are often Buying A Pig in a Poke (Christ, please do not *ever* say that or the kids’ Mee-Mees are gonna fuck you up), we appreciate you recognizing that, every now and then, there’s something worth paying attention to over in this weird little pocket of the Interwebs.  And since you’re actually telling your loyal single-finger-typin’ viewers to check out this WSB shitshow, and “*if they’re running GME, then do some work on GME*,” we assume you might actually be checking this shit out too, since all true Young Thinkers know that What’s Good for the Goose is Good for the Gander. 

Now, is the GME play as solid as your recent recommendation to buy Bed Bath and Beyond? Who knows? That seems pretty stupid, and I would look it up myself this weekend but my nice little Saturday is already pretty full so I don’t know—I don’t know if I’ll have enough time. But I’ll tell you one thing: the GME play is **a lot more fucking fun**.  Life in a pandemic is boring, but here in this weird WSB place, these kids like fun.  And for all your Boomer weirdness, you seem like you still like to have a little fun in this Mad, Mad world of ours. So consider joining us here more often.  A word of warning, though: if you don’t like all the dern cuss words we use around here, Jim, well that’s just, like, your opinion man, and we’ll have you know that the Supreme Court has roundly rejected Prior Restraint. 

First thing’s first: we have a bit of a bone to pick with you (now there *I* go). The stuff you said last week about GME as the next Blockbuster was D-U-M dumb, Jim. You were a bit out of your fucking element with that.  You even made our largest shareholder and conqueror-in-waiting, Mr. Ryan Cohen, send an emoji-only tweet in response, which if you know the super nice-guy Ryan Cohen like all of us do (we actually know nothing), that is pretty much the equivalent of him bringing his dog over to micturate on your and George Sherman’s rug.

Now, I myself have never been into the whole brevity thing, but I wanted to take this opportunity to get you up to speed on the GME movie you’ve wandered into. And I know you’re down with this because you told all your viewers that if WSB is talking about GME, then “make sure you know GME.” So before you say something Absolutely Mad again and Cohen sends a tweet with an even less ambiguous emoji, it’s high time that you start Making the Sure here, Jim. Just consider this to be CPT Hubbard delivering you some Orange Sunshine and turning you on to some of that Sweet, Delicious Non-Chaff Wheat you love so goddamn much. 

**Part 1: GME’s Bonkers-Ass Short Interest**

Now, I’m going to lead with the most crowd-pleasing part of the story here (Get ready, Rocket Kids!), and it’s the one that you did not even seem remotely familiar with in your “Stay out of GameStop, Deadbeat!” rant last week. Maybe that was by design or maybe not. We’ll return to that, Jim. But the point here is: the **short interest here is batshit insane**. And not just your garden variety Boomer in Rolled Up Sleeves Ranting About Buying Estee Lauder While Hitting Buttons On The Beep-Bop-Boop Machine kind of insanity. Really and truly fucking nuts.

So to TL/DR this shit for you, Jim (to use the parlance of our times): GME is **the** **most shorted stock** **trading today—by far**.   [https://financhill.com/most-heavily-shorted-stocks-today](https://financhill.com/most-heavily-shorted-stocks-today) How shorted? Well, the value of shares short exceeds the market cap of the company; there are currently ***more shares short than the total number of shares outstanding***. And when factoring in the institutional and insider ownership, the total short percentage of float is **nearly 300%**. [https://www.gurufocus.com/term/FloatPercentageOfTSO/GME/Float-Percentage-Of-Total-Shares-Outstanding/GameStop-Corp](https://www.gurufocus.com/term/FloatPercentageOfTSO/GME/Float-Percentage-Of-Total-Shares-Outstanding/GameStop-Corp) Even higher, actually, now that Cohen’s interest is over 10%.  Now, I’m not a numbers whiz like you, but that level of short interest and the small available float seems pretty fucked up to me. Like: “how is that even legal?” fucked up. And just for a frame of reference, the **third most shorted** security right now is your beloved Bed Bath and Beyond, with a short percentage of float at a nice and tidy 69%. 

Are you starting to gather why some of us in this weird little pocket of the Interwebs are a little excited about GME? You see, as u/Jeffamazon and RodAlzmann u/Uberkikz11 and others have explained in these here corners and on the twitter machine with their top-notch DD, and as I will translate to you in lingo you can dig, the short sellers got way over their skiis on this one expecting a bankruptcy in Spring of 2020 that never came. And yet, amazingly, the short interest has only **increased** since then—there has effectively been no covering in the aggregate and, in fact, the short percentage has only **gone up**. And now, on the threshold of 2021, we all sit atop a massive powder keg wondering what is going to be the thing that finally lights this shit up. And at the end of this little missive, I’m going to tell you what I think that thing might be (Spoiler: It’s Ryan Cohen! Better start getting used to seeing his name, Jim, because this dude does not fuck around and he’s not going anywhere). 

[https://www.reddit.com/r/wallstreetbets/comments/k4csaa/the\_real\_greatest\_short\_burn\_of\_the\_century\_part/](https://www.reddit.com/r/wallstreetbets/comments/k4csaa/the_real_greatest_short_burn_of_the_century_part/)

[https://twitter.com/RodAlzmann](https://twitter.com/RodAlzmann)

[https://thecollective.finance/2020/10/gamestop-gme-a-squeeze-to-44-from-14-can-be-justified-fundamentally-100-of-the-shares-are-short-watch-out/](https://thecollective.finance/2020/10/gamestop-gme-a-squeeze-to-44-from-14-can-be-justified-fundamentally-100-of-the-shares-are-short-watch-out/)

**Part 2****: GameStop Isn’t Going Bankrupt and People Actually Want to Buy Shit There**

So, you foul mouthed little prick, a bonkers-ass short interest is neat and all, but why is Jim Cramer wrong when Jim Cramer compares GME to Blockbuster you might be asking yourself in the third person. First, the most obvious answer, Jim, which you should fucking know already: Blockbuster was **nearly $1 Billion in debt** and missing debt payments left and right when it was delisted way back in 2010. That was also when there was a bit of a credit crunch, if you recall, right after that whole Housing Crash Unpleasantness that you saw coming from a mile away and from which you made hundreds of millions of dollars due to your contrarian foresight—I’m sorry, I’m clearly confusing you with Christian Bale starring as Dr. Michael Burry, weirdo head of Scion Asset Management, which also holds about 1.4M shares of GME (You really gotta start looking into this stuff, Jim. This story is made for TV, man—and you Boomers were raised by TV and you turned out TV!). Also, in 2010 when Netflix is ripping and when Blockbuster was about to be delisted and bankrupt, an analyst noted the obvious fact that Blockbuster  had “nothing on the horizon that makes it look like Blockbuster is going to be more profitable.” 

[https://www.reuters.com/article/us-blockbuster/blockbuster-wins-debt-reprieve-forced-to-delist-idUSTRE66052720100702](https://www.reuters.com/article/us-blockbuster/blockbuster-wins-debt-reprieve-forced-to-delist-idUSTRE66052720100702) 

But Jim, if your Blockbuster comparison has any plausibility, GameStop must have a major debt problem then, right? And yet just last month GameStop **repaid $125M in debt** several months ahead of time. It’s also really weird that over the past year management bought back a ton of shares, taking the OS from 102M **down to just under 70M** (making a short squeeze even more likely, my Rocket Children). The weirdness continues with a soon-to-be-bankrupt company holding almost $500M in cash on hand. And according to George Sherman’s “Thine Omnichannel Shalt Be The Omni-est Channel of Them All” Conference Call following Q3, by March 2021 GME will have retired a total of $500M in debt and returned $200M to shareholders through stock buy backs. I’m no expert here, and I do not presently own a Beep-Bop-Boop Machine, but that’s all pretty weird shit to be doing if you’re about to go bankrupt.

No, no – I get it: who the fuck actually looks at balance sheets anyway before spouting off about what a stock is going to do? I sure as hell don’t. That’s why I follow my man u/Uberkikz11, since that dude is a GME DD Encyclopedia and was born to crunch numbers. No, when Really Smart People make the Blockbuster comparison, it’s usually just Mouth Sounds for: A B&amp;M Store That Used to Be Popular But Now Is Not Because Technology, QED. But here even the Really Smart People might be missing something as well. They’re right in the sense that GME must use this new console cycle window and cash influx to quickly pivot to a tech-first gaming company (more on that and our boy RC shortly!), but they’re wrong on the timing and relevance of this Super Smart Insight.

So fine, they’re doing ok on debt and cash. But who even goes to that 90s-Ass-Looking Cluttered Mall Geekery anymore anyways? I confess: in my darkest moments, as the short sellers manipulate the fuck out of this stock and I curse the names Bell and Sherman, I too have wondered this. But it turns out that, just like I have no idea why anyone listens to Maroon 5 or eats at Applebee’s, apparently a lot of people in America do shit that I do not. Crazy huh? So here is some pretty neat data showing us how out of touch we might be here, Jim: 

First, when a pretty large sample size of people were recently asked the question: *which of the following stores or websites do you plan to buy holiday gifts from*? The **#5 response** from United States Americans was none other than **GameStop** (Ticker, Jim: GME). Only Walmart, Amazon, Target, and Dollar Store (poor people buy gifts too, Jim) were ahead of little old GameStop. That’s higher than Nike, Macy’s, the Apple Store—and **double** the response of Bed Bath and Fucking Beyond in every category they surveyed. Check it: (h/t to my man u/snowk88) 

[https://stocktwits.com/snowk88/message/260983915](https://stocktwits.com/snowk88/message/260983915)

That’s kinda crazy huh? See Jim, when you Think Young(TM), you really can learn something new every day. And by following our man u/snowk88 (@snowk88 over at stocktwits), I learn lots of cool shit. But guess who already knew that? The guy that wrote this bad-ass letter that identifies GME’s brand and customer data as being one of the most valuable things GME has going for it. [https://s.wsj.net/public/resources/documents/RC\_Ventures\_Letter\_to\_GameStop.pdf](https://s.wsj.net/public/resources/documents/RC_Ventures_Letter_to_GameStop.pdf) 

So now we know that Real Life People actually buy shit at GameStop here in the year of our lord 2020. But like that analyst from 2010 said about Blockbuster, there must not be anything on the horizon for GameStop to be more profitable in 2021, right?

Now, I will admit that being a bit bearish on GME in December of 2020 would make more sense if, say, GameStop were the nation’s largest purveyor of limp and half-lit pumpkin spice-scented candles and we were exiting the apogee of Shitty Candle Season. But as it turns out, GameStop is currently selling basically the most sought-after items that exist in the marketplace right now—where demand for the Xbox and Ps5 is far outpacing supply and is projected to continue well into 2021.  [https://www.gamesindustry.biz/articles/2020-11-17-microsoft-expects-xbox-series-x-s-shortages-until-q2-2021](https://www.gamesindustry.biz/articles/2020-11-17-microsoft-expects-xbox-series-x-s-shortages-until-q2-2021) I don’t really need to get into the details on that here, because it’s pretty goddamn obvious, but I think 2020 GameStop at the precipice of a new console cycle might be in a bit of a better position than, say, 2010 Blockbuster relying on the latest Adam Sandler release to lift its sagging rental numbers. But I don’t know. Millions of people don’t watch *my* show looking for Candid Analysis from me and *my* folksy man-of-the-people-lookin’ rolled-up sleeves.

**Part 3:** **Ryan Cohen is the Sword of Damocles Hanging Over the Short Sellers’ Dumbass Heads** 

And now we’ve gotten to the best part. It’s my favorite part of all of this, Jim, and if you give this a little time, I think it will be yours too. You see, all that corporate bla bla bla about balance sheets and console cycles and early debt repayment and overleveraged short sellers and brand recognition is neat and all—and definitely worth a second look by itself. Maybe even a little Beep-Bop-Boop on the ol’ sound machine—I don’t know your methods. But the real thing that’s about to rip all our faces off here is the business and investment decisions of a mild-mannered wunderkind named Ryan Cohen.

Now you can revisit my prior epistle if you want to know a bit more about the involvement of Mr. Ryan Cohen in *Le Affair* *GameStop*. [https://www.reddit.com/r/wallstreetbets/comments/kakxrm/gme\_tribe\_a\_story\_about\_how\_ryan\_cohen\_is\_about/](https://www.reddit.com/r/wallstreetbets/comments/kakxrm/gme_tribe_a_story_about_how_ryan_cohen_is_about/).  My fly-by-night theory of his lawyer’s possible use of the consent solicitation could have probably marinated for another day, but the thrust of my argument there was that Cohen and his attorney have been laying the groundwork to come after GameStop for a while now. And that Cohen was likely emboldened by the humiliating, lame-ass CC performance by some dude with a mid-century comic-strip sounding name that we’ll all soon know only as: The Guy With the Punchable Face Who Used to Be CEO of GameStop.

But here is where things get really interesting. This is a story in the making, Jim, for fucks sake - take notes! This Monday, on December 21, Mr. Ryan Cohen filed a revised 13D showing that last week he started buying a shit-ton of shares—starting on Tuesday December 15th—which is ***the day after*** the stock price inexplicably plunged on Monday the 14th and the very same day you were yammering on the teevee about GME being Blockbuster! Instead of listening to you, however, Cohen started buying more GME shares (super-sleuth dark pool watchers u/rgrAi and u/snowk88 noticed in real-time that there was some very large accumulation taking place), which culminated in the big reveal that Cohen purchased a total of 2,501,000 additional shares last week—500,000 of which were purchased on Friday December 18, 2020 **at the price of $16.02 a share**. Ryan Cohen is still the single largest shareholder of GME with 9,001,000 shares in total, taking his ownership of GME above the 10% threshold from 9.98% to 12.9%. And so he apparently thinks that the floor for his investment is $16.02 per share. Is he still buying? We’ll know soon. But yesterday seemed like a little taste of what it might look like if a large buyer steps in to prevent short sellers from manipulating all of my nervous little Rocket Children here and their delicate little paper hands.

There was another thing we learned from this 13D filing: Ryan Cohen has apparently hired a new attorney and law firm. Instead of the great Christopher Davis of Kline Kaplan, now Ryan Cohen is represented by Ryan P. Nebel, a partner with Olshan Frome Wolosky, LLP.  Now, if you’re familiar with my prior ramblings, you might wonder if I was a bit confused, and maybe even a little sad, at this sudden change from my man C. Davis. And you might be a little right. But then the wonder of the internet allowed me to learn a bit about these new lawyers. And holy shit, things are about to get fun.

Now, I liked what I knew about Chris Davis and he seems like a genuine bad ass activist attorney. But the folks at Olshan Frome and Wolosky, LLP are Next Level Players and really seem tailor-made for this exact situation. First off, Olshan is ranked as **the top global lawfirm** for Activist Attorneys. [https://www.olshanlaw.com/assets/htmldocuments/Bloomberg%20Activism%20League%20Tables%20H12020.pdf](https://www.olshanlaw.com/assets/htmldocuments/Bloomberg%20Activism%20League%20Tables%20H12020.pdf) (H/t @flummoxed at stocktwits). They seem to be the go-to law firm for major proxy battles initiated by activist investors. But possibly even more important is that Olshan is the ***same firm that represented Hestia and Permit*** in their successful proxy battle earlier this year to appoint two new directors to the GME Board.  I’m not going into the fine details of that, because this is already a bit of a long-form Idiot’s New Yorker article, but GameStop just went through a proxy fight last year with Activist Investors Hestia Capital and Permit Capital, which resulted in two Board seats for our shareholder buds from Hestia and Permit. So, it’s reasonable to assume that the attorneys at Olshan might know their way around GameStop at this point and where the pressure points are here. 

[http://www.globallegalchronicle.com/hestia-capital-and-permit-capitals-two-new-directors-to-the-gamestop-board/](http://www.globallegalchronicle.com/hestia-capital-and-permit-capitals-two-new-directors-to-the-gamestop-board/)

[https://www.olshanlaw.com/resources-mentions-HestiaCapital-PermitCapital-GameStop-BoardofDirectors-ShareholderActivism.html](https://www.olshanlaw.com/resources-mentions-HestiaCapital-PermitCapital-GameStop-BoardofDirectors-ShareholderActivism.html)

And if you follow u/snowk88 over at stocktwits (@snowk88)— you’d also find a wealth of DD on how Olshan rolls when entering these activist-investor-replaces-dumbass-boards-and-CEOs type disputes. To bottom line it: **they get it fucking done**. 

[https://stocktwits.com/snowk88/message/266158534](https://stocktwits.com/snowk88/message/266158534)

[https://stocktwits.com/snowk88/message/266155112](https://stocktwits.com/snowk88/message/266155112)

[https://stocktwits.com/snowk88/message/266153175](https://stocktwits.com/snowk88/message/266153175)

But what else did we learn from the 13D? We learned that Ryan Cohen is definitely not going anywhere any time soon. Specifically, the filing notes that RC Ventures intends to continue to engage in discussions with GameStop’s board *“regarding means to drive stockholder value, including through changes to the composition of the board and other corporate governance enhancements.""* And while RC Ventures *“desires to come to an amicable resolution with \[GameStop, it\] will not hesitate to take any actions that it believes are necessary to protect the best interests of all stockholders.”*

I really like that last part, don’t you? And although I thought his November 16th letter was pretty goddamn clear, this 13D just ratcheted up the transparency level here. In sum, Ryan Cohen has all of our backs and he’s going to replace this Board and Sherman with people that are on the level and that will help implement his vision.

And now seems like a good time to return to those “Ryan Cohen: Boy Genius” articles that were definitely NOT part of a well-coordinated pre-hostile takeover media campaign initiated earlier this year. I think there might be a few things in those articles that Mr. Cohen wanted all of us shareholders (as well as the short sellers and the Board he’s about to replace) to really and truly understand.  Recall also that Cohen is not one for diversification or for playing it safe. So here’s a few choice nuggets for you to ponder:

\*\*\*

Bloomberg, June 2020: [https://www.bloomberg.com/news/articles/2020-06-05/chewy-founder-cashes-out-bets-on-apple-wells-fargo](https://www.bloomberg.com/news/articles/2020-06-05/chewy-founder-cashes-out-bets-on-apple-wells-fargo)

· ""It's too hard to find, at least for me, what I consider great ideas,"" he says. ""When I find things I have a lot of conviction in, I go all-in."" 

· Cohen uses the word “conviction” a lot. He says it’s something he learned from his father, who ran a glassware importing business in Montreal where Cohen grew up. “He taught me how to block the noise from the masses,” says Cohen. “To have a point of view and have conviction and not waver.”

· He wouldn’t, however, recommend his \[non-diversified\] investment approach to everyone. “You need to have the temperament to block the noise,” he says. “Sometimes it feels like a roller coaster.”

· He likens his obsessive focus on building Chewy to his approach to stock picking. ""I don't want to swing for a single,"" he says.

\*\*\*

You hear that, Jim? Our man Cohen likes idioms too! But fuck those farm idioms, Jim – we’re upgrading to the Sportsball kind now.  So what’s the takeaway here? I’d say that Cohen has his Eye On The Ball and that it’s time for all short sellers and the Board to Throw in The Towel because Ryan Goddamn Cohen likes to Take the Bull By The Horns and will ensure that he Hits a Homerun for shareholders that believe in his vision.

Here’s a few more things Mr. Cohen wants all of us to know:

\*\*\*

Forbes, August 2020: [https://www.forbes.com/sites/zackfriedman/2020/08/16/entrepreneur-chewy-founder-ryan-cohen-shares-his-best-advice/?sh=41e1370e5840](https://www.forbes.com/sites/zackfriedman/2020/08/16/entrepreneur-chewy-founder-ryan-cohen-shares-his-best-advice/?sh=41e1370e5840)

· “For me, each no sounded like they just didn’t understand my vision. It was frustrating at times, but never discouraging. Those ‘no’s never made me doubt my strategy – it was the opposite. I was motivated by all the rejections and they just got me fired up.”

· “I understood that thinking big was likely going to be misunderstood along the way. I’m contrarian by nature, so being misunderstood often validates what I’m doing. It wasn’t until Chewy boxes were on doorsteps across the country that the bulk of investors started to recognize our formula.”

· “\[M\]y biggest risk would have been not taking risk. The risk of going head-to-head against Amazon. The risk of insourcing fulfillment. The risk of building a company in Florida rather than a popular tech hub. The risk of spending $3 million a month on TV ads, more than Home Depot HD -0.1%'s budget. The risk of hiring expensive executives even though we weren’t profitable. These decisions were some of the most controversial and required me being comfortable betting against conventional wisdom, and were often contrary to the advice of my board. Suffice it to say, I was not the most popular board member.”

· “Dad never swayed when he believed in something. I never compromised my vision, regardless how many investors turned me down I was not going to give up on building Chewy into the world’s biggest online pet retailer. I love to be challenged, and I’m flexible on details, but I’m never willing to give up.”

\*\*\*

Goddamn it, Ryan. I was done having children but now you’ve forced me into getting back on that train just so I can name this future child Ryan Fucking Cohen. Thanks a lot, asshole.

But to return to my point: are those the statements of a man that seems likely to walk away at this point? Or is Cohen trying to tell us all to get ready because he is going **All In** on this shit?

So where does this leave us? After a huge week where Cohen buys 2.5M more shares and then the SP skyrockets to $20 yesterday on that news? Well, this is where I want to tip my cap to my man Justin Dopierala over at Seeking Alpha and allow him to conclude this section. He, along with his pal Dmitriy Kozin have been pretty clear-eyed on all this shit for a while now and they both deserve some credit. And I know I gave my main man Justin a bit of a hard time in my last novella, but the dude is sharp as hell and helped a lot of us see the forest through the trees here.  And you should also definitely invite him to join your poker nights (seriously: check out the dude’s tweet in response to our own Rod Alzmann’s introduction of the #WeWantCohen hashtag right after the Q3 call debacle). [https://twitter.com/DOMOCAPITAL/status/1336446055685230592](https://twitter.com/DOMOCAPITAL/status/1336446055685230592).  You have no comment on a potential takeover involving Ryan Cohen, Justin after your hour-long googly-eyed call together? Can’t believe you’re just preemptively leaving the WSJ and Bloomberg hanging like that. Justin, I love you dude, but if I’m holding pocket Kings I’m folding after that tweet because that twinkle in your eye lets me know you’re about to drop two Aces on my ass.

Anyway. Here is what our man Dopierala thinks might happen here soon (and he called this way back on November 17th- and sorry - no links here, per the mods, as apparently no Alpha must ever be Sought from these parts):

*I think a very likely outcome at this point is a majority slate next shareholder meeting where Cohen takes over BOD and then makes himself CEO. A majority slate proxy battle would require all institutions to call in shares and would force a squeeze.*

We’re intrigued, Justin. Please continue:

*If Ryan Cohen successfully negotiates a purchase price with the Board then the shareholders will have to vote on it. Unlike the proxy battle where Hestia and Permit were running a minority slate of directors, an offer to purchase GameStop would force institutions like Vanguard and Blackrock to call in their shares. By doing so, the shorts would be forced to close out their positions and GameStop would finally have the greatest short squeeze of all-time. Ironically, Cohen could use this opportunity to sell all of his shares and use the proceeds to entirely fund the acquisition of GameStop going down as the first person in history to acquire a billion dollar company... for absolutely nothing. In fact, his acquisition price would be less than zero.*

And now is when I get to speculate on what I think is going to happen here. But I do not necessarily think Cohen is going to put an offer to buy GME to take private. That would definitely trigger a MOASS, but I’m not sure I see it given the attorneys he’s hired and his recent buys up to $16 and the amount of cash that would take. Like Dopierala’s *first* comment, though, I think Cohen is going to nominate directors to replace nearly the entire Board of Directors with a vote happening at the annual meeting and once that Board is in place, they’ll appoint Cohen as CEO. And as Justin notes, if he nominates a majority slate of directors, shares will have to be called in to vote. And this vote and proxy battle will make the prior minority slate Hesita/Permit battle, and the tiny short squeeze that took place when that happened, look tame by comparison.

Now everyone: get your calendars out. Because the date to nominate directors here is in **Mid-March**, and my super-smart corporate lawyer buds inform me that it’s standard practice to file about 7-10 days prior. So, if this actually happening, we should be seeing something on this by **early March**.

But even though early March is now the mark on the wall, today’s insane price action caused me to think about all of this a bit harder and speculate a bit more. And a major h/t to my buds on the stocktwits board, especially u/rgrAi (@amarbar) for all the sharp analysis on this. But if you were Ryan Cohen and you knew this company was hugely undervalued and you had a high level of **CONVICTION** here and also knew you needed shareholder votes to sweep out these dumbasses and implement your vision—then how would you play this with the short interest here as crazy as it is? I’d keep buying. Why? Well, lots of reasons, you smart alecks. 

First, so I have more guaranteed votes (duh?). Second, so that when the building starts burning and short hedge funds run for the exits they find that a mild-mannered Millennial with super-good ideas has sealed off all the doors and windows. That’s gruesomely delicious, isn’t it? Why else, CPT? Well, finally, and maybe most importantly, because I would want to excite and delight all my fellow shareholders by triggering a slow-burn short squeeze, raising the SP significantly, so that I can once again make the point (as he did in the Nov 16 letter) that the incompetent management that caused a **HUGE drop in SP** following that utterly incompetent Q3 call and the shelf registration, had **nothing to do with the SP increase** that again happened once Cohen announced his intent and started buying. Not the console cycle, not the cost containment measures, not the buybacks and not the early debt reduction. Nope: rightly or wrongly, shareholders will see Ryan Cohen buying shares and the corresponding SP increase and everyone—especially all new buyers who are delighted at their good fortune and swept up by Ryan Cohen Fever 2021—will start getting #WeWantCohen tattoos on their ass they’ll be so happy. And all of us, newly enriched by Ryan Cohen’s Big Canadian Balls and tactical brilliance, will crawl over glass to vote for him over The Boomer Artist Formally Known As GameStop’s CEO. I could be very wrong on this last point in particular, but if we start seeing 13Ds drop here shortly, things should get very fun very quickly. 

**Part 4: A Return to Our Short-Squeeze-to-Da-Moon Discussion: Who’s Side Are You Fucking On, Jim?**

Now, Jim, given the fast friendship we’re creating here, and all we’ve been through over the past 5000 words, I hesitate in bringing this up. But we’ve all seen the video, Jim. You know the one I’m talking about. Yes, the one where you actually tell the truth about how short selling hedge funds manipulate the market to knock down the price of perfectly good securities that many hard-working people *invest in*—many normal-ass people all assuming they wont ever have to Point Where On The Dolly The Invisible Hand of the Economy Touched Them. But that’s not life now is it Jim? And fuck those poor-ass rubes for not knowing how to play the game with you sophisticated Masters of the Universe, *amirite*?

[https://www.reddit.com/r/dashpay/comments/93evx4/jim\_cramer\_reveals\_dirty\_tricks\_short\_sellers\_use/](https://www.reddit.com/r/dashpay/comments/93evx4/jim_cramer_reveals_dirty_tricks_short_sellers_use/)

[https://dealbook.nytimes.com/2007/03/20/cramer-market-manipulator/](https://dealbook.nytimes.com/2007/03/20/cramer-market-manipulator/)

So where are **you** in this whole GME/Cohen story, Jim? You candidly (gleefully?) acknowledge that a prime strategy that shorts deploy is to spread negative rumors that are then amplified by Big Smart Trustworthy Financial Media Titans like yourself to shake out unsophisticated retail players like my Rocket Kids here—who because of their tiny paper hands and you mean short selling brutes often subsist on paste and paste alone. 

So for this particular security, are you the one helping with the manipulation and actively creating the “new truth” or are you just one of the Useful Idiots that these short sellers use to manipulate with an anodyne, TV media-ready comparison like: *GameStop Is The Next Blockbuster*? And how in the fuck does this fit into your Think Young(TM) project, Jim? Because if there is one thing that we over at WSB fucking hate, it’s a bunch of Manipulative Short Selling Boomer Fuckwads. Why on earth would a hip Young Thinker like you want to be included in that crew, Jim?

And I know we’re all friends here now, Jim, but I need to push back a bit on some of what you said in that video in such a cavalier whatareyagonnado manner. So if I understand you, short and distort and fomenting negative reactions from retail players based on deliberately false narratives is ***illegal***, but still easy as fuck to do ""because the SEC doesn't understand it."" But you fucking do understand it, Jim! So why are you helping those short and distorters break the law here? Why are you being such an obtuse dumbshit? Just check out what happens to the borrow rate and short selling every time there is any good news for GME: 

[https://stocktwits.com/Slantedangles/message/264519950](https://stocktwits.com/Slantedangles/message/264519950) (h/t @slantedangles). This manipulation isn't just happening with GME; it is happening *everywhere*. It’s baked into the cake. And that is pretty fucked up that we all just accept it because *whatareyagonnado*.

I think that one thing that those of us who truly do Think Young(TM) have a hard time understanding is at what point in your lives do you Boomers all finally come to realize that it’s maybe time to stop playing the game like you have been? What point do you finally have enough where doing the right thing matters more than getting paid? Maybe start by telling the truth more often—and maybe don’t go out of your way to help those corrupt-ass hedge fund managers who continually fuck over average people *merely because they were stupid enough to believe you all*. What contempt you Masters of the Universe have for all of them—for all of *us*. There is a bigger story here on GME and this out-of-control short interest (naked shorting, counterfeit shares)   [http://counterfeitingstock.com/CS2.0/CounterfeitingStock.html](http://counterfeitingstock.com/CS2.0/CounterfeitingStock.html) than even Ryan Cohen and the inevitable short squeeze we’re about to witness here. And it begins and ends with people like you and Melvin Capital and Bank of America not giving a fuck about the rules while thinking you’re smarter than the rest of us who do—but who lack power to do anything about it. And you know what? Maybe you *are* smarter than us. You certainly know how to play this game pretty well, as that video shows. But if I know my old school 1980s movies like I think I do, this is usually the part of the story where the rag-tag kids from across the tracks come over to show you hubristic rich fuckheads what happens when you fuck a stranger in the ass. 

Now I myself have never dabbled in pacifism, Jim, so this isn’t too much of a stretch for me, but seeing that video of yours and seeing the insane short interest and all the manipulation here makes me want to burn the whole corrupt system to the ground—while barricading the doors to trap in those arrogant-ass short sellers who lie and cheat and distort to profit off average people. And though I’m certain that this larger battle is not driving him, maybe that result is one that Ryan Cohen wouldn’t mind too. Though he’s a polite Canadian and would probably just let everyone know that he’s not really mad, just disappointed. But me?  I’m an Angry American and I say: Block the fucking doors and windows and light that shit up. 

So maybe this epistle will be useful for your Think Young(TM) project and cause you to reflect a bit more on what’s really going on out there with this whole GME thing and the likely illegal shorting that has driven the short percentage of float to these insane levels, drawing in new retail shorts too stupid to know what’s even happening.  Or maybe it wont cause you to reflect in the slightest (count me as one of those cynical types that see your overtures to WSB as a transparent play for greater market share from the Young Crowd since your old-ass audience is dying and/or switching to bonds).  But in a few months when all the Billy Ray Valentines and Louis Winthorpes assembled here are toasting each other in stupid shirts on a white-sand beach somewhere, we do not want you to look back on your knee-jerk boomer-ass dismissal of GME and your Useful Idiot blathering with that same tinge of regret and longing you feel when you look at a pre-Client 9 picture of you and your old roomie: warm-toes-and-hosiery-enthusiast E. Spitzer, Esq.

In conclusion: GME = Blockbuster comparisons are for Simps and Corrupt Short-and-Distorters. Don’t be like them, Jim.  And to my Rocket Children: the only weapon we wield in this stupid game is Diamond Hands with a float like this. Toughen the fuck up.

And Happy Holidays everyone.

\--CPT Hubbard

**TL/DR**: Jim Cramer likes farm-based idioms and apparently being a useful idiot to scummy short selling hedge funds. DD on the GME turnaround is solid and overleveraged short sellers should be shitting themselves. Ryan Cohen, our polite, hard-working Canadian benefactor is about to rip all our fucking faces off and trigger a MOASS. Probably even by early March, if that time is good for you (he’ll text before he comes).  And fuck infinite regress: It’s rockets all the way down here.  **🚀🚀🚀** Now: diamond hands, motherfuckers.

***

**This is a shitpost and is only to be used as investment and life advice for Mr. Jim Cramer, Esq.",1,https://www.reddit.com/r/wallstreetbets/comments/kito44/gme_short_squeeze_and_ryan_cohen_dd_for_jim/
2020-12-22 8:14:12,Stimulus Deal Reached | Apple coming for Tesla? | CarMax Earnings | Stock Market News [12-22],"**Is Apple going to challenge Tesla in the EV world? A stimulus deal has finally been agreed on! CarMax Reports earnings before the bell. Let’s talk about this and other stock market news**

**\~Very Long Post\~**

Hello everyone and Good Morning! So, let’s start with the recap of yesterday as we saw a very bad open after the UK [news](https://ibb.co/gRtBKsQ), but things did turn around as the big 3 indexes mostly recovered, with the [Nasdaq Composite](https://ibb.co/PrY0RJx) finishing down just 0.10% for the day, the [Dow Jones](https://ibb.co/8gTGLps) even posting a small gain finishing up 0.12% while the [SP500](https://ibb.co/tppPJ2r) lost 0.39% dragged down by the recent addition, [Tesla](https://ibb.co/dB2pbc2), which finished more than 6% down for the day. We also saw the [VIX](https://ibb.co/0GHcjF4) opening very high and was up more than 30% at one point before eventually finishing the day around the 25 levels, as the new strain in the UK caused some panic selling and overreactions in the stock market in my opinion. [Here](https://streamable.com/832r8c) is a short-clip from the Admiral Brett Giroir, the US HHS assistant secretary sharing the facts on CNN yesterday, as there is a lot of misinformation going on. 

So, he gave us reassurance, and I don’t believe there is anything to dispute [here](https://ibb.co/8XmJ4PL), as I have done a lot of research yesterday on the matter, as this strain has been circulating for 3 months already and is not something new with the only point of concern being that this one is more transmissible and has become the most common in the UK. This should not impact the effectiveness of the vaccines and has not been proven to be more lethal than any other strain. So, hopefully the vaccines become more available as fast as possible so that we can get past this whole thing already.

[Yesterday](https://ibb.co/8N8qSgR) more than 60% of the companies were losing ground on above average volume, as companies have started to have some retracements to the 50-day moving averages. Only one of the 11 [sectors](https://ibb.co/z6P1DDX) in the SP was gaining yesterday, with Financials gaining 0.81%, while Energy, Real Estate and Utilities finished the day down more than 2% as growth companies outperformed the value plays [yesterday](https://ibb.co/RgBp7cP), especially the mid and small-caps.

Here is the [HEAT MAP](https://ibb.co/ncyyDVm) from yesterday, as there was a whole lot of red going on, with only the biggest tech companies in the world having some small gains, with Microsoft &amp; Apple up more than 1% while Amazon &amp; Google also finished barely up for the day. We Also got the US banks which did pretty good following the FED decision to allow share buybacks again and Nike also surging after terrific earnings. We also saw some of the biggest losers in the oil &amp; gas industry joined by Tesla which saw a significant pullback after the SP500 inclusion.

Meanwhile, the US Congress finally [passed](https://ibb.co/4f0zbdv) a $892B bill after many months of gridlock that is expected to be signed into law by Trump. The bill will include $600 payments to most American. The bill which is more than 5K pages long also includes a federal spending budget of over $1.4T and has a net cost of only $350B in relief spending with the rest coming from unspent money from the previous bill.

[Here](https://ibb.co/3dcfyNc) are the most interesting economic reports coming today, with the GDP revision, consumer confidence index and home sales coming early in the morning.

We also get a single big earnings report today, coming from [CarMax](https://ibb.co/k4vtbFp) which will show us how the second-hand car market is doing, this may impact other stocks like Carvana and even car manufacturers. So, will writing this, CarMax released the [earnings](https://ibb.co/Z2r0qBy) and delivered a beat on the top and bottom line but underwhelmed on comparable store sales which were down 0.8% vs the 4.1% increase expected. I will come back tomorrow and discuss more about this after I get into the earnings report more in-depth. 

In some other stock market news, [GM](https://ibb.co/dMJrMQd) has landed 10K pre-orders for the new Hummer EV for the Edition 1 model which will be listed well above the $100K mark and will start production next year, this is another manufacturer that is going to keep putting more and more pressure on Tesla’s EV market share.

Tesla also continued to drop yesterday after [reports](https://ibb.co/sgvtSh3) that Apple is moving forward with a self-driving car by 2024 that would include its own breakthrough battery technology. Apple has started this project in 2014 but this had low interest from the company in the past years, has recently been brought back into focus, as they are targeting a unique mono-cell battery design that could radically reduce the cost and increase the range of the vehicle. Though I believe this is very unlikely to happen, as Apple is more likely to license this kind of technology, or maybe they will try to rely on some kind of a manufacturing partner rather than start manufacturing their own cars

We also saw the whole solar energy stock rallying again after reports that the spending bill will [include](https://ibb.co/N2q4RWp) $35B in energy R&amp;D programs, with an extension of the Tax Credit for solar &amp; wind power.

While another stay-at-home winner, [Peloton](https://ibb.co/dbhH7xQ) just agreed to acquire Precor for $420M as they seek to expand the market share and the manufacturing capabilities to keep up with the big demand which has caused delays.

Another recent stock market favorite also received a one-year $114M option contract from the US army. This helped pushed [Palantir](https://ibb.co/q0dgSkK) almost 10% up in regular trading and more than 2% again in after-hours.

Let’s hope for a good day in the market as the [FUTURES](https://ibb.co/QkQymBh) seem to be pointing at a good open, with the Nasdaq Composite leading the way.

Thank you everyone for reading! Hope you enjoyed the content! Be sure to leave a comment down below with your opinion on the stock market!

Have a great day and see you next time!",1,https://www.reddit.com/r/wallstreetbets/comments/ki53t3/stimulus_deal_reached_apple_coming_for_tesla/
2020-12-21 16:34:30,MVIS - ALL ABOARD THE LIDAR TRAIN,"Q: what’s the best part about LAZR?
A: there’s a much cheaper stock with better tech.

Here’s where MVIS comes in. MVIS has been working on Lidar tech for 20 years and has a robust patent portfolio. They have both an AR vertical and an autonomous driving vertical. 

MVIS has been confirmed as the key creator of the chip that powers the Microsoft Hololense 2. Look it up it’s dope. The US military’s IVAS program is gonna be buying up a shit ton of these. The Hololense will have more future versions with the realistic end goal of these smart glasses replacing smart phones. There is currently an AR smart glasses war going on between MSFT, FB, AAPL, and GOOG. 

And the Lidar for autonomous vehicles? The CEO of the company specialized in this field at his prior role at Google and said MVIS’s tech will disrupt the market. The autonomous Lidar sample will be ready by APRIL OF 2021 which is way sooner than the other Lidar companies. 

The stock has been on an absolute tear lately. The company has said they’re exploring strategic alternatives which includes the sale of the company and there are several very interested parties. 

On their board of directors is Dr. Spitzer who was very accomplished at Google and Judy Curran from Ford. This tech is the real deal and I waited til the stock left penny land to make this post. Do with it what you will but the potential here is insane.",0,https://www.reddit.com/r/wallstreetbets/comments/khqsxb/mvis_all_aboard_the_lidar_train/
2020-12-21 16:34:30,MVIS - ALL ABOARD THE LIDAR TRAIN,"Q: what’s the best part about LAZR?
A: there’s a much cheaper stock with better tech.

Here’s where MVIS comes in. MVIS has been working on Lidar tech for 20 years and has a robust patent portfolio. They have both an AR vertical and an autonomous driving vertical. 

MVIS has been confirmed as the key creator of the chip that powers the Microsoft Hololense 2. Look it up it’s dope. The US military’s IVAS program is gonna be buying up a shit ton of these. The Hololense will have more future versions with the realistic end goal of these smart glasses replacing smart phones. There is currently an AR smart glasses war going on between MSFT, FB, AAPL, and GOOG. 

And the Lidar for autonomous vehicles? The CEO of the company specialized in this field at his prior role at Google and said MVIS’s tech will disrupt the market. The autonomous Lidar sample will be ready by APRIL OF 2021 which is way sooner than the other Lidar companies. 

The stock has been on an absolute tear lately. The company has said they’re exploring strategic alternatives which includes the sale of the company and there are several very interested parties. 

On their board of directors is Dr. Spitzer who was very accomplished at Google and Judy Curran from Ford. This tech is the real deal and I waited til the stock left penny land to make this post. Do with it what you will but the potential here is insane.",0,https://www.reddit.com/r/wallstreetbets/comments/khqsxb/mvis_all_aboard_the_lidar_train/