3/3/2020,A,AAL
3/3/2020,A,AAP
3/3/2020,A,AAPL
3/3/2020,A,ABBV
3/3/2020,A,ABC
3/3/2020,A,ABMD
3/3/2020,A,ABT
3/3/2020,A,ACN
3/3/2020,A,ADBE
3/3/2020,A,ADI
3/3/2020,A,ADM
3/3/2020,A,ADP
3/3/2020,A,ADS
3/3/2020,A,ADSK
3/3/2020,A,AEE
3/3/2020,A,AEP
3/3/2020,A,AES
3/3/2020,A,AFL
3/3/2020,A,AGN
3/3/2020,A,AIG
3/3/2020,A,AIV
3/3/2020,A,AIZ
3/3/2020,A,AJG
3/3/2020,A,AKAM
3/3/2020,A,ALB
3/3/2020,A,ALGN
3/3/2020,A,ALK
3/3/2020,A,ALL
3/3/2020,A,ALLE
3/3/2020,A,ALXN
3/3/2020,A,AMAT
3/3/2020,A,AMCR
3/3/2020,A,AMD
3/3/2020,A,AME
3/3/2020,A,AMGN
3/3/2020,A,AMP
3/3/2020,A,AMT
3/3/2020,A,AMZN
3/3/2020,A,ANET
3/3/2020,A,ANSS
3/3/2020,A,ANTM
3/3/2020,A,AON
3/3/2020,A,AOS
3/3/2020,A,APA
3/3/2020,A,APD
3/3/2020,A,APH
3/3/2020,A,APTV
3/3/2020,A,ARE
3/3/2020,A,ARNC
3/3/2020,A,ATO
3/3/2020,A,ATVI
3/3/2020,A,AVB
3/3/2020,A,AVGO
3/3/2020,A,AVY
3/3/2020,A,AWK
3/3/2020,A,AXP
3/3/2020,A,AZO
3/3/2020,A,BA
3/3/2020,A,BAC
3/3/2020,A,BAX
3/3/2020,A,BBY
3/3/2020,A,BDX
3/3/2020,A,BEN
3/3/2020,A,BF.B
3/3/2020,A,BIIB
3/3/2020,A,BK
3/3/2020,A,BKNG
3/3/2020,A,BKR
3/3/2020,A,BLK
3/3/2020,A,BLL
3/3/2020,A,BMY
3/3/2020,A,BR
3/3/2020,A,BRK.B
3/3/2020,A,BSX
3/3/2020,A,BWA
3/3/2020,A,BXP
3/3/2020,A,C
3/3/2020,A,CAG
3/3/2020,A,CAH
3/3/2020,A,CAT
3/3/2020,A,CB
3/3/2020,A,CBOE
3/3/2020,A,CBRE
3/3/2020,A,CCI
3/3/2020,A,CCL
3/3/2020,A,CDNS
3/3/2020,A,CDW
3/3/2020,A,CE
3/3/2020,A,CERN
3/3/2020,A,CF
3/3/2020,A,CFG
3/3/2020,A,CHD
3/3/2020,A,CHRW
3/3/2020,A,CHTR
3/3/2020,A,CI
3/3/2020,A,CINF
3/3/2020,A,CL
3/3/2020,A,CLX
3/3/2020,A,CMA
3/3/2020,A,CMCSA
3/3/2020,A,CME
3/3/2020,A,CMG
3/3/2020,A,CMI
3/3/2020,A,CMS
3/3/2020,A,CNC
3/3/2020,A,CNP
3/3/2020,A,COF
3/3/2020,A,COG
3/3/2020,A,COO
3/3/2020,A,COP
3/3/2020,A,COST
3/3/2020,A,COTY
3/3/2020,A,CPB
3/3/2020,A,CPRI
3/3/2020,A,CPRT
3/3/2020,A,CRM
3/3/2020,A,CSCO
3/3/2020,A,CSX
3/3/2020,A,CTAS
3/3/2020,A,CTL
3/3/2020,A,CTSH
3/3/2020,A,CTVA
3/3/2020,A,CTXS
3/3/2020,A,CVS
3/3/2020,A,CVX
3/3/2020,A,CXO
3/3/2020,A,D
3/3/2020,A,DAL
3/3/2020,A,DD
3/3/2020,A,DE
3/3/2020,A,DFS
3/3/2020,A,DG
3/3/2020,A,DGX
3/3/2020,A,DHI
3/3/2020,A,DHR
3/3/2020,A,DIS
3/3/2020,A,DISCA
3/3/2020,A,DISCK
3/3/2020,A,DISH
3/3/2020,A,DLR
3/3/2020,A,DLTR
3/3/2020,A,DOV
3/3/2020,A,DOW
3/3/2020,A,DRE
3/3/2020,A,DRI
3/3/2020,A,DTE
3/3/2020,A,DUK
3/3/2020,A,DVA
3/3/2020,A,DVN
3/3/2020,A,DXC
3/3/2020,A,EA
3/3/2020,A,EBAY
3/3/2020,A,ECL
3/3/2020,A,ED
3/3/2020,A,EFX
3/3/2020,A,EIX
3/3/2020,A,EL
3/3/2020,A,EMN
3/3/2020,A,EMR
3/3/2020,A,EOG
3/3/2020,A,EQIX
3/3/2020,A,EQR
3/3/2020,A,ES
3/3/2020,A,ESS
3/3/2020,A,ETFC
3/3/2020,A,ETN
3/3/2020,A,ETR
3/3/2020,A,EVRG
3/3/2020,A,EW
3/3/2020,A,EXC
3/3/2020,A,EXPD
3/3/2020,A,EXPE
3/3/2020,A,EXR
3/3/2020,A,F
3/3/2020,A,FANG
3/3/2020,A,FAST
3/3/2020,A,FB
3/3/2020,A,FBHS
3/3/2020,A,FCX
3/3/2020,A,FDX
3/3/2020,A,FE
3/3/2020,A,FFIV
3/3/2020,A,FIS
3/3/2020,A,FISV
3/3/2020,A,FITB
3/3/2020,A,FLIR
3/3/2020,A,FLS
3/3/2020,A,FLT
3/3/2020,A,FMC
3/3/2020,A,FOX
3/3/2020,A,FOXA
3/3/2020,A,FRC
3/3/2020,A,FRT
3/3/2020,A,FTI
3/3/2020,A,FTNT
3/3/2020,A,FTV
3/3/2020,A,GD
3/3/2020,A,GE
3/3/2020,A,GILD
3/3/2020,A,GIS
3/3/2020,A,GL
3/3/2020,A,GLW
3/3/2020,A,GM
3/3/2020,A,GOOG
3/3/2020,A,GOOGL
3/3/2020,A,GPC
3/3/2020,A,GPN
3/3/2020,A,GPS
3/3/2020,A,GRMN
3/3/2020,A,GS
3/3/2020,A,GWW
3/3/2020,A,HAL
3/3/2020,A,HAS
3/3/2020,A,HBAN
3/3/2020,A,HBI
3/3/2020,A,HCA
3/3/2020,A,HD
3/3/2020,A,HES
3/3/2020,A,HFC
3/3/2020,A,HIG
3/3/2020,A,HII
3/3/2020,A,HLT
3/3/2020,A,HOG
3/3/2020,A,HOLX
3/3/2020,A,HON
3/3/2020,A,HP
3/3/2020,A,HPE
3/3/2020,A,HPQ
3/3/2020,A,HRB
3/3/2020,A,HRL
3/3/2020,A,HSIC
3/3/2020,A,HST
3/3/2020,A,HSY
3/3/2020,A,HUM
3/3/2020,A,IBM
3/3/2020,A,ICE
3/3/2020,A,IDXX
3/3/2020,A,IEX
3/3/2020,A,IFF
3/3/2020,A,ILMN
3/3/2020,A,INCY
3/3/2020,A,INFO
3/3/2020,A,INTC
3/3/2020,A,INTU
3/3/2020,A,IP
3/3/2020,A,IPG
3/3/2020,A,IPGP
3/3/2020,A,IQV
3/3/2020,A,IR
3/3/2020,A,IRM
3/3/2020,A,ISRG
3/3/2020,A,IT
3/3/2020,A,ITW
3/3/2020,A,IVZ
3/3/2020,A,J
3/3/2020,A,JBHT
3/3/2020,A,JCI
3/3/2020,A,JKHY
3/3/2020,A,JNJ
3/3/2020,A,JNPR
3/3/2020,A,JPM
3/3/2020,A,JWN
3/3/2020,A,K
3/3/2020,A,KEY
3/3/2020,A,KEYS
3/3/2020,A,KHC
3/3/2020,A,KIM
3/3/2020,A,KLAC
3/3/2020,A,KMB
3/3/2020,A,KMI
3/3/2020,A,KMX
3/3/2020,A,KO
3/3/2020,A,KR
3/3/2020,A,KSS
3/3/2020,A,KSU
3/3/2020,A,L
3/3/2020,A,LB
3/3/2020,A,LDOS
3/3/2020,A,LEG
3/3/2020,A,LEN
3/3/2020,A,LH
3/3/2020,A,LHX
3/3/2020,A,LIN
3/3/2020,A,LKQ
3/3/2020,A,LLY
3/3/2020,A,LMT
3/3/2020,A,LNC
3/3/2020,A,LNT
3/3/2020,A,LOW
3/3/2020,A,LRCX
3/3/2020,A,LUV
3/3/2020,A,LVS
3/3/2020,A,LW
3/3/2020,A,LYB
3/3/2020,A,LYV
3/3/2020,A,M
3/3/2020,A,MA
3/3/2020,A,MAA
3/3/2020,A,MAR
3/3/2020,A,MAS
3/3/2020,A,MCD
3/3/2020,A,MCHP
3/3/2020,A,MCK
3/3/2020,A,MCO
3/3/2020,A,MDLZ
3/3/2020,A,MDT
3/3/2020,A,MET
3/3/2020,A,MGM
3/3/2020,A,MHK
3/3/2020,A,MKC
3/3/2020,A,MKTX
3/3/2020,A,MLM
3/3/2020,A,MMC
3/3/2020,A,MMM
3/3/2020,A,MNST
3/3/2020,A,MO
3/3/2020,A,MOS
3/3/2020,A,MPC
3/3/2020,A,MRK
3/3/2020,A,MRO
3/3/2020,A,MS
3/3/2020,A,MSCI
3/3/2020,A,MSFT
3/3/2020,A,MSI
3/3/2020,A,MTB
3/3/2020,A,MTD
3/3/2020,A,MU
3/3/2020,A,MXIM
3/3/2020,A,MYL
3/3/2020,A,NBL
3/3/2020,A,NCLH
3/3/2020,A,NDAQ
3/3/2020,A,NEE
3/3/2020,A,NEM
3/3/2020,A,NFLX
3/3/2020,A,NI
3/3/2020,A,NKE
3/3/2020,A,NLOK
3/3/2020,A,NLSN
3/3/2020,A,NOC
3/3/2020,A,NOV
3/3/2020,A,NOW
3/3/2020,A,NRG
3/3/2020,A,NSC
3/3/2020,A,NTAP
3/3/2020,A,NTRS
3/3/2020,A,NUE
3/3/2020,A,NVDA
3/3/2020,A,NVR
3/3/2020,A,NWL
3/3/2020,A,NWS
3/3/2020,A,NWSA
3/3/2020,A,O
3/3/2020,A,ODFL
3/3/2020,A,OKE
3/3/2020,A,OMC
3/3/2020,A,ORCL
3/3/2020,A,ORLY
3/3/2020,A,OXY
3/3/2020,A,PAYC
3/3/2020,A,PAYX
3/3/2020,A,PBCT
3/3/2020,A,PCAR
3/3/2020,A,PEAK
3/3/2020,A,PEG
3/3/2020,A,PEP
3/3/2020,A,PFE
3/3/2020,A,PFG
3/3/2020,A,PG
3/3/2020,A,PGR
3/3/2020,A,PH
3/3/2020,A,PHM
3/3/2020,A,PKG
3/3/2020,A,PKI
3/3/2020,A,PLD
3/3/2020,A,PM
3/3/2020,A,PNC
3/3/2020,A,PNR
3/3/2020,A,PNW
3/3/2020,A,PPG
3/3/2020,A,PPL
3/3/2020,A,PRGO
3/3/2020,A,PRU
3/3/2020,A,PSA
3/3/2020,A,PSX
3/3/2020,A,PVH
3/3/2020,A,PWR
3/3/2020,A,PXD
3/3/2020,A,PYPL
3/3/2020,A,QCOM
3/3/2020,A,QRVO
3/3/2020,A,RCL
3/3/2020,A,RE
3/3/2020,A,REG
3/3/2020,A,REGN
3/3/2020,A,RF
3/3/2020,A,RHI
3/3/2020,A,RJF
3/3/2020,A,RL
3/3/2020,A,RMD
3/3/2020,A,ROK
3/3/2020,A,ROL
3/3/2020,A,ROP
3/3/2020,A,ROST
3/3/2020,A,RSG
3/3/2020,A,RTN
3/3/2020,A,SBAC
3/3/2020,A,SBUX
3/3/2020,A,SCHW
3/3/2020,A,SEE
3/3/2020,A,SHW
3/3/2020,A,SIVB
3/3/2020,A,SJM
3/3/2020,A,SLB
3/3/2020,A,SLG
3/3/2020,A,SNA
3/3/2020,A,SNPS
3/3/2020,A,SO
3/3/2020,A,SPG
3/3/2020,A,SPGI
3/3/2020,A,SRE
3/3/2020,A,STE
3/3/2020,A,STT
3/3/2020,A,STX
3/3/2020,A,STZ
3/3/2020,A,SWK
3/3/2020,A,SWKS
3/3/2020,A,SYF
3/3/2020,A,SYK
3/3/2020,A,SYY
3/3/2020,A,T
3/3/2020,A,TAP
3/3/2020,A,TDG
3/3/2020,A,TEL
3/3/2020,A,TFC
3/3/2020,A,TFX
3/3/2020,A,TGT
3/3/2020,A,TIF
3/3/2020,A,TJX
3/3/2020,A,TMO
3/3/2020,A,TMUS
3/3/2020,A,TPR
3/3/2020,A,TROW
3/3/2020,A,TRV
3/3/2020,A,TSCO
3/3/2020,A,TSN
3/3/2020,A,TT
3/3/2020,A,TTWO
3/3/2020,A,TWTR
3/3/2020,A,TXN
3/3/2020,A,TXT
3/3/2020,A,UA
3/3/2020,A,UAA
3/3/2020,A,UAL
3/3/2020,A,UDR
3/3/2020,A,UHS
3/3/2020,A,ULTA
3/3/2020,A,UNH
3/3/2020,A,UNM
3/3/2020,A,UNP
3/3/2020,A,UPS
3/3/2020,A,URI
3/3/2020,A,USB
3/3/2020,A,UTX
3/3/2020,A,V
3/3/2020,A,VAR
3/3/2020,A,VFC
3/3/2020,A,VIAC
3/3/2020,A,VLO
3/3/2020,A,VMC
3/3/2020,A,VNO
3/3/2020,A,VRSK
3/3/2020,A,VRSN
3/3/2020,A,VRTX
3/3/2020,A,VTR
3/3/2020,A,VZ
3/3/2020,A,WAB
3/3/2020,A,WAT
3/3/2020,A,WBA
3/3/2020,A,WDC
3/3/2020,A,WEC
3/3/2020,A,WELL
3/3/2020,A,WFC
3/3/2020,A,WHR
3/3/2020,A,WLTW
3/3/2020,A,WM
3/3/2020,A,WMB
3/3/2020,A,WMT
3/3/2020,A,WRB
3/3/2020,A,WRK
3/3/2020,A,WU
3/3/2020,A,WY
3/3/2020,A,WYNN
3/3/2020,A,XEL
3/3/2020,A,XLNX
3/3/2020,A,XOM
3/3/2020,A,XRAY
3/3/2020,A,XRX
3/3/2020,A,XYL
3/3/2020,A,YUM
3/3/2020,A,ZBH
3/3/2020,A,ZBRA
3/3/2020,A,ZION
3/3/2020,A,ZTS
6/22/2020,A,AAL
6/22/2020,A,AAP
6/22/2020,A,AAPL
6/22/2020,A,ABBV
6/22/2020,A,ABC
6/22/2020,A,ABMD
6/22/2020,A,ABT
6/22/2020,A,ACN
6/22/2020,A,ADBE
6/22/2020,A,ADI
6/22/2020,A,ADM
6/22/2020,A,ADP
6/22/2020,A,ADSK
6/22/2020,A,AEE
6/22/2020,A,AEP
6/22/2020,A,AES
6/22/2020,A,AFL
6/22/2020,A,AIG
6/22/2020,A,AIV
6/22/2020,A,AIZ
6/22/2020,A,AJG
6/22/2020,A,AKAM
6/22/2020,A,ALB
6/22/2020,A,ALGN
6/22/2020,A,ALK
6/22/2020,A,ALL
6/22/2020,A,ALLE
6/22/2020,A,ALXN
6/22/2020,A,AMAT
6/22/2020,A,AMCR
6/22/2020,A,AMD
6/22/2020,A,AME
6/22/2020,A,AMGN
6/22/2020,A,AMP
6/22/2020,A,AMT
6/22/2020,A,AMZN
6/22/2020,A,ANET
6/22/2020,A,ANSS
6/22/2020,A,ANTM
6/22/2020,A,AON
6/22/2020,A,AOS
6/22/2020,A,APA
6/22/2020,A,APD
6/22/2020,A,APH
6/22/2020,A,APTV
6/22/2020,A,ARE
6/22/2020,A,ATO
6/22/2020,A,ATVI
6/22/2020,A,AVB
6/22/2020,A,AVGO
6/22/2020,A,AVY
6/22/2020,A,AWK
6/22/2020,A,AXP
6/22/2020,A,AZO
6/22/2020,A,BA
6/22/2020,A,BAC
6/22/2020,A,BAX
6/22/2020,A,BBY
6/22/2020,A,BDX
6/22/2020,A,BEN
6/22/2020,A,BF.B
6/22/2020,A,BIIB
6/22/2020,A,BIO
6/22/2020,A,BK
6/22/2020,A,BKNG
6/22/2020,A,BKR
6/22/2020,A,BLK
6/22/2020,A,BLL
6/22/2020,A,BMY
6/22/2020,A,BR
6/22/2020,A,BRK.B
6/22/2020,A,BSX
6/22/2020,A,BWA
6/22/2020,A,BXP
6/22/2020,A,C
6/22/2020,A,CAG
6/22/2020,A,CAH
6/22/2020,A,CARR
6/22/2020,A,CAT
6/22/2020,A,CB
6/22/2020,A,CBOE
6/22/2020,A,CBRE
6/22/2020,A,CCI
6/22/2020,A,CCL
6/22/2020,A,CDNS
6/22/2020,A,CDW
6/22/2020,A,CE
6/22/2020,A,CERN
6/22/2020,A,CF
6/22/2020,A,CFG
6/22/2020,A,CHD
6/22/2020,A,CHRW
6/22/2020,A,CHTR
6/22/2020,A,CI
6/22/2020,A,CINF
6/22/2020,A,CL
6/22/2020,A,CLX
6/22/2020,A,CMA
6/22/2020,A,CMCSA
6/22/2020,A,CME
6/22/2020,A,CMG
6/22/2020,A,CMI
6/22/2020,A,CMS
6/22/2020,A,CNC
6/22/2020,A,CNP
6/22/2020,A,COF
6/22/2020,A,COG
6/22/2020,A,COO
6/22/2020,A,COP
6/22/2020,A,COST
6/22/2020,A,COTY
6/22/2020,A,CPB
6/22/2020,A,CPRT
6/22/2020,A,CRM
6/22/2020,A,CSCO
6/22/2020,A,CSX
6/22/2020,A,CTAS
6/22/2020,A,CTL
6/22/2020,A,CTSH
6/22/2020,A,CTVA
6/22/2020,A,CTXS
6/22/2020,A,CVS
6/22/2020,A,CVX
6/22/2020,A,CXO
6/22/2020,A,D
6/22/2020,A,DAL
6/22/2020,A,DD
6/22/2020,A,DE
6/22/2020,A,DFS
6/22/2020,A,DG
6/22/2020,A,DGX
6/22/2020,A,DHI
6/22/2020,A,DHR
6/22/2020,A,DIS
6/22/2020,A,DISCA
6/22/2020,A,DISCK
6/22/2020,A,DISH
6/22/2020,A,DLR
6/22/2020,A,DLTR
6/22/2020,A,DOV
6/22/2020,A,DOW
6/22/2020,A,DPZ
6/22/2020,A,DRE
6/22/2020,A,DRI
6/22/2020,A,DTE
6/22/2020,A,DUK
6/22/2020,A,DVA
6/22/2020,A,DVN
6/22/2020,A,DXC
6/22/2020,A,DXCM
6/22/2020,A,EA
6/22/2020,A,EBAY
6/22/2020,A,ECL
6/22/2020,A,ED
6/22/2020,A,EFX
6/22/2020,A,EIX
6/22/2020,A,EL
6/22/2020,A,EMN
6/22/2020,A,EMR
6/22/2020,A,EOG
6/22/2020,A,EQIX
6/22/2020,A,EQR
6/22/2020,A,ES
6/22/2020,A,ESS
6/22/2020,A,ETFC
6/22/2020,A,ETN
6/22/2020,A,ETR
6/22/2020,A,EVRG
6/22/2020,A,EW
6/22/2020,A,EXC
6/22/2020,A,EXPD
6/22/2020,A,EXPE
6/22/2020,A,EXR
6/22/2020,A,F
6/22/2020,A,FANG
6/22/2020,A,FAST
6/22/2020,A,FB
6/22/2020,A,FBHS
6/22/2020,A,FCX
6/22/2020,A,FDX
6/22/2020,A,FE
6/22/2020,A,FFIV
6/22/2020,A,FIS
6/22/2020,A,FISV
6/22/2020,A,FITB
6/22/2020,A,FLIR
6/22/2020,A,FLS
6/22/2020,A,FLT
6/22/2020,A,FMC
6/22/2020,A,FOX
6/22/2020,A,FOXA
6/22/2020,A,FRC
6/22/2020,A,FRT
6/22/2020,A,FTI
6/22/2020,A,FTNT
6/22/2020,A,FTV
6/22/2020,A,GD
6/22/2020,A,GE
6/22/2020,A,GILD
6/22/2020,A,GIS
6/22/2020,A,GL
6/22/2020,A,GLW
6/22/2020,A,GM
6/22/2020,A,GOOG
6/22/2020,A,GOOGL
6/22/2020,A,GPC
6/22/2020,A,GPN
6/22/2020,A,GPS
6/22/2020,A,GRMN
6/22/2020,A,GS
6/22/2020,A,GWW
6/22/2020,A,HAL
6/22/2020,A,HAS
6/22/2020,A,HBAN
6/22/2020,A,HBI
6/22/2020,A,HCA
6/22/2020,A,HD
6/22/2020,A,HES
6/22/2020,A,HFC
6/22/2020,A,HIG
6/22/2020,A,HII
6/22/2020,A,HLT
6/22/2020,A,HOLX
6/22/2020,A,HON
6/22/2020,A,HPE
6/22/2020,A,HPQ
6/22/2020,A,HRB
6/22/2020,A,HRL
6/22/2020,A,HSIC
6/22/2020,A,HST
6/22/2020,A,HSY
6/22/2020,A,HUM
6/22/2020,A,HWM
6/22/2020,A,IBM
6/22/2020,A,ICE
6/22/2020,A,IDXX
6/22/2020,A,IEX
6/22/2020,A,IFF
6/22/2020,A,ILMN
6/22/2020,A,INCY
6/22/2020,A,INFO
6/22/2020,A,INTC
6/22/2020,A,INTU
6/22/2020,A,IP
6/22/2020,A,IPG
6/22/2020,A,IPGP
6/22/2020,A,IQV
6/22/2020,A,IR
6/22/2020,A,IRM
6/22/2020,A,ISRG
6/22/2020,A,IT
6/22/2020,A,ITW
6/22/2020,A,IVZ
6/22/2020,A,J
6/22/2020,A,JBHT
6/22/2020,A,JCI
6/22/2020,A,JKHY
6/22/2020,A,JNJ
6/22/2020,A,JNPR
6/22/2020,A,JPM
6/22/2020,A,K
6/22/2020,A,KEY
6/22/2020,A,KEYS
6/22/2020,A,KHC
6/22/2020,A,KIM
6/22/2020,A,KLAC
6/22/2020,A,KMB
6/22/2020,A,KMI
6/22/2020,A,KMX
6/22/2020,A,KO
6/22/2020,A,KR
6/22/2020,A,KSS
6/22/2020,A,KSU
6/22/2020,A,L
6/22/2020,A,LB
6/22/2020,A,LDOS
6/22/2020,A,LEG
6/22/2020,A,LEN
6/22/2020,A,LH
6/22/2020,A,LHX
6/22/2020,A,LIN
6/22/2020,A,LKQ
6/22/2020,A,LLY
6/22/2020,A,LMT
6/22/2020,A,LNC
6/22/2020,A,LNT
6/22/2020,A,LOW
6/22/2020,A,LRCX
6/22/2020,A,LUV
6/22/2020,A,LVS
6/22/2020,A,LW
6/22/2020,A,LYB
6/22/2020,A,LYV
6/22/2020,A,MA
6/22/2020,A,MAA
6/22/2020,A,MAR
6/22/2020,A,MAS
6/22/2020,A,MCD
6/22/2020,A,MCHP
6/22/2020,A,MCK
6/22/2020,A,MCO
6/22/2020,A,MDLZ
6/22/2020,A,MDT
6/22/2020,A,MET
6/22/2020,A,MGM
6/22/2020,A,MHK
6/22/2020,A,MKC
6/22/2020,A,MKTX
6/22/2020,A,MLM
6/22/2020,A,MMC
6/22/2020,A,MMM
6/22/2020,A,MNST
6/22/2020,A,MO
6/22/2020,A,MOS
6/22/2020,A,MPC
6/22/2020,A,MRK
6/22/2020,A,MRO
6/22/2020,A,MS
6/22/2020,A,MSCI
6/22/2020,A,MSFT
6/22/2020,A,MSI
6/22/2020,A,MTB
6/22/2020,A,MTD
6/22/2020,A,MU
6/22/2020,A,MXIM
6/22/2020,A,MYL
6/22/2020,A,NBL
6/22/2020,A,NCLH
6/22/2020,A,NDAQ
6/22/2020,A,NEE
6/22/2020,A,NEM
6/22/2020,A,NFLX
6/22/2020,A,NI
6/22/2020,A,NKE
6/22/2020,A,NLOK
6/22/2020,A,NLSN
6/22/2020,A,NOC
6/22/2020,A,NOV
6/22/2020,A,NOW
6/22/2020,A,NRG
6/22/2020,A,NSC
6/22/2020,A,NTAP
6/22/2020,A,NTRS
6/22/2020,A,NUE
6/22/2020,A,NVDA
6/22/2020,A,NVR
6/22/2020,A,NWL
6/22/2020,A,NWS
6/22/2020,A,NWSA
6/22/2020,A,O
6/22/2020,A,ODFL
6/22/2020,A,OKE
6/22/2020,A,OMC
6/22/2020,A,ORCL
6/22/2020,A,ORLY
6/22/2020,A,OTIS
6/22/2020,A,OXY
6/22/2020,A,PAYC
6/22/2020,A,PAYX
6/22/2020,A,PBCT
6/22/2020,A,PCAR
6/22/2020,A,PEAK
6/22/2020,A,PEG
6/22/2020,A,PEP
6/22/2020,A,PFE
6/22/2020,A,PFG
6/22/2020,A,PG
6/22/2020,A,PGR
6/22/2020,A,PH
6/22/2020,A,PHM
6/22/2020,A,PKG
6/22/2020,A,PKI
6/22/2020,A,PLD
6/22/2020,A,PM
6/22/2020,A,PNC
6/22/2020,A,PNR
6/22/2020,A,PNW
6/22/2020,A,PPG
6/22/2020,A,PPL
6/22/2020,A,PRGO
6/22/2020,A,PRU
6/22/2020,A,PSA
6/22/2020,A,PSX
6/22/2020,A,PVH
6/22/2020,A,PWR
6/22/2020,A,PXD
6/22/2020,A,PYPL
6/22/2020,A,QCOM
6/22/2020,A,QRVO
6/22/2020,A,RCL
6/22/2020,A,RE
6/22/2020,A,REG
6/22/2020,A,REGN
6/22/2020,A,RF
6/22/2020,A,RHI
6/22/2020,A,RJF
6/22/2020,A,RL
6/22/2020,A,RMD
6/22/2020,A,ROK
6/22/2020,A,ROL
6/22/2020,A,ROP
6/22/2020,A,ROST
6/22/2020,A,RSG
6/22/2020,A,RTX
6/22/2020,A,SBAC
6/22/2020,A,SBUX
6/22/2020,A,SCHW
6/22/2020,A,SEE
6/22/2020,A,SHW
6/22/2020,A,SIVB
6/22/2020,A,SJM
6/22/2020,A,SLB
6/22/2020,A,SLG
6/22/2020,A,SNA
6/22/2020,A,SNPS
6/22/2020,A,SO
6/22/2020,A,SPG
6/22/2020,A,SPGI
6/22/2020,A,SRE
6/22/2020,A,STE
6/22/2020,A,STT
6/22/2020,A,STX
6/22/2020,A,STZ
6/22/2020,A,SWK
6/22/2020,A,SWKS
6/22/2020,A,SYF
6/22/2020,A,SYK
6/22/2020,A,SYY
6/22/2020,A,T
6/22/2020,A,TAP
6/22/2020,A,TDG
6/22/2020,A,TDY
6/22/2020,A,TEL
6/22/2020,A,TFC
6/22/2020,A,TFX
6/22/2020,A,TGT
6/22/2020,A,TIF
6/22/2020,A,TJX
6/22/2020,A,TMO
6/22/2020,A,TMUS
6/22/2020,A,TPR
6/22/2020,A,TROW
6/22/2020,A,TRV
6/22/2020,A,TSCO
6/22/2020,A,TSN
6/22/2020,A,TT
6/22/2020,A,TTWO
6/22/2020,A,TWTR
6/22/2020,A,TXN
6/22/2020,A,TXT
6/22/2020,A,TYL
6/22/2020,A,UA
6/22/2020,A,UAA
6/22/2020,A,UAL
6/22/2020,A,UDR
6/22/2020,A,UHS
6/22/2020,A,ULTA
6/22/2020,A,UNH
6/22/2020,A,UNM
6/22/2020,A,UNP
6/22/2020,A,UPS
6/22/2020,A,URI
6/22/2020,A,USB
6/22/2020,A,V
6/22/2020,A,VAR
6/22/2020,A,VFC
6/22/2020,A,VIAC
6/22/2020,A,VLO
6/22/2020,A,VMC
6/22/2020,A,VNO
6/22/2020,A,VRSK
6/22/2020,A,VRSN
6/22/2020,A,VRTX
6/22/2020,A,VTR
6/22/2020,A,VZ
6/22/2020,A,WAB
6/22/2020,A,WAT
6/22/2020,A,WBA
6/22/2020,A,WDC
6/22/2020,A,WEC
6/22/2020,A,WELL
6/22/2020,A,WFC
6/22/2020,A,WHR
6/22/2020,A,WLTW
6/22/2020,A,WM
6/22/2020,A,WMB
6/22/2020,A,WMT
6/22/2020,A,WRB
6/22/2020,A,WRK
6/22/2020,A,WST
6/22/2020,A,WU
6/22/2020,A,WY
6/22/2020,A,WYNN
6/22/2020,A,XEL
6/22/2020,A,XLNX
6/22/2020,A,XOM
6/22/2020,A,XRAY
6/22/2020,A,XRX
6/22/2020,A,XYL
6/22/2020,A,YUM
6/22/2020,A,ZBH
6/22/2020,A,ZBRA
6/22/2020,A,ZION
6/22/2020,A,ZTS
9/21/2020,A,AAL
9/21/2020,A,AAP
9/21/2020,A,AAPL
9/21/2020,A,ABBV
9/21/2020,A,ABC
9/21/2020,A,ABMD
9/21/2020,A,ABT
9/21/2020,A,ACN
9/21/2020,A,ADBE
9/21/2020,A,ADI
9/21/2020,A,ADM
9/21/2020,A,ADP
9/21/2020,A,ADSK
9/21/2020,A,AEE
9/21/2020,A,AEP
9/21/2020,A,AES
9/21/2020,A,AFL
9/21/2020,A,AIG
9/21/2020,A,AIV
9/21/2020,A,AIZ
9/21/2020,A,AJG
9/21/2020,A,AKAM
9/21/2020,A,ALB
9/21/2020,A,ALGN
9/21/2020,A,ALK
9/21/2020,A,ALL
9/21/2020,A,ALLE
9/21/2020,A,ALXN
9/21/2020,A,AMAT
9/21/2020,A,AMCR
9/21/2020,A,AMD
9/21/2020,A,AME
9/21/2020,A,AMGN
9/21/2020,A,AMP
9/21/2020,A,AMT
9/21/2020,A,AMZN
9/21/2020,A,ANET
9/21/2020,A,ANSS
9/21/2020,A,ANTM
9/21/2020,A,AON
9/21/2020,A,AOS
9/21/2020,A,APA
9/21/2020,A,APD
9/21/2020,A,APH
9/21/2020,A,APTV
9/21/2020,A,ARE
9/21/2020,A,ATO
9/21/2020,A,ATVI
9/21/2020,A,AVB
9/21/2020,A,AVGO
9/21/2020,A,AVY
9/21/2020,A,AWK
9/21/2020,A,AXP
9/21/2020,A,AZO
9/21/2020,A,BA
9/21/2020,A,BAC
9/21/2020,A,BAX
9/21/2020,A,BBY
9/21/2020,A,BDX
9/21/2020,A,BEN
9/21/2020,A,BF.B
9/21/2020,A,BIIB
9/21/2020,A,BIO
9/21/2020,A,BK
9/21/2020,A,BKNG
9/21/2020,A,BKR
9/21/2020,A,BLK
9/21/2020,A,BLL
9/21/2020,A,BMY
9/21/2020,A,BR
9/21/2020,A,BRK.B
9/21/2020,A,BSX
9/21/2020,A,BWA
9/21/2020,A,BXP
9/21/2020,A,C
9/21/2020,A,CAG
9/21/2020,A,CAH
9/21/2020,A,CARR
9/21/2020,A,CAT
9/21/2020,A,CB
9/21/2020,A,CBOE
9/21/2020,A,CBRE
9/21/2020,A,CCI
9/21/2020,A,CCL
9/21/2020,A,CDNS
9/21/2020,A,CDW
9/21/2020,A,CE
9/21/2020,A,CERN
9/21/2020,A,CF
9/21/2020,A,CFG
9/21/2020,A,CHD
9/21/2020,A,CHRW
9/21/2020,A,CHTR
9/21/2020,A,CI
9/21/2020,A,CINF
9/21/2020,A,CL
9/21/2020,A,CLX
9/21/2020,A,CMA
9/21/2020,A,CMCSA
9/21/2020,A,CME
9/21/2020,A,CMG
9/21/2020,A,CMI
9/21/2020,A,CMS
9/21/2020,A,CNC
9/21/2020,A,CNP
9/21/2020,A,COF
9/21/2020,A,COG
9/21/2020,A,COO
9/21/2020,A,COP
9/21/2020,A,COST
9/21/2020,A,CPB
9/21/2020,A,CPRT
9/21/2020,A,CRM
9/21/2020,A,CSCO
9/21/2020,A,CSX
9/21/2020,A,CTAS
9/21/2020,A,CTLT
9/21/2020,A,CTSH
9/21/2020,A,CTVA
9/21/2020,A,CTXS
9/21/2020,A,CVS
9/21/2020,A,CVX
9/21/2020,A,CXO
9/21/2020,A,D
9/21/2020,A,DAL
9/21/2020,A,DD
9/21/2020,A,DE
9/21/2020,A,DFS
9/21/2020,A,DG
9/21/2020,A,DGX
9/21/2020,A,DHI
9/21/2020,A,DHR
9/21/2020,A,DIS
9/21/2020,A,DISCA
9/21/2020,A,DISCK
9/21/2020,A,DISH
9/21/2020,A,DLR
9/21/2020,A,DLTR
9/21/2020,A,DOV
9/21/2020,A,DOW
9/21/2020,A,DPZ
9/21/2020,A,DRE
9/21/2020,A,DRI
9/21/2020,A,DTE
9/21/2020,A,DUK
9/21/2020,A,DVA
9/21/2020,A,DVN
9/21/2020,A,DXC
9/21/2020,A,DXCM
9/21/2020,A,EA
9/21/2020,A,EBAY
9/21/2020,A,ECL
9/21/2020,A,ED
9/21/2020,A,EFX
9/21/2020,A,EIX
9/21/2020,A,EL
9/21/2020,A,EMN
9/21/2020,A,EMR
9/21/2020,A,EOG
9/21/2020,A,EQIX
9/21/2020,A,EQR
9/21/2020,A,ES
9/21/2020,A,ESS
9/21/2020,A,ETFC
9/21/2020,A,ETN
9/21/2020,A,ETR
9/21/2020,A,ETSY
9/21/2020,A,EVRG
9/21/2020,A,EW
9/21/2020,A,EXC
9/21/2020,A,EXPD
9/21/2020,A,EXPE
9/21/2020,A,EXR
9/21/2020,A,F
9/21/2020,A,FANG
9/21/2020,A,FAST
9/21/2020,A,FB
9/21/2020,A,FBHS
9/21/2020,A,FCX
9/21/2020,A,FDX
9/21/2020,A,FE
9/21/2020,A,FFIV
9/21/2020,A,FIS
9/21/2020,A,FISV
9/21/2020,A,FITB
9/21/2020,A,FLIR
9/21/2020,A,FLS
9/21/2020,A,FLT
9/21/2020,A,FMC
9/21/2020,A,FOX
9/21/2020,A,FOXA
9/21/2020,A,FRC
9/21/2020,A,FRT
9/21/2020,A,FTI
9/21/2020,A,FTNT
9/21/2020,A,FTV
9/21/2020,A,GD
9/21/2020,A,GE
9/21/2020,A,GILD
9/21/2020,A,GIS
9/21/2020,A,GL
9/21/2020,A,GLW
9/21/2020,A,GM
9/21/2020,A,GOOG
9/21/2020,A,GOOGL
9/21/2020,A,GPC
9/21/2020,A,GPN
9/21/2020,A,GPS
9/21/2020,A,GRMN
9/21/2020,A,GS
9/21/2020,A,GWW
9/21/2020,A,HAL
9/21/2020,A,HAS
9/21/2020,A,HBAN
9/21/2020,A,HBI
9/21/2020,A,HCA
9/21/2020,A,HD
9/21/2020,A,HES
9/21/2020,A,HFC
9/21/2020,A,HIG
9/21/2020,A,HII
9/21/2020,A,HLT
9/21/2020,A,HOLX
9/21/2020,A,HON
9/21/2020,A,HPE
9/21/2020,A,HPQ
9/21/2020,A,HRL
9/21/2020,A,HSIC
9/21/2020,A,HST
9/21/2020,A,HSY
9/21/2020,A,HUM
9/21/2020,A,HWM
9/21/2020,A,IBM
9/21/2020,A,ICE
9/21/2020,A,IDXX
9/21/2020,A,IEX
9/21/2020,A,IFF
9/21/2020,A,ILMN
9/21/2020,A,INCY
9/21/2020,A,INFO
9/21/2020,A,INTC
9/21/2020,A,INTU
9/21/2020,A,IP
9/21/2020,A,IPG
9/21/2020,A,IPGP
9/21/2020,A,IQV
9/21/2020,A,IR
9/21/2020,A,IRM
9/21/2020,A,ISRG
9/21/2020,A,IT
9/21/2020,A,ITW
9/21/2020,A,IVZ
9/21/2020,A,J
9/21/2020,A,JBHT
9/21/2020,A,JCI
9/21/2020,A,JKHY
9/21/2020,A,JNJ
9/21/2020,A,JNPR
9/21/2020,A,JPM
9/21/2020,A,K
9/21/2020,A,KEY
9/21/2020,A,KEYS
9/21/2020,A,KHC
9/21/2020,A,KIM
9/21/2020,A,KLAC
9/21/2020,A,KMB
9/21/2020,A,KMI
9/21/2020,A,KMX
9/21/2020,A,KO
9/21/2020,A,KR
9/21/2020,A,KSU
9/21/2020,A,L
9/21/2020,A,LB
9/21/2020,A,LDOS
9/21/2020,A,LEG
9/21/2020,A,LEN
9/21/2020,A,LH
9/21/2020,A,LHX
9/21/2020,A,LIN
9/21/2020,A,LKQ
9/21/2020,A,LLY
9/21/2020,A,LMT
9/21/2020,A,LNC
9/21/2020,A,LNT
9/21/2020,A,LOW
9/21/2020,A,LRCX
9/21/2020,A,LUMN
9/21/2020,A,LUV
9/21/2020,A,LVS
9/21/2020,A,LW
9/21/2020,A,LYB
9/21/2020,A,LYV
9/21/2020,A,MA
9/21/2020,A,MAA
9/21/2020,A,MAR
9/21/2020,A,MAS
9/21/2020,A,MCD
9/21/2020,A,MCHP
9/21/2020,A,MCK
9/21/2020,A,MCO
9/21/2020,A,MDLZ
9/21/2020,A,MDT
9/21/2020,A,MET
9/21/2020,A,MGM
9/21/2020,A,MHK
9/21/2020,A,MKC
9/21/2020,A,MKTX
9/21/2020,A,MLM
9/21/2020,A,MMC
9/21/2020,A,MMM
9/21/2020,A,MNST
9/21/2020,A,MO
9/21/2020,A,MOS
9/21/2020,A,MPC
9/21/2020,A,MRK
9/21/2020,A,MRO
9/21/2020,A,MS
9/21/2020,A,MSCI
9/21/2020,A,MSFT
9/21/2020,A,MSI
9/21/2020,A,MTB
9/21/2020,A,MTD
9/21/2020,A,MU
9/21/2020,A,MXIM
9/21/2020,A,MYL
9/21/2020,A,NBL
9/21/2020,A,NCLH
9/21/2020,A,NDAQ
9/21/2020,A,NEE
9/21/2020,A,NEM
9/21/2020,A,NFLX
9/21/2020,A,NI
9/21/2020,A,NKE
9/21/2020,A,NLOK
9/21/2020,A,NLSN
9/21/2020,A,NOC
9/21/2020,A,NOV
9/21/2020,A,NOW
9/21/2020,A,NRG
9/21/2020,A,NSC
9/21/2020,A,NTAP
9/21/2020,A,NTRS
9/21/2020,A,NUE
9/21/2020,A,NVDA
9/21/2020,A,NVR
9/21/2020,A,NWL
9/21/2020,A,NWS
9/21/2020,A,NWSA
9/21/2020,A,O
9/21/2020,A,ODFL
9/21/2020,A,OKE
9/21/2020,A,OMC
9/21/2020,A,ORCL
9/21/2020,A,ORLY
9/21/2020,A,OTIS
9/21/2020,A,OXY
9/21/2020,A,PAYC
9/21/2020,A,PAYX
9/21/2020,A,PBCT
9/21/2020,A,PCAR
9/21/2020,A,PEAK
9/21/2020,A,PEG
9/21/2020,A,PEP
9/21/2020,A,PFE
9/21/2020,A,PFG
9/21/2020,A,PG
9/21/2020,A,PGR
9/21/2020,A,PH
9/21/2020,A,PHM
9/21/2020,A,PKG
9/21/2020,A,PKI
9/21/2020,A,PLD
9/21/2020,A,PM
9/21/2020,A,PNC
9/21/2020,A,PNR
9/21/2020,A,PNW
9/21/2020,A,PPG
9/21/2020,A,PPL
9/21/2020,A,PRGO
9/21/2020,A,PRU
9/21/2020,A,PSA
9/21/2020,A,PSX
9/21/2020,A,PVH
9/21/2020,A,PWR
9/21/2020,A,PXD
9/21/2020,A,PYPL
9/21/2020,A,QCOM
9/21/2020,A,QRVO
9/21/2020,A,RCL
9/21/2020,A,RE
9/21/2020,A,REG
9/21/2020,A,REGN
9/21/2020,A,RF
9/21/2020,A,RHI
9/21/2020,A,RJF
9/21/2020,A,RL
9/21/2020,A,RMD
9/21/2020,A,ROK
9/21/2020,A,ROL
9/21/2020,A,ROP
9/21/2020,A,ROST
9/21/2020,A,RSG
9/21/2020,A,RTX
9/21/2020,A,SBAC
9/21/2020,A,SBUX
9/21/2020,A,SCHW
9/21/2020,A,SEE
9/21/2020,A,SHW
9/21/2020,A,SIVB
9/21/2020,A,SJM
9/21/2020,A,SLB
9/21/2020,A,SLG
9/21/2020,A,SNA
9/21/2020,A,SNPS
9/21/2020,A,SO
9/21/2020,A,SPG
9/21/2020,A,SPGI
9/21/2020,A,SRE
9/21/2020,A,STE
9/21/2020,A,STT
9/21/2020,A,STX
9/21/2020,A,STZ
9/21/2020,A,SWK
9/21/2020,A,SWKS
9/21/2020,A,SYF
9/21/2020,A,SYK
9/21/2020,A,SYY
9/21/2020,A,T
9/21/2020,A,TAP
9/21/2020,A,TDG
9/21/2020,A,TDY
9/21/2020,A,TEL
9/21/2020,A,TER
9/21/2020,A,TFC
9/21/2020,A,TFX
9/21/2020,A,TGT
9/21/2020,A,TIF
9/21/2020,A,TJX
9/21/2020,A,TMO
9/21/2020,A,TMUS
9/21/2020,A,TPR
9/21/2020,A,TROW
9/21/2020,A,TRV
9/21/2020,A,TSCO
9/21/2020,A,TSN
9/21/2020,A,TT
9/21/2020,A,TTWO
9/21/2020,A,TWTR
9/21/2020,A,TXN
9/21/2020,A,TXT
9/21/2020,A,TYL
9/21/2020,A,UA
9/21/2020,A,UAA
9/21/2020,A,UAL
9/21/2020,A,UDR
9/21/2020,A,UHS
9/21/2020,A,ULTA
9/21/2020,A,UNH
9/21/2020,A,UNM
9/21/2020,A,UNP
9/21/2020,A,UPS
9/21/2020,A,URI
9/21/2020,A,USB
9/21/2020,A,V
9/21/2020,A,VAR
9/21/2020,A,VFC
9/21/2020,A,VIAC
9/21/2020,A,VLO
9/21/2020,A,VMC
9/21/2020,A,VNO
9/21/2020,A,VRSK
9/21/2020,A,VRSN
9/21/2020,A,VRTX
9/21/2020,A,VTR
9/21/2020,A,VZ
9/21/2020,A,WAB
9/21/2020,A,WAT
9/21/2020,A,WBA
9/21/2020,A,WDC
9/21/2020,A,WEC
9/21/2020,A,WELL
9/21/2020,A,WFC
9/21/2020,A,WHR
9/21/2020,A,WLTW
9/21/2020,A,WM
9/21/2020,A,WMB
9/21/2020,A,WMT
9/21/2020,A,WRB
9/21/2020,A,WRK
9/21/2020,A,WST
9/21/2020,A,WU
9/21/2020,A,WY
9/21/2020,A,WYNN
9/21/2020,A,XEL
9/21/2020,A,XLNX
9/21/2020,A,XOM
9/21/2020,A,XRAY
9/21/2020,A,XRX
9/21/2020,A,XYL
9/21/2020,A,YUM
9/21/2020,A,ZBH
9/21/2020,A,ZBRA
9/21/2020,A,ZION
9/21/2020,A,ZTS
1/7/2021,A,AAL
1/7/2021,A,AAP
1/7/2021,A,AAPL
1/7/2021,A,ABBV
1/7/2021,A,ABC
1/7/2021,A,ABMD
1/7/2021,A,ABT
1/7/2021,A,ACN
1/7/2021,A,ADBE
1/7/2021,A,ADI
1/7/2021,A,ADM
1/7/2021,A,ADP
1/7/2021,A,ADSK
1/7/2021,A,AEE
1/7/2021,A,AEP
1/7/2021,A,AES
1/7/2021,A,AFL
1/7/2021,A,AIG
1/7/2021,A,AIZ
1/7/2021,A,AJG
1/7/2021,A,AKAM
1/7/2021,A,ALB
1/7/2021,A,ALGN
1/7/2021,A,ALK
1/7/2021,A,ALL
1/7/2021,A,ALLE
1/7/2021,A,ALXN
1/7/2021,A,AMAT
1/7/2021,A,AMCR
1/7/2021,A,AMD
1/7/2021,A,AME
1/7/2021,A,AMGN
1/7/2021,A,AMP
1/7/2021,A,AMT
1/7/2021,A,AMZN
1/7/2021,A,ANET
1/7/2021,A,ANSS
1/7/2021,A,ANTM
1/7/2021,A,AON
1/7/2021,A,AOS
1/7/2021,A,APA
1/7/2021,A,APD
1/7/2021,A,APH
1/7/2021,A,APTV
1/7/2021,A,ARE
1/7/2021,A,ATO
1/7/2021,A,ATVI
1/7/2021,A,AVB
1/7/2021,A,AVGO
1/7/2021,A,AVY
1/7/2021,A,AWK
1/7/2021,A,AXP
1/7/2021,A,AZO
1/7/2021,A,BA
1/7/2021,A,BAC
1/7/2021,A,BAX
1/7/2021,A,BBY
1/7/2021,A,BDX
1/7/2021,A,BEN
1/7/2021,A,BF.B
1/7/2021,A,BIIB
1/7/2021,A,BIO
1/7/2021,A,BK
1/7/2021,A,BKNG
1/7/2021,A,BKR
1/7/2021,A,BLK
1/7/2021,A,BLL
1/7/2021,A,BMY
1/7/2021,A,BR
1/7/2021,A,BRK.B
1/7/2021,A,BSX
1/7/2021,A,BWA
1/7/2021,A,BXP
1/7/2021,A,C
1/7/2021,A,CAG
1/7/2021,A,CAH
1/7/2021,A,CARR
1/7/2021,A,CAT
1/7/2021,A,CB
1/7/2021,A,CBOE
1/7/2021,A,CBRE
1/7/2021,A,CCI
1/7/2021,A,CCL
1/7/2021,A,CDNS
1/7/2021,A,CDW
1/7/2021,A,CE
1/7/2021,A,CERN
1/7/2021,A,CF
1/7/2021,A,CFG
1/7/2021,A,CHD
1/7/2021,A,CHRW
1/7/2021,A,CHTR
1/7/2021,A,CI
1/7/2021,A,CINF
1/7/2021,A,CL
1/7/2021,A,CLX
1/7/2021,A,CMA
1/7/2021,A,CMCSA
1/7/2021,A,CME
1/7/2021,A,CMG
1/7/2021,A,CMI
1/7/2021,A,CMS
1/7/2021,A,CNC
1/7/2021,A,CNP
1/7/2021,A,COF
1/7/2021,A,COG
1/7/2021,A,COO
1/7/2021,A,COP
1/7/2021,A,COST
1/7/2021,A,CPB
1/7/2021,A,CPRT
1/7/2021,A,CRM
1/7/2021,A,CSCO
1/7/2021,A,CSX
1/7/2021,A,CTAS
1/7/2021,A,CTLT
1/7/2021,A,CTSH
1/7/2021,A,CTVA
1/7/2021,A,CTXS
1/7/2021,A,CVS
1/7/2021,A,CVX
1/7/2021,A,CXO
1/7/2021,A,D
1/7/2021,A,DAL
1/7/2021,A,DD
1/7/2021,A,DE
1/7/2021,A,DFS
1/7/2021,A,DG
1/7/2021,A,DGX
1/7/2021,A,DHI
1/7/2021,A,DHR
1/7/2021,A,DIS
1/7/2021,A,DISCA
1/7/2021,A,DISCK
1/7/2021,A,DISH
1/7/2021,A,DLR
1/7/2021,A,DLTR
1/7/2021,A,DOV
1/7/2021,A,DOW
1/7/2021,A,DPZ
1/7/2021,A,DRE
1/7/2021,A,DRI
1/7/2021,A,DTE
1/7/2021,A,DUK
1/7/2021,A,DVA
1/7/2021,A,DVN
1/7/2021,A,DXC
1/7/2021,A,DXCM
1/7/2021,A,EA
1/7/2021,A,EBAY
1/7/2021,A,ECL
1/7/2021,A,ED
1/7/2021,A,EFX
1/7/2021,A,EIX
1/7/2021,A,EL
1/7/2021,A,EMN
1/7/2021,A,EMR
1/7/2021,A,ENPH
1/7/2021,A,EOG
1/7/2021,A,EQIX
1/7/2021,A,EQR
1/7/2021,A,ES
1/7/2021,A,ESS
1/7/2021,A,ETN
1/7/2021,A,ETR
1/7/2021,A,ETSY
1/7/2021,A,EVRG
1/7/2021,A,EW
1/7/2021,A,EXC
1/7/2021,A,EXPD
1/7/2021,A,EXPE
1/7/2021,A,EXR
1/7/2021,A,F
1/7/2021,A,FANG
1/7/2021,A,FAST
1/7/2021,A,FB
1/7/2021,A,FBHS
1/7/2021,A,FCX
1/7/2021,A,FDX
1/7/2021,A,FE
1/7/2021,A,FFIV
1/7/2021,A,FIS
1/7/2021,A,FISV
1/7/2021,A,FITB
1/7/2021,A,FLIR
1/7/2021,A,FLS
1/7/2021,A,FLT
1/7/2021,A,FMC
1/7/2021,A,FOX
1/7/2021,A,FOXA
1/7/2021,A,FRC
1/7/2021,A,FRT
1/7/2021,A,FTI
1/7/2021,A,FTNT
1/7/2021,A,FTV
1/7/2021,A,GD
1/7/2021,A,GE
1/7/2021,A,GILD
1/7/2021,A,GIS
1/7/2021,A,GL
1/7/2021,A,GLW
1/7/2021,A,GM
1/7/2021,A,GOOG
1/7/2021,A,GOOGL
1/7/2021,A,GPC
1/7/2021,A,GPN
1/7/2021,A,GPS
1/7/2021,A,GRMN
1/7/2021,A,GS
1/7/2021,A,GWW
1/7/2021,A,HAL
1/7/2021,A,HAS
1/7/2021,A,HBAN
1/7/2021,A,HBI
1/7/2021,A,HCA
1/7/2021,A,HD
1/7/2021,A,HES
1/7/2021,A,HFC
1/7/2021,A,HIG
1/7/2021,A,HII
1/7/2021,A,HLT
1/7/2021,A,HOLX
1/7/2021,A,HON
1/7/2021,A,HPE
1/7/2021,A,HPQ
1/7/2021,A,HRL
1/7/2021,A,HSIC
1/7/2021,A,HST
1/7/2021,A,HSY
1/7/2021,A,HUM
1/7/2021,A,HWM
1/7/2021,A,IBM
1/7/2021,A,ICE
1/7/2021,A,IDXX
1/7/2021,A,IEX
1/7/2021,A,IFF
1/7/2021,A,ILMN
1/7/2021,A,INCY
1/7/2021,A,INFO
1/7/2021,A,INTC
1/7/2021,A,INTU
1/7/2021,A,IP
1/7/2021,A,IPG
1/7/2021,A,IPGP
1/7/2021,A,IQV
1/7/2021,A,IR
1/7/2021,A,IRM
1/7/2021,A,ISRG
1/7/2021,A,IT
1/7/2021,A,ITW
1/7/2021,A,IVZ
1/7/2021,A,J
1/7/2021,A,JBHT
1/7/2021,A,JCI
1/7/2021,A,JKHY
1/7/2021,A,JNJ
1/7/2021,A,JNPR
1/7/2021,A,JPM
1/7/2021,A,K
1/7/2021,A,KEY
1/7/2021,A,KEYS
1/7/2021,A,KHC
1/7/2021,A,KIM
1/7/2021,A,KLAC
1/7/2021,A,KMB
1/7/2021,A,KMI
1/7/2021,A,KMX
1/7/2021,A,KO
1/7/2021,A,KR
1/7/2021,A,KSU
1/7/2021,A,L
1/7/2021,A,LB
1/7/2021,A,LDOS
1/7/2021,A,LEG
1/7/2021,A,LEN
1/7/2021,A,LH
1/7/2021,A,LHX
1/7/2021,A,LIN
1/7/2021,A,LKQ
1/7/2021,A,LLY
1/7/2021,A,LMT
1/7/2021,A,LNC
1/7/2021,A,LNT
1/7/2021,A,LOW
1/7/2021,A,LRCX
1/7/2021,A,LUMN
1/7/2021,A,LUV
1/7/2021,A,LVS
1/7/2021,A,LW
1/7/2021,A,LYB
1/7/2021,A,LYV
1/7/2021,A,MA
1/7/2021,A,MAA
1/7/2021,A,MAR
1/7/2021,A,MAS
1/7/2021,A,MCD
1/7/2021,A,MCHP
1/7/2021,A,MCK
1/7/2021,A,MCO
1/7/2021,A,MDLZ
1/7/2021,A,MDT
1/7/2021,A,MET
1/7/2021,A,MGM
1/7/2021,A,MHK
1/7/2021,A,MKC
1/7/2021,A,MKTX
1/7/2021,A,MLM
1/7/2021,A,MMC
1/7/2021,A,MMM
1/7/2021,A,MNST
1/7/2021,A,MO
1/7/2021,A,MOS
1/7/2021,A,MPC
1/7/2021,A,MRK
1/7/2021,A,MRO
1/7/2021,A,MS
1/7/2021,A,MSCI
1/7/2021,A,MSFT
1/7/2021,A,MSI
1/7/2021,A,MTB
1/7/2021,A,MTD
1/7/2021,A,MU
1/7/2021,A,MXIM
1/7/2021,A,NCLH
1/7/2021,A,NDAQ
1/7/2021,A,NEE
1/7/2021,A,NEM
1/7/2021,A,NFLX
1/7/2021,A,NI
1/7/2021,A,NKE
1/7/2021,A,NLOK
1/7/2021,A,NLSN
1/7/2021,A,NOC
1/7/2021,A,NOV
1/7/2021,A,NOW
1/7/2021,A,NRG
1/7/2021,A,NSC
1/7/2021,A,NTAP
1/7/2021,A,NTRS
1/7/2021,A,NUE
1/7/2021,A,NVDA
1/7/2021,A,NVR
1/7/2021,A,NWL
1/7/2021,A,NWS
1/7/2021,A,NWSA
1/7/2021,A,O
1/7/2021,A,ODFL
1/7/2021,A,OKE
1/7/2021,A,OMC
1/7/2021,A,ORCL
1/7/2021,A,ORLY
1/7/2021,A,OTIS
1/7/2021,A,OXY
1/7/2021,A,PAYC
1/7/2021,A,PAYX
1/7/2021,A,PBCT
1/7/2021,A,PCAR
1/7/2021,A,PEAK
1/7/2021,A,PEG
1/7/2021,A,PEP
1/7/2021,A,PFE
1/7/2021,A,PFG
1/7/2021,A,PG
1/7/2021,A,PGR
1/7/2021,A,PH
1/7/2021,A,PHM
1/7/2021,A,PKG
1/7/2021,A,PKI
1/7/2021,A,PLD
1/7/2021,A,PM
1/7/2021,A,PNC
1/7/2021,A,PNR
1/7/2021,A,PNW
1/7/2021,A,POOL
1/7/2021,A,PPG
1/7/2021,A,PPL
1/7/2021,A,PRGO
1/7/2021,A,PRU
1/7/2021,A,PSA
1/7/2021,A,PSX
1/7/2021,A,PVH
1/7/2021,A,PWR
1/7/2021,A,PXD
1/7/2021,A,PYPL
1/7/2021,A,QCOM
1/7/2021,A,QRVO
1/7/2021,A,RCL
1/7/2021,A,RE
1/7/2021,A,REG
1/7/2021,A,REGN
1/7/2021,A,RF
1/7/2021,A,RHI
1/7/2021,A,RJF
1/7/2021,A,RL
1/7/2021,A,RMD
1/7/2021,A,ROK
1/7/2021,A,ROL
1/7/2021,A,ROP
1/7/2021,A,ROST
1/7/2021,A,RSG
1/7/2021,A,RTX
1/7/2021,A,SBAC
1/7/2021,A,SBUX
1/7/2021,A,SCHW
1/7/2021,A,SEE
1/7/2021,A,SHW
1/7/2021,A,SIVB
1/7/2021,A,SJM
1/7/2021,A,SLB
1/7/2021,A,SLG
1/7/2021,A,SNA
1/7/2021,A,SNPS
1/7/2021,A,SO
1/7/2021,A,SPG
1/7/2021,A,SPGI
1/7/2021,A,SRE
1/7/2021,A,STE
1/7/2021,A,STT
1/7/2021,A,STX
1/7/2021,A,STZ
1/7/2021,A,SWK
1/7/2021,A,SWKS
1/7/2021,A,SYF
1/7/2021,A,SYK
1/7/2021,A,SYY
1/7/2021,A,T
1/7/2021,A,TAP
1/7/2021,A,TDG
1/7/2021,A,TDY
1/7/2021,A,TEL
1/7/2021,A,TER
1/7/2021,A,TFC
1/7/2021,A,TFX
1/7/2021,A,TGT
1/7/2021,A,TJX
1/7/2021,A,TMO
1/7/2021,A,TMUS
1/7/2021,A,TPR
1/7/2021,A,TROW
1/7/2021,A,TRV
1/7/2021,A,TSCO
1/7/2021,A,TSLA
1/7/2021,A,TSN
1/7/2021,A,TT
1/7/2021,A,TTWO
1/7/2021,A,TWTR
1/7/2021,A,TXN
1/7/2021,A,TXT
1/7/2021,A,TYL
1/7/2021,A,UA
1/7/2021,A,UAA
1/7/2021,A,UAL
1/7/2021,A,UDR
1/7/2021,A,UHS
1/7/2021,A,ULTA
1/7/2021,A,UNH
1/7/2021,A,UNM
1/7/2021,A,UNP
1/7/2021,A,UPS
1/7/2021,A,URI
1/7/2021,A,USB
1/7/2021,A,V
1/7/2021,A,VAR
1/7/2021,A,VFC
1/7/2021,A,VIAC
1/7/2021,A,VLO
1/7/2021,A,VMC
1/7/2021,A,VNO
1/7/2021,A,VNT
1/7/2021,A,VRSK
1/7/2021,A,VRSN
1/7/2021,A,VRTX
1/7/2021,A,VTR
1/7/2021,A,VTRS
1/7/2021,A,VZ
1/7/2021,A,WAB
1/7/2021,A,WAT
1/7/2021,A,WBA
1/7/2021,A,WDC
1/7/2021,A,WEC
1/7/2021,A,WELL
1/7/2021,A,WFC
1/7/2021,A,WHR
1/7/2021,A,WLTW
1/7/2021,A,WM
1/7/2021,A,WMB
1/7/2021,A,WMT
1/7/2021,A,WRB
1/7/2021,A,WRK
1/7/2021,A,WST
1/7/2021,A,WU
1/7/2021,A,WY
1/7/2021,A,WYNN
1/7/2021,A,XEL
1/7/2021,A,XLNX
1/7/2021,A,XOM
1/7/2021,A,XRAY
1/7/2021,A,XRX
1/7/2021,A,XYL
1/7/2021,A,YUM
1/7/2021,A,ZBH
1/7/2021,A,ZBRA
1/7/2021,A,ZION
1/7/2021,A,ZTS
4/20/2021,A,AAL
4/20/2021,A,AAP
4/20/2021,A,AAPL
4/20/2021,A,ABBV
4/20/2021,A,ABC
4/20/2021,A,ABMD
4/20/2021,A,ABT
4/20/2021,A,ACN
4/20/2021,A,ADBE
4/20/2021,A,ADI
4/20/2021,A,ADM
4/20/2021,A,ADP
4/20/2021,A,ADSK
4/20/2021,A,AEE
4/20/2021,A,AEP
4/20/2021,A,AES
4/20/2021,A,AFL
4/20/2021,A,AIG
4/20/2021,A,AIZ
4/20/2021,A,AJG
4/20/2021,A,AKAM
4/20/2021,A,ALB
4/20/2021,A,ALGN
4/20/2021,A,ALK
4/20/2021,A,ALL
4/20/2021,A,ALLE
4/20/2021,A,ALXN
4/20/2021,A,AMAT
4/20/2021,A,AMCR
4/20/2021,A,AMD
4/20/2021,A,AME
4/20/2021,A,AMGN
4/20/2021,A,AMP
4/20/2021,A,AMT
4/20/2021,A,AMZN
4/20/2021,A,ANET
4/20/2021,A,ANSS
4/20/2021,A,ANTM
4/20/2021,A,AON
4/20/2021,A,AOS
4/20/2021,A,APA
4/20/2021,A,APD
4/20/2021,A,APH
4/20/2021,A,APTV
4/20/2021,A,ARE
4/20/2021,A,ATO
4/20/2021,A,ATVI
4/20/2021,A,AVB
4/20/2021,A,AVGO
4/20/2021,A,AVY
4/20/2021,A,AWK
4/20/2021,A,AXP
4/20/2021,A,AZO
4/20/2021,A,BA
4/20/2021,A,BAC
4/20/2021,A,BAX
4/20/2021,A,BBY
4/20/2021,A,BDX
4/20/2021,A,BEN
4/20/2021,A,BF.B
4/20/2021,A,BIIB
4/20/2021,A,BIO
4/20/2021,A,BK
4/20/2021,A,BKNG
4/20/2021,A,BKR
4/20/2021,A,BLK
4/20/2021,A,BLL
4/20/2021,A,BMY
4/20/2021,A,BR
4/20/2021,A,BRK.B
4/20/2021,A,BSX
4/20/2021,A,BWA
4/20/2021,A,BXP
4/20/2021,A,C
4/20/2021,A,CAG
4/20/2021,A,CAH
4/20/2021,A,CARR
4/20/2021,A,CAT
4/20/2021,A,CB
4/20/2021,A,CBOE
4/20/2021,A,CBRE
4/20/2021,A,CCI
4/20/2021,A,CCL
4/20/2021,A,CDNS
4/20/2021,A,CDW
4/20/2021,A,CE
4/20/2021,A,CERN
4/20/2021,A,CF
4/20/2021,A,CFG
4/20/2021,A,CHD
4/20/2021,A,CHRW
4/20/2021,A,CHTR
4/20/2021,A,CI
4/20/2021,A,CINF
4/20/2021,A,CL
4/20/2021,A,CLX
4/20/2021,A,CMA
4/20/2021,A,CMCSA
4/20/2021,A,CME
4/20/2021,A,CMG
4/20/2021,A,CMI
4/20/2021,A,CMS
4/20/2021,A,CNC
4/20/2021,A,CNP
4/20/2021,A,COF
4/20/2021,A,COG
4/20/2021,A,COO
4/20/2021,A,COP
4/20/2021,A,COST
4/20/2021,A,CPB
4/20/2021,A,CPRT
4/20/2021,A,CRM
4/20/2021,A,CSCO
4/20/2021,A,CSX
4/20/2021,A,CTAS
4/20/2021,A,CTLT
4/20/2021,A,CTSH
4/20/2021,A,CTVA
4/20/2021,A,CTXS
4/20/2021,A,CVS
4/20/2021,A,CVX
4/20/2021,A,CZR
4/20/2021,A,D
4/20/2021,A,DAL
4/20/2021,A,DD
4/20/2021,A,DE
4/20/2021,A,DFS
4/20/2021,A,DG
4/20/2021,A,DGX
4/20/2021,A,DHI
4/20/2021,A,DHR
4/20/2021,A,DIS
4/20/2021,A,DISCA
4/20/2021,A,DISCK
4/20/2021,A,DISH
4/20/2021,A,DLR
4/20/2021,A,DLTR
4/20/2021,A,DOV
4/20/2021,A,DOW
4/20/2021,A,DPZ
4/20/2021,A,DRE
4/20/2021,A,DRI
4/20/2021,A,DTE
4/20/2021,A,DUK
4/20/2021,A,DVA
4/20/2021,A,DVN
4/20/2021,A,DXC
4/20/2021,A,DXCM
4/20/2021,A,EA
4/20/2021,A,EBAY
4/20/2021,A,ECL
4/20/2021,A,ED
4/20/2021,A,EFX
4/20/2021,A,EIX
4/20/2021,A,EL
4/20/2021,A,EMN
4/20/2021,A,EMR
4/20/2021,A,ENPH
4/20/2021,A,EOG
4/20/2021,A,EQIX
4/20/2021,A,EQR
4/20/2021,A,ES
4/20/2021,A,ESS
4/20/2021,A,ETN
4/20/2021,A,ETR
4/20/2021,A,ETSY
4/20/2021,A,EVRG
4/20/2021,A,EW
4/20/2021,A,EXC
4/20/2021,A,EXPD
4/20/2021,A,EXPE
4/20/2021,A,EXR
4/20/2021,A,F
4/20/2021,A,FANG
4/20/2021,A,FAST
4/20/2021,A,FB
4/20/2021,A,FBHS
4/20/2021,A,FCX
4/20/2021,A,FDX
4/20/2021,A,FE
4/20/2021,A,FFIV
4/20/2021,A,FIS
4/20/2021,A,FISV
4/20/2021,A,FITB
4/20/2021,A,FLIR
4/20/2021,A,FLT
4/20/2021,A,FMC
4/20/2021,A,FOX
4/20/2021,A,FOXA
4/20/2021,A,FRC
4/20/2021,A,FRT
4/20/2021,A,FTNT
4/20/2021,A,FTV
4/20/2021,A,GD
4/20/2021,A,GE
4/20/2021,A,GILD
4/20/2021,A,GIS
4/20/2021,A,GL
4/20/2021,A,GLW
4/20/2021,A,GM
4/20/2021,A,GNRC
4/20/2021,A,GOOG
4/20/2021,A,GOOGL
4/20/2021,A,GPC
4/20/2021,A,GPN
4/20/2021,A,GPS
4/20/2021,A,GRMN
4/20/2021,A,GS
4/20/2021,A,GWW
4/20/2021,A,HAL
4/20/2021,A,HAS
4/20/2021,A,HBAN
4/20/2021,A,HBI
4/20/2021,A,HCA
4/20/2021,A,HD
4/20/2021,A,HES
4/20/2021,A,HFC
4/20/2021,A,HIG
4/20/2021,A,HII
4/20/2021,A,HLT
4/20/2021,A,HOLX
4/20/2021,A,HON
4/20/2021,A,HPE
4/20/2021,A,HPQ
4/20/2021,A,HRL
4/20/2021,A,HSIC
4/20/2021,A,HST
4/20/2021,A,HSY
4/20/2021,A,HUM
4/20/2021,A,HWM
4/20/2021,A,IBM
4/20/2021,A,ICE
4/20/2021,A,IDXX
4/20/2021,A,IEX
4/20/2021,A,IFF
4/20/2021,A,ILMN
4/20/2021,A,INCY
4/20/2021,A,INFO
4/20/2021,A,INTC
4/20/2021,A,INTU
4/20/2021,A,IP
4/20/2021,A,IPG
4/20/2021,A,IPGP
4/20/2021,A,IQV
4/20/2021,A,IR
4/20/2021,A,IRM
4/20/2021,A,ISRG
4/20/2021,A,IT
4/20/2021,A,ITW
4/20/2021,A,IVZ
4/20/2021,A,J
4/20/2021,A,JBHT
4/20/2021,A,JCI
4/20/2021,A,JKHY
4/20/2021,A,JNJ
4/20/2021,A,JNPR
4/20/2021,A,JPM
4/20/2021,A,K
4/20/2021,A,KEY
4/20/2021,A,KEYS
4/20/2021,A,KHC
4/20/2021,A,KIM
4/20/2021,A,KLAC
4/20/2021,A,KMB
4/20/2021,A,KMI
4/20/2021,A,KMX
4/20/2021,A,KO
4/20/2021,A,KR
4/20/2021,A,KSU
4/20/2021,A,L
4/20/2021,A,LB
4/20/2021,A,LDOS
4/20/2021,A,LEG
4/20/2021,A,LEN
4/20/2021,A,LH
4/20/2021,A,LHX
4/20/2021,A,LIN
4/20/2021,A,LKQ
4/20/2021,A,LLY
4/20/2021,A,LMT
4/20/2021,A,LNC
4/20/2021,A,LNT
4/20/2021,A,LOW
4/20/2021,A,LRCX
4/20/2021,A,LUMN
4/20/2021,A,LUV
4/20/2021,A,LVS
4/20/2021,A,LW
4/20/2021,A,LYB
4/20/2021,A,LYV
4/20/2021,A,MA
4/20/2021,A,MAA
4/20/2021,A,MAR
4/20/2021,A,MAS
4/20/2021,A,MCD
4/20/2021,A,MCHP
4/20/2021,A,MCK
4/20/2021,A,MCO
4/20/2021,A,MDLZ
4/20/2021,A,MDT
4/20/2021,A,MET
4/20/2021,A,MGM
4/20/2021,A,MHK
4/20/2021,A,MKC
4/20/2021,A,MKTX
4/20/2021,A,MLM
4/20/2021,A,MMC
4/20/2021,A,MMM
4/20/2021,A,MNST
4/20/2021,A,MO
4/20/2021,A,MOS
4/20/2021,A,MPC
4/20/2021,A,MPWR
4/20/2021,A,MRK
4/20/2021,A,MRO
4/20/2021,A,MS
4/20/2021,A,MSCI
4/20/2021,A,MSFT
4/20/2021,A,MSI
4/20/2021,A,MTB
4/20/2021,A,MTD
4/20/2021,A,MU
4/20/2021,A,MXIM
4/20/2021,A,NCLH
4/20/2021,A,NDAQ
4/20/2021,A,NEE
4/20/2021,A,NEM
4/20/2021,A,NFLX
4/20/2021,A,NI
4/20/2021,A,NKE
4/20/2021,A,NLOK
4/20/2021,A,NLSN
4/20/2021,A,NOC
4/20/2021,A,NOV
4/20/2021,A,NOW
4/20/2021,A,NRG
4/20/2021,A,NSC
4/20/2021,A,NTAP
4/20/2021,A,NTRS
4/20/2021,A,NUE
4/20/2021,A,NVDA
4/20/2021,A,NVR
4/20/2021,A,NWL
4/20/2021,A,NWS
4/20/2021,A,NWSA
4/20/2021,A,NXPI
4/20/2021,A,O
4/20/2021,A,ODFL
4/20/2021,A,OKE
4/20/2021,A,OMC
4/20/2021,A,ORCL
4/20/2021,A,ORLY
4/20/2021,A,OTIS
4/20/2021,A,OXY
4/20/2021,A,PAYC
4/20/2021,A,PAYX
4/20/2021,A,PBCT
4/20/2021,A,PCAR
4/20/2021,A,PEAK
4/20/2021,A,PEG
4/20/2021,A,PENN
4/20/2021,A,PEP
4/20/2021,A,PFE
4/20/2021,A,PFG
4/20/2021,A,PG
4/20/2021,A,PGR
4/20/2021,A,PH
4/20/2021,A,PHM
4/20/2021,A,PKG
4/20/2021,A,PKI
4/20/2021,A,PLD
4/20/2021,A,PM
4/20/2021,A,PNC
4/20/2021,A,PNR
4/20/2021,A,PNW
4/20/2021,A,POOL
4/20/2021,A,PPG
4/20/2021,A,PPL
4/20/2021,A,PRGO
4/20/2021,A,PRU
4/20/2021,A,PSA
4/20/2021,A,PSX
4/20/2021,A,PTC
4/20/2021,A,PVH
4/20/2021,A,PWR
4/20/2021,A,PXD
4/20/2021,A,PYPL
4/20/2021,A,QCOM
4/20/2021,A,QRVO
4/20/2021,A,RCL
4/20/2021,A,RE
4/20/2021,A,REG
4/20/2021,A,REGN
4/20/2021,A,RF
4/20/2021,A,RHI
4/20/2021,A,RJF
4/20/2021,A,RL
4/20/2021,A,RMD
4/20/2021,A,ROK
4/20/2021,A,ROL
4/20/2021,A,ROP
4/20/2021,A,ROST
4/20/2021,A,RSG
4/20/2021,A,RTX
4/20/2021,A,SBAC
4/20/2021,A,SBUX
4/20/2021,A,SCHW
4/20/2021,A,SEE
4/20/2021,A,SHW
4/20/2021,A,SIVB
4/20/2021,A,SJM
4/20/2021,A,SLB
4/20/2021,A,SNA
4/20/2021,A,SNPS
4/20/2021,A,SO
4/20/2021,A,SPG
4/20/2021,A,SPGI
4/20/2021,A,SRE
4/20/2021,A,STE
4/20/2021,A,STT
4/20/2021,A,STX
4/20/2021,A,STZ
4/20/2021,A,SWK
4/20/2021,A,SWKS
4/20/2021,A,SYF
4/20/2021,A,SYK
4/20/2021,A,SYY
4/20/2021,A,T
4/20/2021,A,TAP
4/20/2021,A,TDG
4/20/2021,A,TDY
4/20/2021,A,TEL
4/20/2021,A,TER
4/20/2021,A,TFC
4/20/2021,A,TFX
4/20/2021,A,TGT
4/20/2021,A,TJX
4/20/2021,A,TMO
4/20/2021,A,TMUS
4/20/2021,A,TPR
4/20/2021,A,TRMB
4/20/2021,A,TROW
4/20/2021,A,TRV
4/20/2021,A,TSCO
4/20/2021,A,TSLA
4/20/2021,A,TSN
4/20/2021,A,TT
4/20/2021,A,TTWO
4/20/2021,A,TWTR
4/20/2021,A,TXN
4/20/2021,A,TXT
4/20/2021,A,TYL
4/20/2021,A,UA
4/20/2021,A,UAA
4/20/2021,A,UAL
4/20/2021,A,UDR
4/20/2021,A,UHS
4/20/2021,A,ULTA
4/20/2021,A,UNH
4/20/2021,A,UNM
4/20/2021,A,UNP
4/20/2021,A,UPS
4/20/2021,A,URI
4/20/2021,A,USB
4/20/2021,A,V
4/20/2021,A,VFC
4/20/2021,A,VIAC
4/20/2021,A,VLO
4/20/2021,A,VMC
4/20/2021,A,VNO
4/20/2021,A,VRSK
4/20/2021,A,VRSN
4/20/2021,A,VRTX
4/20/2021,A,VTR
4/20/2021,A,VTRS
4/20/2021,A,VZ
4/20/2021,A,WAB
4/20/2021,A,WAT
4/20/2021,A,WBA
4/20/2021,A,WDC
4/20/2021,A,WEC
4/20/2021,A,WELL
4/20/2021,A,WFC
4/20/2021,A,WHR
4/20/2021,A,WLTW
4/20/2021,A,WM
4/20/2021,A,WMB
4/20/2021,A,WMT
4/20/2021,A,WRB
4/20/2021,A,WRK
4/20/2021,A,WST
4/20/2021,A,WU
4/20/2021,A,WY
4/20/2021,A,WYNN
4/20/2021,A,XEL
4/20/2021,A,XLNX
4/20/2021,A,XOM
4/20/2021,A,XRAY
4/20/2021,A,XYL
4/20/2021,A,YUM
4/20/2021,A,ZBH
4/20/2021,A,ZBRA
4/20/2021,A,ZION
4/20/2021,A,ZTS
7/21/2021,A,AAL
7/21/2021,A,AAP
7/21/2021,A,AAPL
7/21/2021,A,ABBV
7/21/2021,A,ABC
7/21/2021,A,ABMD
7/21/2021,A,ABT
7/21/2021,A,ACN
7/21/2021,A,ADBE
7/21/2021,A,ADI
7/21/2021,A,ADM
7/21/2021,A,ADP
7/21/2021,A,ADSK
7/21/2021,A,AEE
7/21/2021,A,AEP
7/21/2021,A,AES
7/21/2021,A,AFL
7/21/2021,A,AIG
7/21/2021,A,AIZ
7/21/2021,A,AJG
7/21/2021,A,AKAM
7/21/2021,A,ALB
7/21/2021,A,ALGN
7/21/2021,A,ALK
7/21/2021,A,ALL
7/21/2021,A,ALLE
7/21/2021,A,AMAT
7/21/2021,A,AMCR
7/21/2021,A,AMD
7/21/2021,A,AME
7/21/2021,A,AMGN
7/21/2021,A,AMP
7/21/2021,A,AMT
7/21/2021,A,AMZN
7/21/2021,A,ANET
7/21/2021,A,ANSS
7/21/2021,A,ANTM
7/21/2021,A,AON
7/21/2021,A,AOS
7/21/2021,A,APA
7/21/2021,A,APD
7/21/2021,A,APH
7/21/2021,A,APTV
7/21/2021,A,ARE
7/21/2021,A,ATO
7/21/2021,A,ATVI
7/21/2021,A,AVB
7/21/2021,A,AVGO
7/21/2021,A,AVY
7/21/2021,A,AWK
7/21/2021,A,AXP
7/21/2021,A,AZO
7/21/2021,A,BA
7/21/2021,A,BAC
7/21/2021,A,BAX
7/21/2021,A,BBY
7/21/2021,A,BDX
7/21/2021,A,BEN
7/21/2021,A,BF.B
7/21/2021,A,BIIB
7/21/2021,A,BIO
7/21/2021,A,BK
7/21/2021,A,BKNG
7/21/2021,A,BKR
7/21/2021,A,BLK
7/21/2021,A,BLL
7/21/2021,A,BMY
7/21/2021,A,BR
7/21/2021,A,BRK.B
7/21/2021,A,BSX
7/21/2021,A,BWA
7/21/2021,A,BXP
7/21/2021,A,C
7/21/2021,A,CAG
7/21/2021,A,CAH
7/21/2021,A,CARR
7/21/2021,A,CAT
7/21/2021,A,CB
7/21/2021,A,CBOE
7/21/2021,A,CBRE
7/21/2021,A,CCI
7/21/2021,A,CCL
7/21/2021,A,CDNS
7/21/2021,A,CDW
7/21/2021,A,CE
7/21/2021,A,CERN
7/21/2021,A,CF
7/21/2021,A,CFG
7/21/2021,A,CHD
7/21/2021,A,CHRW
7/21/2021,A,CHTR
7/21/2021,A,CI
7/21/2021,A,CINF
7/21/2021,A,CL
7/21/2021,A,CLX
7/21/2021,A,CMA
7/21/2021,A,CMCSA
7/21/2021,A,CME
7/21/2021,A,CMG
7/21/2021,A,CMI
7/21/2021,A,CMS
7/21/2021,A,CNC
7/21/2021,A,CNP
7/21/2021,A,COF
7/21/2021,A,COG
7/21/2021,A,COO
7/21/2021,A,COP
7/21/2021,A,COST
7/21/2021,A,CPB
7/21/2021,A,CPRT
7/21/2021,A,CRL
7/21/2021,A,CRM
7/21/2021,A,CSCO
7/21/2021,A,CSX
7/21/2021,A,CTAS
7/21/2021,A,CTLT
7/21/2021,A,CTSH
7/21/2021,A,CTVA
7/21/2021,A,CTXS
7/21/2021,A,CVS
7/21/2021,A,CVX
7/21/2021,A,CZR
7/21/2021,A,D
7/21/2021,A,DAL
7/21/2021,A,DD
7/21/2021,A,DE
7/21/2021,A,DFS
7/21/2021,A,DG
7/21/2021,A,DGX
7/21/2021,A,DHI
7/21/2021,A,DHR
7/21/2021,A,DIS
7/21/2021,A,DISCA
7/21/2021,A,DISCK
7/21/2021,A,DISH
7/21/2021,A,DLR
7/21/2021,A,DLTR
7/21/2021,A,DOV
7/21/2021,A,DOW
7/21/2021,A,DPZ
7/21/2021,A,DRE
7/21/2021,A,DRI
7/21/2021,A,DTE
7/21/2021,A,DUK
7/21/2021,A,DVA
7/21/2021,A,DVN
7/21/2021,A,DXC
7/21/2021,A,DXCM
7/21/2021,A,EA
7/21/2021,A,EBAY
7/21/2021,A,ECL
7/21/2021,A,ED
7/21/2021,A,EFX
7/21/2021,A,EIX
7/21/2021,A,EL
7/21/2021,A,EMN
7/21/2021,A,EMR
7/21/2021,A,ENPH
7/21/2021,A,EOG
7/21/2021,A,EQIX
7/21/2021,A,EQR
7/21/2021,A,ES
7/21/2021,A,ESS
7/21/2021,A,ETN
7/21/2021,A,ETR
7/21/2021,A,ETSY
7/21/2021,A,EVRG
7/21/2021,A,EW
7/21/2021,A,EXC
7/21/2021,A,EXPD
7/21/2021,A,EXPE
7/21/2021,A,EXR
7/21/2021,A,F
7/21/2021,A,FANG
7/21/2021,A,FAST
7/21/2021,A,FB
7/21/2021,A,FBHS
7/21/2021,A,FCX
7/21/2021,A,FDX
7/21/2021,A,FE
7/21/2021,A,FFIV
7/21/2021,A,FIS
7/21/2021,A,FISV
7/21/2021,A,FITB
7/21/2021,A,FLT
7/21/2021,A,FMC
7/21/2021,A,FOX
7/21/2021,A,FOXA
7/21/2021,A,FRC
7/21/2021,A,FRT
7/21/2021,A,FTNT
7/21/2021,A,FTV
7/21/2021,A,GD
7/21/2021,A,GE
7/21/2021,A,GILD
7/21/2021,A,GIS
7/21/2021,A,GL
7/21/2021,A,GLW
7/21/2021,A,GM
7/21/2021,A,GNRC
7/21/2021,A,GOOG
7/21/2021,A,GOOGL
7/21/2021,A,GPC
7/21/2021,A,GPN
7/21/2021,A,GPS
7/21/2021,A,GRMN
7/21/2021,A,GS
7/21/2021,A,GWW
7/21/2021,A,HAL
7/21/2021,A,HAS
7/21/2021,A,HBAN
7/21/2021,A,HBI
7/21/2021,A,HCA
7/21/2021,A,HD
7/21/2021,A,HES
7/21/2021,A,HIG
7/21/2021,A,HII
7/21/2021,A,HLT
7/21/2021,A,HOLX
7/21/2021,A,HON
7/21/2021,A,HPE
7/21/2021,A,HPQ
7/21/2021,A,HRL
7/21/2021,A,HSIC
7/21/2021,A,HST
7/21/2021,A,HSY
7/21/2021,A,HUM
7/21/2021,A,HWM
7/21/2021,A,IBM
7/21/2021,A,ICE
7/21/2021,A,IDXX
7/21/2021,A,IEX
7/21/2021,A,IFF
7/21/2021,A,ILMN
7/21/2021,A,INCY
7/21/2021,A,INFO
7/21/2021,A,INTC
7/21/2021,A,INTU
7/21/2021,A,IP
7/21/2021,A,IPG
7/21/2021,A,IPGP
7/21/2021,A,IQV
7/21/2021,A,IR
7/21/2021,A,IRM
7/21/2021,A,ISRG
7/21/2021,A,IT
7/21/2021,A,ITW
7/21/2021,A,IVZ
7/21/2021,A,J
7/21/2021,A,JBHT
7/21/2021,A,JCI
7/21/2021,A,JKHY
7/21/2021,A,JNJ
7/21/2021,A,JNPR
7/21/2021,A,JPM
7/21/2021,A,K
7/21/2021,A,KEY
7/21/2021,A,KEYS
7/21/2021,A,KHC
7/21/2021,A,KIM
7/21/2021,A,KLAC
7/21/2021,A,KMB
7/21/2021,A,KMI
7/21/2021,A,KMX
7/21/2021,A,KO
7/21/2021,A,KR
7/21/2021,A,KSU
7/21/2021,A,L
7/21/2021,A,LB
7/21/2021,A,LDOS
7/21/2021,A,LEG
7/21/2021,A,LEN
7/21/2021,A,LH
7/21/2021,A,LHX
7/21/2021,A,LIN
7/21/2021,A,LKQ
7/21/2021,A,LLY
7/21/2021,A,LMT
7/21/2021,A,LNC
7/21/2021,A,LNT
7/21/2021,A,LOW
7/21/2021,A,LRCX
7/21/2021,A,LUMN
7/21/2021,A,LUV
7/21/2021,A,LVS
7/21/2021,A,LW
7/21/2021,A,LYB
7/21/2021,A,LYV
7/21/2021,A,MA
7/21/2021,A,MAA
7/21/2021,A,MAR
7/21/2021,A,MAS
7/21/2021,A,MCD
7/21/2021,A,MCHP
7/21/2021,A,MCK
7/21/2021,A,MCO
7/21/2021,A,MDLZ
7/21/2021,A,MDT
7/21/2021,A,MET
7/21/2021,A,MGM
7/21/2021,A,MHK
7/21/2021,A,MKC
7/21/2021,A,MKTX
7/21/2021,A,MLM
7/21/2021,A,MMC
7/21/2021,A,MMM
7/21/2021,A,MNST
7/21/2021,A,MO
7/21/2021,A,MOS
7/21/2021,A,MPC
7/21/2021,A,MPWR
7/21/2021,A,MRK
7/21/2021,A,MRNA
7/21/2021,A,MRO
7/21/2021,A,MS
7/21/2021,A,MSCI
7/21/2021,A,MSFT
7/21/2021,A,MSI
7/21/2021,A,MTB
7/21/2021,A,MTD
7/21/2021,A,MU
7/21/2021,A,MXIM
7/21/2021,A,NCLH
7/21/2021,A,NDAQ
7/21/2021,A,NEE
7/21/2021,A,NEM
7/21/2021,A,NFLX
7/21/2021,A,NI
7/21/2021,A,NKE
7/21/2021,A,NLOK
7/21/2021,A,NLSN
7/21/2021,A,NOC
7/21/2021,A,NOV
7/21/2021,A,NOW
7/21/2021,A,NRG
7/21/2021,A,NSC
7/21/2021,A,NTAP
7/21/2021,A,NTRS
7/21/2021,A,NUE
7/21/2021,A,NVDA
7/21/2021,A,NVR
7/21/2021,A,NWL
7/21/2021,A,NWS
7/21/2021,A,NWSA
7/21/2021,A,NXPI
7/21/2021,A,O
7/21/2021,A,ODFL
7/21/2021,A,OGN
7/21/2021,A,OKE
7/21/2021,A,OMC
7/21/2021,A,ORCL
7/21/2021,A,ORLY
7/21/2021,A,OTIS
7/21/2021,A,OXY
7/21/2021,A,PAYC
7/21/2021,A,PAYX
7/21/2021,A,PBCT
7/21/2021,A,PCAR
7/21/2021,A,PEAK
7/21/2021,A,PEG
7/21/2021,A,PENN
7/21/2021,A,PEP
7/21/2021,A,PFE
7/21/2021,A,PFG
7/21/2021,A,PG
7/21/2021,A,PGR
7/21/2021,A,PH
7/21/2021,A,PHM
7/21/2021,A,PKG
7/21/2021,A,PKI
7/21/2021,A,PLD
7/21/2021,A,PM
7/21/2021,A,PNC
7/21/2021,A,PNR
7/21/2021,A,PNW
7/21/2021,A,POOL
7/21/2021,A,PPG
7/21/2021,A,PPL
7/21/2021,A,PRGO
7/21/2021,A,PRU
7/21/2021,A,PSA
7/21/2021,A,PSX
7/21/2021,A,PTC
7/21/2021,A,PVH
7/21/2021,A,PWR
7/21/2021,A,PXD
7/21/2021,A,PYPL
7/21/2021,A,QCOM
7/21/2021,A,QRVO
7/21/2021,A,RCL
7/21/2021,A,RE
7/21/2021,A,REG
7/21/2021,A,REGN
7/21/2021,A,RF
7/21/2021,A,RHI
7/21/2021,A,RJF
7/21/2021,A,RL
7/21/2021,A,RMD
7/21/2021,A,ROK
7/21/2021,A,ROL
7/21/2021,A,ROP
7/21/2021,A,ROST
7/21/2021,A,RSG
7/21/2021,A,RTX
7/21/2021,A,SBAC
7/21/2021,A,SBUX
7/21/2021,A,SCHW
7/21/2021,A,SEE
7/21/2021,A,SHW
7/21/2021,A,SIVB
7/21/2021,A,SJM
7/21/2021,A,SLB
7/21/2021,A,SNA
7/21/2021,A,SNPS
7/21/2021,A,SO
7/21/2021,A,SPG
7/21/2021,A,SPGI
7/21/2021,A,SRE
7/21/2021,A,STE
7/21/2021,A,STT
7/21/2021,A,STX
7/21/2021,A,STZ
7/21/2021,A,SWK
7/21/2021,A,SWKS
7/21/2021,A,SYF
7/21/2021,A,SYK
7/21/2021,A,SYY
7/21/2021,A,T
7/21/2021,A,TAP
7/21/2021,A,TDG
7/21/2021,A,TDY
7/21/2021,A,TEL
7/21/2021,A,TER
7/21/2021,A,TFC
7/21/2021,A,TFX
7/21/2021,A,TGT
7/21/2021,A,TJX
7/21/2021,A,TMO
7/21/2021,A,TMUS
7/21/2021,A,TPR
7/21/2021,A,TRMB
7/21/2021,A,TROW
7/21/2021,A,TRV
7/21/2021,A,TSCO
7/21/2021,A,TSLA
7/21/2021,A,TSN
7/21/2021,A,TT
7/21/2021,A,TTWO
7/21/2021,A,TWTR
7/21/2021,A,TXN
7/21/2021,A,TXT
7/21/2021,A,TYL
7/21/2021,A,UA
7/21/2021,A,UAA
7/21/2021,A,UAL
7/21/2021,A,UDR
7/21/2021,A,UHS
7/21/2021,A,ULTA
7/21/2021,A,UNH
7/21/2021,A,UNM
7/21/2021,A,UNP
7/21/2021,A,UPS
7/21/2021,A,URI
7/21/2021,A,USB
7/21/2021,A,V
7/21/2021,A,VFC
7/21/2021,A,VIAC
7/21/2021,A,VLO
7/21/2021,A,VMC
7/21/2021,A,VNO
7/21/2021,A,VRSK
7/21/2021,A,VRSN
7/21/2021,A,VRTX
7/21/2021,A,VTR
7/21/2021,A,VTRS
7/21/2021,A,VZ
7/21/2021,A,WAB
7/21/2021,A,WAT
7/21/2021,A,WBA
7/21/2021,A,WDC
7/21/2021,A,WEC
7/21/2021,A,WELL
7/21/2021,A,WFC
7/21/2021,A,WHR
7/21/2021,A,WLTW
7/21/2021,A,WM
7/21/2021,A,WMB
7/21/2021,A,WMT
7/21/2021,A,WRB
7/21/2021,A,WRK
7/21/2021,A,WST
7/21/2021,A,WU
7/21/2021,A,WY
7/21/2021,A,WYNN
7/21/2021,A,XEL
7/21/2021,A,XLNX
7/21/2021,A,XOM
7/21/2021,A,XRAY
7/21/2021,A,XYL
7/21/2021,A,YUM
7/21/2021,A,ZBH
7/21/2021,A,ZBRA
7/21/2021,A,ZION
7/21/2021,A,ZTS
10/4/2021,A,AAL
10/4/2021,A,AAP
10/4/2021,A,AAPL
10/4/2021,A,ABBV
10/4/2021,A,ABC
10/4/2021,A,ABMD
10/4/2021,A,ABT
10/4/2021,A,ACN
10/4/2021,A,ADBE
10/4/2021,A,ADI
10/4/2021,A,ADM
10/4/2021,A,ADP
10/4/2021,A,ADSK
10/4/2021,A,AEE
10/4/2021,A,AEP
10/4/2021,A,AES
10/4/2021,A,AFL
10/4/2021,A,AIG
10/4/2021,A,AIZ
10/4/2021,A,AJG
10/4/2021,A,AKAM
10/4/2021,A,ALB
10/4/2021,A,ALGN
10/4/2021,A,ALK
10/4/2021,A,ALL
10/4/2021,A,ALLE
10/4/2021,A,AMAT
10/4/2021,A,AMCR
10/4/2021,A,AMD
10/4/2021,A,AME
10/4/2021,A,AMGN
10/4/2021,A,AMP
10/4/2021,A,AMT
10/4/2021,A,AMZN
10/4/2021,A,ANET
10/4/2021,A,ANSS
10/4/2021,A,ANTM
10/4/2021,A,AON
10/4/2021,A,AOS
10/4/2021,A,APA
10/4/2021,A,APD
10/4/2021,A,APH
10/4/2021,A,APTV
10/4/2021,A,ARE
10/4/2021,A,ATO
10/4/2021,A,ATVI
10/4/2021,A,AVB
10/4/2021,A,AVGO
10/4/2021,A,AVY
10/4/2021,A,AWK
10/4/2021,A,AXP
10/4/2021,A,AZO
10/4/2021,A,BA
10/4/2021,A,BAC
10/4/2021,A,BAX
10/4/2021,A,BBWI
10/4/2021,A,BBY
10/4/2021,A,BDX
10/4/2021,A,BEN
10/4/2021,A,BF.B
10/4/2021,A,BIIB
10/4/2021,A,BIO
10/4/2021,A,BK
10/4/2021,A,BKNG
10/4/2021,A,BKR
10/4/2021,A,BLK
10/4/2021,A,BLL
10/4/2021,A,BMY
10/4/2021,A,BR
10/4/2021,A,BRK.B
10/4/2021,A,BRO
10/4/2021,A,BSX
10/4/2021,A,BWA
10/4/2021,A,BXP
10/4/2021,A,C
10/4/2021,A,CAG
10/4/2021,A,CAH
10/4/2021,A,CARR
10/4/2021,A,CAT
10/4/2021,A,CB
10/4/2021,A,CBOE
10/4/2021,A,CBRE
10/4/2021,A,CCI
10/4/2021,A,CCL
10/4/2021,A,CDAY
10/4/2021,A,CDNS
10/4/2021,A,CDW
10/4/2021,A,CE
10/4/2021,A,CERN
10/4/2021,A,CF
10/4/2021,A,CFG
10/4/2021,A,CHD
10/4/2021,A,CHRW
10/4/2021,A,CHTR
10/4/2021,A,CI
10/4/2021,A,CINF
10/4/2021,A,CL
10/4/2021,A,CLX
10/4/2021,A,CMA
10/4/2021,A,CMCSA
10/4/2021,A,CME
10/4/2021,A,CMG
10/4/2021,A,CMI
10/4/2021,A,CMS
10/4/2021,A,CNC
10/4/2021,A,CNP
10/4/2021,A,COF
10/4/2021,A,COO
10/4/2021,A,COP
10/4/2021,A,COST
10/4/2021,A,CPB
10/4/2021,A,CPRT
10/4/2021,A,CRL
10/4/2021,A,CRM
10/4/2021,A,CSCO
10/4/2021,A,CSX
10/4/2021,A,CTAS
10/4/2021,A,CTLT
10/4/2021,A,CTRA
10/4/2021,A,CTSH
10/4/2021,A,CTVA
10/4/2021,A,CTXS
10/4/2021,A,CVS
10/4/2021,A,CVX
10/4/2021,A,CZR
10/4/2021,A,D
10/4/2021,A,DAL
10/4/2021,A,DD
10/4/2021,A,DE
10/4/2021,A,DFS
10/4/2021,A,DG
10/4/2021,A,DGX
10/4/2021,A,DHI
10/4/2021,A,DHR
10/4/2021,A,DIS
10/4/2021,A,DISCA
10/4/2021,A,DISCK
10/4/2021,A,DISH
10/4/2021,A,DLR
10/4/2021,A,DLTR
10/4/2021,A,DOV
10/4/2021,A,DOW
10/4/2021,A,DPZ
10/4/2021,A,DRE
10/4/2021,A,DRI
10/4/2021,A,DTE
10/4/2021,A,DUK
10/4/2021,A,DVA
10/4/2021,A,DVN
10/4/2021,A,DXC
10/4/2021,A,DXCM
10/4/2021,A,EA
10/4/2021,A,EBAY
10/4/2021,A,ECL
10/4/2021,A,ED
10/4/2021,A,EFX
10/4/2021,A,EIX
10/4/2021,A,EL
10/4/2021,A,EMN
10/4/2021,A,EMR
10/4/2021,A,ENPH
10/4/2021,A,EOG
10/4/2021,A,EQIX
10/4/2021,A,EQR
10/4/2021,A,ES
10/4/2021,A,ESS
10/4/2021,A,ETN
10/4/2021,A,ETR
10/4/2021,A,ETSY
10/4/2021,A,EVRG
10/4/2021,A,EW
10/4/2021,A,EXC
10/4/2021,A,EXPD
10/4/2021,A,EXPE
10/4/2021,A,EXR
10/4/2021,A,F
10/4/2021,A,FANG
10/4/2021,A,FAST
10/4/2021,A,FB
10/4/2021,A,FBHS
10/4/2021,A,FCX
10/4/2021,A,FDX
10/4/2021,A,FE
10/4/2021,A,FFIV
10/4/2021,A,FIS
10/4/2021,A,FISV
10/4/2021,A,FITB
10/4/2021,A,FLT
10/4/2021,A,FMC
10/4/2021,A,FOX
10/4/2021,A,FOXA
10/4/2021,A,FRC
10/4/2021,A,FRT
10/4/2021,A,FTNT
10/4/2021,A,FTV
10/4/2021,A,GD
10/4/2021,A,GE
10/4/2021,A,GILD
10/4/2021,A,GIS
10/4/2021,A,GL
10/4/2021,A,GLW
10/4/2021,A,GM
10/4/2021,A,GNRC
10/4/2021,A,GOOG
10/4/2021,A,GOOGL
10/4/2021,A,GPC
10/4/2021,A,GPN
10/4/2021,A,GPS
10/4/2021,A,GRMN
10/4/2021,A,GS
10/4/2021,A,GWW
10/4/2021,A,HAL
10/4/2021,A,HAS
10/4/2021,A,HBAN
10/4/2021,A,HBI
10/4/2021,A,HCA
10/4/2021,A,HD
10/4/2021,A,HES
10/4/2021,A,HIG
10/4/2021,A,HII
10/4/2021,A,HLT
10/4/2021,A,HOLX
10/4/2021,A,HON
10/4/2021,A,HPE
10/4/2021,A,HPQ
10/4/2021,A,HRL
10/4/2021,A,HSIC
10/4/2021,A,HST
10/4/2021,A,HSY
10/4/2021,A,HUM
10/4/2021,A,HWM
10/4/2021,A,IBM
10/4/2021,A,ICE
10/4/2021,A,IDXX
10/4/2021,A,IEX
10/4/2021,A,IFF
10/4/2021,A,ILMN
10/4/2021,A,INCY
10/4/2021,A,INFO
10/4/2021,A,INTC
10/4/2021,A,INTU
10/4/2021,A,IP
10/4/2021,A,IPG
10/4/2021,A,IPGP
10/4/2021,A,IQV
10/4/2021,A,IR
10/4/2021,A,IRM
10/4/2021,A,ISRG
10/4/2021,A,IT
10/4/2021,A,ITW
10/4/2021,A,IVZ
10/4/2021,A,J
10/4/2021,A,JBHT
10/4/2021,A,JCI
10/4/2021,A,JKHY
10/4/2021,A,JNJ
10/4/2021,A,JNPR
10/4/2021,A,JPM
10/4/2021,A,K
10/4/2021,A,KEY
10/4/2021,A,KEYS
10/4/2021,A,KHC
10/4/2021,A,KIM
10/4/2021,A,KLAC
10/4/2021,A,KMB
10/4/2021,A,KMI
10/4/2021,A,KMX
10/4/2021,A,KO
10/4/2021,A,KR
10/4/2021,A,KSU
10/4/2021,A,L
10/4/2021,A,LDOS
10/4/2021,A,LEG
10/4/2021,A,LEN
10/4/2021,A,LH
10/4/2021,A,LHX
10/4/2021,A,LIN
10/4/2021,A,LKQ
10/4/2021,A,LLY
10/4/2021,A,LMT
10/4/2021,A,LNC
10/4/2021,A,LNT
10/4/2021,A,LOW
10/4/2021,A,LRCX
10/4/2021,A,LUMN
10/4/2021,A,LUV
10/4/2021,A,LVS
10/4/2021,A,LW
10/4/2021,A,LYB
10/4/2021,A,LYV
10/4/2021,A,MA
10/4/2021,A,MAA
10/4/2021,A,MAR
10/4/2021,A,MAS
10/4/2021,A,MCD
10/4/2021,A,MCHP
10/4/2021,A,MCK
10/4/2021,A,MCO
10/4/2021,A,MDLZ
10/4/2021,A,MDT
10/4/2021,A,MET
10/4/2021,A,MGM
10/4/2021,A,MHK
10/4/2021,A,MKC
10/4/2021,A,MKTX
10/4/2021,A,MLM
10/4/2021,A,MMC
10/4/2021,A,MMM
10/4/2021,A,MNST
10/4/2021,A,MO
10/4/2021,A,MOS
10/4/2021,A,MPC
10/4/2021,A,MPWR
10/4/2021,A,MRK
10/4/2021,A,MRNA
10/4/2021,A,MRO
10/4/2021,A,MS
10/4/2021,A,MSCI
10/4/2021,A,MSFT
10/4/2021,A,MSI
10/4/2021,A,MTB
10/4/2021,A,MTCH
10/4/2021,A,MTD
10/4/2021,A,MU
10/4/2021,A,NCLH
10/4/2021,A,NDAQ
10/4/2021,A,NEE
10/4/2021,A,NEM
10/4/2021,A,NFLX
10/4/2021,A,NI
10/4/2021,A,NKE
10/4/2021,A,NLOK
10/4/2021,A,NLSN
10/4/2021,A,NOC
10/4/2021,A,NOW
10/4/2021,A,NRG
10/4/2021,A,NSC
10/4/2021,A,NTAP
10/4/2021,A,NTRS
10/4/2021,A,NUE
10/4/2021,A,NVDA
10/4/2021,A,NVR
10/4/2021,A,NWL
10/4/2021,A,NWS
10/4/2021,A,NWSA
10/4/2021,A,NXPI
10/4/2021,A,O
10/4/2021,A,ODFL
10/4/2021,A,OGN
10/4/2021,A,OKE
10/4/2021,A,OMC
10/4/2021,A,ORCL
10/4/2021,A,ORLY
10/4/2021,A,OTIS
10/4/2021,A,OXY
10/4/2021,A,PAYC
10/4/2021,A,PAYX
10/4/2021,A,PBCT
10/4/2021,A,PCAR
10/4/2021,A,PEAK
10/4/2021,A,PEG
10/4/2021,A,PENN
10/4/2021,A,PEP
10/4/2021,A,PFE
10/4/2021,A,PFG
10/4/2021,A,PG
10/4/2021,A,PGR
10/4/2021,A,PH
10/4/2021,A,PHM
10/4/2021,A,PKG
10/4/2021,A,PKI
10/4/2021,A,PLD
10/4/2021,A,PM
10/4/2021,A,PNC
10/4/2021,A,PNR
10/4/2021,A,PNW
10/4/2021,A,POOL
10/4/2021,A,PPG
10/4/2021,A,PPL
10/4/2021,A,PRU
10/4/2021,A,PSA
10/4/2021,A,PSX
10/4/2021,A,PTC
10/4/2021,A,PVH
10/4/2021,A,PWR
10/4/2021,A,PXD
10/4/2021,A,PYPL
10/4/2021,A,QCOM
10/4/2021,A,QRVO
10/4/2021,A,RCL
10/4/2021,A,RE
10/4/2021,A,REG
10/4/2021,A,REGN
10/4/2021,A,RF
10/4/2021,A,RHI
10/4/2021,A,RJF
10/4/2021,A,RL
10/4/2021,A,RMD
10/4/2021,A,ROK
10/4/2021,A,ROL
10/4/2021,A,ROP
10/4/2021,A,ROST
10/4/2021,A,RSG
10/4/2021,A,RTX
10/4/2021,A,SBAC
10/4/2021,A,SBUX
10/4/2021,A,SCHW
10/4/2021,A,SEE
10/4/2021,A,SHW
10/4/2021,A,SIVB
10/4/2021,A,SJM
10/4/2021,A,SLB
10/4/2021,A,SNA
10/4/2021,A,SNPS
10/4/2021,A,SO
10/4/2021,A,SPG
10/4/2021,A,SPGI
10/4/2021,A,SRE
10/4/2021,A,STE
10/4/2021,A,STT
10/4/2021,A,STX
10/4/2021,A,STZ
10/4/2021,A,SWK
10/4/2021,A,SWKS
10/4/2021,A,SYF
10/4/2021,A,SYK
10/4/2021,A,SYY
10/4/2021,A,T
10/4/2021,A,TAP
10/4/2021,A,TDG
10/4/2021,A,TDY
10/4/2021,A,TECH
10/4/2021,A,TEL
10/4/2021,A,TER
10/4/2021,A,TFC
10/4/2021,A,TFX
10/4/2021,A,TGT
10/4/2021,A,TJX
10/4/2021,A,TMO
10/4/2021,A,TMUS
10/4/2021,A,TPR
10/4/2021,A,TRMB
10/4/2021,A,TROW
10/4/2021,A,TRV
10/4/2021,A,TSCO
10/4/2021,A,TSLA
10/4/2021,A,TSN
10/4/2021,A,TT
10/4/2021,A,TTWO
10/4/2021,A,TWTR
10/4/2021,A,TXN
10/4/2021,A,TXT
10/4/2021,A,TYL
10/4/2021,A,UA
10/4/2021,A,UAA
10/4/2021,A,UAL
10/4/2021,A,UDR
10/4/2021,A,UHS
10/4/2021,A,ULTA
10/4/2021,A,UNH
10/4/2021,A,UNP
10/4/2021,A,UPS
10/4/2021,A,URI
10/4/2021,A,USB
10/4/2021,A,V
10/4/2021,A,VFC
10/4/2021,A,VIAC
10/4/2021,A,VLO
10/4/2021,A,VMC
10/4/2021,A,VNO
10/4/2021,A,VRSK
10/4/2021,A,VRSN
10/4/2021,A,VRTX
10/4/2021,A,VTR
10/4/2021,A,VTRS
10/4/2021,A,VZ
10/4/2021,A,WAB
10/4/2021,A,WAT
10/4/2021,A,WBA
10/4/2021,A,WDC
10/4/2021,A,WEC
10/4/2021,A,WELL
10/4/2021,A,WFC
10/4/2021,A,WHR
10/4/2021,A,WLTW
10/4/2021,A,WM
10/4/2021,A,WMB
10/4/2021,A,WMT
10/4/2021,A,WRB
10/4/2021,A,WRK
10/4/2021,A,WST
10/4/2021,A,WU
10/4/2021,A,WY
10/4/2021,A,WYNN
10/4/2021,A,XEL
10/4/2021,A,XLNX
10/4/2021,A,XOM
10/4/2021,A,XRAY
10/4/2021,A,XYL
10/4/2021,A,YUM
10/4/2021,A,ZBH
10/4/2021,A,ZBRA
10/4/2021,A,ZION
10/4/2021,A,ZTS
1/10/2022,A,AAL
1/10/2022,A,AAP
1/10/2022,A,AAPL
1/10/2022,A,ABBV
1/10/2022,A,ABC
1/10/2022,A,ABMD
1/10/2022,A,ABT
1/10/2022,A,ACN
1/10/2022,A,ADBE
1/10/2022,A,ADI
1/10/2022,A,ADM
1/10/2022,A,ADP
1/10/2022,A,ADSK
1/10/2022,A,AEE
1/10/2022,A,AEP
1/10/2022,A,AES
1/10/2022,A,AFL
1/10/2022,A,AIG
1/10/2022,A,AIZ
1/10/2022,A,AJG
1/10/2022,A,AKAM
1/10/2022,A,ALB
1/10/2022,A,ALGN
1/10/2022,A,ALK
1/10/2022,A,ALL
1/10/2022,A,ALLE
1/10/2022,A,AMAT
1/10/2022,A,AMCR
1/10/2022,A,AMD
1/10/2022,A,AME
1/10/2022,A,AMGN
1/10/2022,A,AMP
1/10/2022,A,AMT
1/10/2022,A,AMZN
1/10/2022,A,ANET
1/10/2022,A,ANSS
1/10/2022,A,ANTM
1/10/2022,A,AON
1/10/2022,A,AOS
1/10/2022,A,APA
1/10/2022,A,APD
1/10/2022,A,APH
1/10/2022,A,APTV
1/10/2022,A,ARE
1/10/2022,A,ATO
1/10/2022,A,ATVI
1/10/2022,A,AVB
1/10/2022,A,AVGO
1/10/2022,A,AVY
1/10/2022,A,AWK
1/10/2022,A,AXP
1/10/2022,A,AZO
1/10/2022,A,BA
1/10/2022,A,BAC
1/10/2022,A,BAX
1/10/2022,A,BBWI
1/10/2022,A,BBY
1/10/2022,A,BDX
1/10/2022,A,BEN
1/10/2022,A,BF.B
1/10/2022,A,BIIB
1/10/2022,A,BIO
1/10/2022,A,BK
1/10/2022,A,BKNG
1/10/2022,A,BKR
1/10/2022,A,BLK
1/10/2022,A,BLL
1/10/2022,A,BMY
1/10/2022,A,BR
1/10/2022,A,BRK.B
1/10/2022,A,BRO
1/10/2022,A,BSX
1/10/2022,A,BWA
1/10/2022,A,BXP
1/10/2022,A,C
1/10/2022,A,CAG
1/10/2022,A,CAH
1/10/2022,A,CARR
1/10/2022,A,CAT
1/10/2022,A,CB
1/10/2022,A,CBOE
1/10/2022,A,CBRE
1/10/2022,A,CCI
1/10/2022,A,CCL
1/10/2022,A,CDAY
1/10/2022,A,CDNS
1/10/2022,A,CDW
1/10/2022,A,CE
1/10/2022,A,CERN
1/10/2022,A,CF
1/10/2022,A,CFG
1/10/2022,A,CHD
1/10/2022,A,CHRW
1/10/2022,A,CHTR
1/10/2022,A,CI
1/10/2022,A,CINF
1/10/2022,A,CL
1/10/2022,A,CLX
1/10/2022,A,CMA
1/10/2022,A,CMCSA
1/10/2022,A,CME
1/10/2022,A,CMG
1/10/2022,A,CMI
1/10/2022,A,CMS
1/10/2022,A,CNC
1/10/2022,A,CNP
1/10/2022,A,COF
1/10/2022,A,COO
1/10/2022,A,COP
1/10/2022,A,COST
1/10/2022,A,CPB
1/10/2022,A,CPRT
1/10/2022,A,CRL
1/10/2022,A,CRM
1/10/2022,A,CSCO
1/10/2022,A,CSX
1/10/2022,A,CTAS
1/10/2022,A,CTLT
1/10/2022,A,CTRA
1/10/2022,A,CTSH
1/10/2022,A,CTVA
1/10/2022,A,CTXS
1/10/2022,A,CVS
1/10/2022,A,CVX
1/10/2022,A,CZR
1/10/2022,A,D
1/10/2022,A,DAL
1/10/2022,A,DD
1/10/2022,A,DE
1/10/2022,A,DFS
1/10/2022,A,DG
1/10/2022,A,DGX
1/10/2022,A,DHI
1/10/2022,A,DHR
1/10/2022,A,DIS
1/10/2022,A,DISCA
1/10/2022,A,DISCK
1/10/2022,A,DISH
1/10/2022,A,DLR
1/10/2022,A,DLTR
1/10/2022,A,DOV
1/10/2022,A,DOW
1/10/2022,A,DPZ
1/10/2022,A,DRE
1/10/2022,A,DRI
1/10/2022,A,DTE
1/10/2022,A,DUK
1/10/2022,A,DVA
1/10/2022,A,DVN
1/10/2022,A,DXC
1/10/2022,A,DXCM
1/10/2022,A,EA
1/10/2022,A,EBAY
1/10/2022,A,ECL
1/10/2022,A,ED
1/10/2022,A,EFX
1/10/2022,A,EIX
1/10/2022,A,EL
1/10/2022,A,EMN
1/10/2022,A,EMR
1/10/2022,A,ENPH
1/10/2022,A,EOG
1/10/2022,A,EPAM
1/10/2022,A,EQIX
1/10/2022,A,EQR
1/10/2022,A,ES
1/10/2022,A,ESS
1/10/2022,A,ETN
1/10/2022,A,ETR
1/10/2022,A,ETSY
1/10/2022,A,EVRG
1/10/2022,A,EW
1/10/2022,A,EXC
1/10/2022,A,EXPD
1/10/2022,A,EXPE
1/10/2022,A,EXR
1/10/2022,A,F
1/10/2022,A,FANG
1/10/2022,A,FAST
1/10/2022,A,FB
1/10/2022,A,FBHS
1/10/2022,A,FCX
1/10/2022,A,FDS
1/10/2022,A,FDX
1/10/2022,A,FE
1/10/2022,A,FFIV
1/10/2022,A,FIS
1/10/2022,A,FISV
1/10/2022,A,FITB
1/10/2022,A,FLT
1/10/2022,A,FMC
1/10/2022,A,FOX
1/10/2022,A,FOXA
1/10/2022,A,FRC
1/10/2022,A,FRT
1/10/2022,A,FTNT
1/10/2022,A,FTV
1/10/2022,A,GD
1/10/2022,A,GE
1/10/2022,A,GILD
1/10/2022,A,GIS
1/10/2022,A,GL
1/10/2022,A,GLW
1/10/2022,A,GM
1/10/2022,A,GNRC
1/10/2022,A,GOOG
1/10/2022,A,GOOGL
1/10/2022,A,GPC
1/10/2022,A,GPN
1/10/2022,A,GPS
1/10/2022,A,GRMN
1/10/2022,A,GS
1/10/2022,A,GWW
1/10/2022,A,HAL
1/10/2022,A,HAS
1/10/2022,A,HBAN
1/10/2022,A,HCA
1/10/2022,A,HD
1/10/2022,A,HES
1/10/2022,A,HIG
1/10/2022,A,HII
1/10/2022,A,HLT
1/10/2022,A,HOLX
1/10/2022,A,HON
1/10/2022,A,HPE
1/10/2022,A,HPQ
1/10/2022,A,HRL
1/10/2022,A,HSIC
1/10/2022,A,HST
1/10/2022,A,HSY
1/10/2022,A,HUM
1/10/2022,A,HWM
1/10/2022,A,IBM
1/10/2022,A,ICE
1/10/2022,A,IDXX
1/10/2022,A,IEX
1/10/2022,A,IFF
1/10/2022,A,ILMN
1/10/2022,A,INCY
1/10/2022,A,INFO
1/10/2022,A,INTC
1/10/2022,A,INTU
1/10/2022,A,IP
1/10/2022,A,IPG
1/10/2022,A,IPGP
1/10/2022,A,IQV
1/10/2022,A,IR
1/10/2022,A,IRM
1/10/2022,A,ISRG
1/10/2022,A,IT
1/10/2022,A,ITW
1/10/2022,A,IVZ
1/10/2022,A,J
1/10/2022,A,JBHT
1/10/2022,A,JCI
1/10/2022,A,JKHY
1/10/2022,A,JNJ
1/10/2022,A,JNPR
1/10/2022,A,JPM
1/10/2022,A,K
1/10/2022,A,KEY
1/10/2022,A,KEYS
1/10/2022,A,KHC
1/10/2022,A,KIM
1/10/2022,A,KLAC
1/10/2022,A,KMB
1/10/2022,A,KMI
1/10/2022,A,KMX
1/10/2022,A,KO
1/10/2022,A,KR
1/10/2022,A,L
1/10/2022,A,LDOS
1/10/2022,A,LEN
1/10/2022,A,LH
1/10/2022,A,LHX
1/10/2022,A,LIN
1/10/2022,A,LKQ
1/10/2022,A,LLY
1/10/2022,A,LMT
1/10/2022,A,LNC
1/10/2022,A,LNT
1/10/2022,A,LOW
1/10/2022,A,LRCX
1/10/2022,A,LUMN
1/10/2022,A,LUV
1/10/2022,A,LVS
1/10/2022,A,LW
1/10/2022,A,LYB
1/10/2022,A,LYV
1/10/2022,A,MA
1/10/2022,A,MAA
1/10/2022,A,MAR
1/10/2022,A,MAS
1/10/2022,A,MCD
1/10/2022,A,MCHP
1/10/2022,A,MCK
1/10/2022,A,MCO
1/10/2022,A,MDLZ
1/10/2022,A,MDT
1/10/2022,A,MET
1/10/2022,A,MGM
1/10/2022,A,MHK
1/10/2022,A,MKC
1/10/2022,A,MKTX
1/10/2022,A,MLM
1/10/2022,A,MMC
1/10/2022,A,MMM
1/10/2022,A,MNST
1/10/2022,A,MO
1/10/2022,A,MOS
1/10/2022,A,MPC
1/10/2022,A,MPWR
1/10/2022,A,MRK
1/10/2022,A,MRNA
1/10/2022,A,MRO
1/10/2022,A,MS
1/10/2022,A,MSCI
1/10/2022,A,MSFT
1/10/2022,A,MSI
1/10/2022,A,MTB
1/10/2022,A,MTCH
1/10/2022,A,MTD
1/10/2022,A,MU
1/10/2022,A,NCLH
1/10/2022,A,NDAQ
1/10/2022,A,NEE
1/10/2022,A,NEM
1/10/2022,A,NFLX
1/10/2022,A,NI
1/10/2022,A,NKE
1/10/2022,A,NLOK
1/10/2022,A,NLSN
1/10/2022,A,NOC
1/10/2022,A,NOW
1/10/2022,A,NRG
1/10/2022,A,NSC
1/10/2022,A,NTAP
1/10/2022,A,NTRS
1/10/2022,A,NUE
1/10/2022,A,NVDA
1/10/2022,A,NVR
1/10/2022,A,NWL
1/10/2022,A,NWS
1/10/2022,A,NWSA
1/10/2022,A,NXPI
1/10/2022,A,O
1/10/2022,A,ODFL
1/10/2022,A,OGN
1/10/2022,A,OKE
1/10/2022,A,OMC
1/10/2022,A,ORCL
1/10/2022,A,ORLY
1/10/2022,A,OTIS
1/10/2022,A,OXY
1/10/2022,A,PAYC
1/10/2022,A,PAYX
1/10/2022,A,PBCT
1/10/2022,A,PCAR
1/10/2022,A,PEAK
1/10/2022,A,PEG
1/10/2022,A,PENN
1/10/2022,A,PEP
1/10/2022,A,PFE
1/10/2022,A,PFG
1/10/2022,A,PG
1/10/2022,A,PGR
1/10/2022,A,PH
1/10/2022,A,PHM
1/10/2022,A,PKG
1/10/2022,A,PKI
1/10/2022,A,PLD
1/10/2022,A,PM
1/10/2022,A,PNC
1/10/2022,A,PNR
1/10/2022,A,PNW
1/10/2022,A,POOL
1/10/2022,A,PPG
1/10/2022,A,PPL
1/10/2022,A,PRU
1/10/2022,A,PSA
1/10/2022,A,PSX
1/10/2022,A,PTC
1/10/2022,A,PVH
1/10/2022,A,PWR
1/10/2022,A,PXD
1/10/2022,A,PYPL
1/10/2022,A,QCOM
1/10/2022,A,QRVO
1/10/2022,A,RCL
1/10/2022,A,RE
1/10/2022,A,REG
1/10/2022,A,REGN
1/10/2022,A,RF
1/10/2022,A,RHI
1/10/2022,A,RJF
1/10/2022,A,RL
1/10/2022,A,RMD
1/10/2022,A,ROK
1/10/2022,A,ROL
1/10/2022,A,ROP
1/10/2022,A,ROST
1/10/2022,A,RSG
1/10/2022,A,RTX
1/10/2022,A,SBAC
1/10/2022,A,SBNY
1/10/2022,A,SBUX
1/10/2022,A,SCHW
1/10/2022,A,SEDG
1/10/2022,A,SEE
1/10/2022,A,SHW
1/10/2022,A,SIVB
1/10/2022,A,SJM
1/10/2022,A,SLB
1/10/2022,A,SNA
1/10/2022,A,SNPS
1/10/2022,A,SO
1/10/2022,A,SPG
1/10/2022,A,SPGI
1/10/2022,A,SRE
1/10/2022,A,STE
1/10/2022,A,STT
1/10/2022,A,STX
1/10/2022,A,STZ
1/10/2022,A,SWK
1/10/2022,A,SWKS
1/10/2022,A,SYF
1/10/2022,A,SYK
1/10/2022,A,SYY
1/10/2022,A,T
1/10/2022,A,TAP
1/10/2022,A,TDG
1/10/2022,A,TDY
1/10/2022,A,TECH
1/10/2022,A,TEL
1/10/2022,A,TER
1/10/2022,A,TFC
1/10/2022,A,TFX
1/10/2022,A,TGT
1/10/2022,A,TJX
1/10/2022,A,TMO
1/10/2022,A,TMUS
1/10/2022,A,TPR
1/10/2022,A,TRMB
1/10/2022,A,TROW
1/10/2022,A,TRV
1/10/2022,A,TSCO
1/10/2022,A,TSLA
1/10/2022,A,TSN
1/10/2022,A,TT
1/10/2022,A,TTWO
1/10/2022,A,TWTR
1/10/2022,A,TXN
1/10/2022,A,TXT
1/10/2022,A,TYL
1/10/2022,A,UA
1/10/2022,A,UAA
1/10/2022,A,UAL
1/10/2022,A,UDR
1/10/2022,A,UHS
1/10/2022,A,ULTA
1/10/2022,A,UNH
1/10/2022,A,UNP
1/10/2022,A,UPS
1/10/2022,A,URI
1/10/2022,A,USB
1/10/2022,A,V
1/10/2022,A,VFC
1/10/2022,A,VIAC
1/10/2022,A,VLO
1/10/2022,A,VMC
1/10/2022,A,VNO
1/10/2022,A,VRSK
1/10/2022,A,VRSN
1/10/2022,A,VRTX
1/10/2022,A,VTR
1/10/2022,A,VTRS
1/10/2022,A,VZ
1/10/2022,A,WAB
1/10/2022,A,WAT
1/10/2022,A,WBA
1/10/2022,A,WDC
1/10/2022,A,WEC
1/10/2022,A,WELL
1/10/2022,A,WFC
1/10/2022,A,WHR
1/10/2022,A,WM
1/10/2022,A,WMB
1/10/2022,A,WMT
1/10/2022,A,WRB
1/10/2022,A,WRK
1/10/2022,A,WST
1/10/2022,A,WTW
1/10/2022,A,WY
1/10/2022,A,WYNN
1/10/2022,A,XEL
1/10/2022,A,XLNX
1/10/2022,A,XOM
1/10/2022,A,XRAY
1/10/2022,A,XYL
1/10/2022,A,YUM
1/10/2022,A,ZBH
1/10/2022,A,ZBRA
1/10/2022,A,ZION
1/10/2022,A,ZTS
4/4/2022,A,AAL
4/4/2022,A,AAP
4/4/2022,A,AAPL
4/4/2022,A,ABBV
4/4/2022,A,ABC
4/4/2022,A,ABMD
4/4/2022,A,ABT
4/4/2022,A,ACN
4/4/2022,A,ADBE
4/4/2022,A,ADI
4/4/2022,A,ADM
4/4/2022,A,ADP
4/4/2022,A,ADSK
4/4/2022,A,AEE
4/4/2022,A,AEP
4/4/2022,A,AES
4/4/2022,A,AFL
4/4/2022,A,AIG
4/4/2022,A,AIZ
4/4/2022,A,AJG
4/4/2022,A,AKAM
4/4/2022,A,ALB
4/4/2022,A,ALGN
4/4/2022,A,ALK
4/4/2022,A,ALL
4/4/2022,A,ALLE
4/4/2022,A,AMAT
4/4/2022,A,AMCR
4/4/2022,A,AMD
4/4/2022,A,AME
4/4/2022,A,AMGN
4/4/2022,A,AMP
4/4/2022,A,AMT
4/4/2022,A,AMZN
4/4/2022,A,ANET
4/4/2022,A,ANSS
4/4/2022,A,ANTM
4/4/2022,A,AON
4/4/2022,A,AOS
4/4/2022,A,APA
4/4/2022,A,APD
4/4/2022,A,APH
4/4/2022,A,APTV
4/4/2022,A,ARE
4/4/2022,A,ATO
4/4/2022,A,ATVI
4/4/2022,A,AVB
4/4/2022,A,AVGO
4/4/2022,A,AVY
4/4/2022,A,AWK
4/4/2022,A,AXP
4/4/2022,A,AZO
4/4/2022,A,BA
4/4/2022,A,BAC
4/4/2022,A,BAX
4/4/2022,A,BBWI
4/4/2022,A,BBY
4/4/2022,A,BDX
4/4/2022,A,BEN
4/4/2022,A,BF.B
4/4/2022,A,BIIB
4/4/2022,A,BIO
4/4/2022,A,BK
4/4/2022,A,BKNG
4/4/2022,A,BKR
4/4/2022,A,BLK
4/4/2022,A,BLL
4/4/2022,A,BMY
4/4/2022,A,BR
4/4/2022,A,BRK.B
4/4/2022,A,BRO
4/4/2022,A,BSX
4/4/2022,A,BWA
4/4/2022,A,BXP
4/4/2022,A,C
4/4/2022,A,CAG
4/4/2022,A,CAH
4/4/2022,A,CARR
4/4/2022,A,CAT
4/4/2022,A,CB
4/4/2022,A,CBOE
4/4/2022,A,CBRE
4/4/2022,A,CCI
4/4/2022,A,CCL
4/4/2022,A,CDAY
4/4/2022,A,CDNS
4/4/2022,A,CDW
4/4/2022,A,CE
4/4/2022,A,CEG
4/4/2022,A,CERN
4/4/2022,A,CF
4/4/2022,A,CFG
4/4/2022,A,CHD
4/4/2022,A,CHRW
4/4/2022,A,CHTR
4/4/2022,A,CI
4/4/2022,A,CINF
4/4/2022,A,CL
4/4/2022,A,CLX
4/4/2022,A,CMA
4/4/2022,A,CMCSA
4/4/2022,A,CME
4/4/2022,A,CMG
4/4/2022,A,CMI
4/4/2022,A,CMS
4/4/2022,A,CNC
4/4/2022,A,CNP
4/4/2022,A,COF
4/4/2022,A,COO
4/4/2022,A,COP
4/4/2022,A,COST
4/4/2022,A,CPB
4/4/2022,A,CPRT
4/4/2022,A,CPT
4/4/2022,A,CRL
4/4/2022,A,CRM
4/4/2022,A,CSCO
4/4/2022,A,CSX
4/4/2022,A,CTAS
4/4/2022,A,CTLT
4/4/2022,A,CTRA
4/4/2022,A,CTSH
4/4/2022,A,CTVA
4/4/2022,A,CTXS
4/4/2022,A,CVS
4/4/2022,A,CVX
4/4/2022,A,CZR
4/4/2022,A,D
4/4/2022,A,DAL
4/4/2022,A,DD
4/4/2022,A,DE
4/4/2022,A,DFS
4/4/2022,A,DG
4/4/2022,A,DGX
4/4/2022,A,DHI
4/4/2022,A,DHR
4/4/2022,A,DIS
4/4/2022,A,DISCA
4/4/2022,A,DISCK
4/4/2022,A,DISH
4/4/2022,A,DLR
4/4/2022,A,DLTR
4/4/2022,A,DOV
4/4/2022,A,DOW
4/4/2022,A,DPZ
4/4/2022,A,DRE
4/4/2022,A,DRI
4/4/2022,A,DTE
4/4/2022,A,DUK
4/4/2022,A,DVA
4/4/2022,A,DVN
4/4/2022,A,DXC
4/4/2022,A,DXCM
4/4/2022,A,EA
4/4/2022,A,EBAY
4/4/2022,A,ECL
4/4/2022,A,ED
4/4/2022,A,EFX
4/4/2022,A,EIX
4/4/2022,A,EL
4/4/2022,A,EMN
4/4/2022,A,EMR
4/4/2022,A,ENPH
4/4/2022,A,EOG
4/4/2022,A,EPAM
4/4/2022,A,EQIX
4/4/2022,A,EQR
4/4/2022,A,ES
4/4/2022,A,ESS
4/4/2022,A,ETN
4/4/2022,A,ETR
4/4/2022,A,ETSY
4/4/2022,A,EVRG
4/4/2022,A,EW
4/4/2022,A,EXC
4/4/2022,A,EXPD
4/4/2022,A,EXPE
4/4/2022,A,EXR
4/4/2022,A,F
4/4/2022,A,FANG
4/4/2022,A,FAST
4/4/2022,A,FB
4/4/2022,A,FBHS
4/4/2022,A,FCX
4/4/2022,A,FDS
4/4/2022,A,FDX
4/4/2022,A,FE
4/4/2022,A,FFIV
4/4/2022,A,FIS
4/4/2022,A,FISV
4/4/2022,A,FITB
4/4/2022,A,FLT
4/4/2022,A,FMC
4/4/2022,A,FOX
4/4/2022,A,FOXA
4/4/2022,A,FRC
4/4/2022,A,FRT
4/4/2022,A,FTNT
4/4/2022,A,FTV
4/4/2022,A,GD
4/4/2022,A,GE
4/4/2022,A,GILD
4/4/2022,A,GIS
4/4/2022,A,GL
4/4/2022,A,GLW
4/4/2022,A,GM
4/4/2022,A,GNRC
4/4/2022,A,GOOG
4/4/2022,A,GOOGL
4/4/2022,A,GPC
4/4/2022,A,GPN
4/4/2022,A,GRMN
4/4/2022,A,GS
4/4/2022,A,GWW
4/4/2022,A,HAL
4/4/2022,A,HAS
4/4/2022,A,HBAN
4/4/2022,A,HCA
4/4/2022,A,HD
4/4/2022,A,HES
4/4/2022,A,HIG
4/4/2022,A,HII
4/4/2022,A,HLT
4/4/2022,A,HOLX
4/4/2022,A,HON
4/4/2022,A,HPE
4/4/2022,A,HPQ
4/4/2022,A,HRL
4/4/2022,A,HSIC
4/4/2022,A,HST
4/4/2022,A,HSY
4/4/2022,A,HUM
4/4/2022,A,HWM
4/4/2022,A,IBM
4/4/2022,A,ICE
4/4/2022,A,IDXX
4/4/2022,A,IEX
4/4/2022,A,IFF
4/4/2022,A,ILMN
4/4/2022,A,INCY
4/4/2022,A,INTC
4/4/2022,A,INTU
4/4/2022,A,IP
4/4/2022,A,IPG
4/4/2022,A,IPGP
4/4/2022,A,IQV
4/4/2022,A,IR
4/4/2022,A,IRM
4/4/2022,A,ISRG
4/4/2022,A,IT
4/4/2022,A,ITW
4/4/2022,A,IVZ
4/4/2022,A,J
4/4/2022,A,JBHT
4/4/2022,A,JCI
4/4/2022,A,JKHY
4/4/2022,A,JNJ
4/4/2022,A,JNPR
4/4/2022,A,JPM
4/4/2022,A,K
4/4/2022,A,KEY
4/4/2022,A,KEYS
4/4/2022,A,KHC
4/4/2022,A,KIM
4/4/2022,A,KLAC
4/4/2022,A,KMB
4/4/2022,A,KMI
4/4/2022,A,KMX
4/4/2022,A,KO
4/4/2022,A,KR
4/4/2022,A,L
4/4/2022,A,LDOS
4/4/2022,A,LEN
4/4/2022,A,LH
4/4/2022,A,LHX
4/4/2022,A,LIN
4/4/2022,A,LKQ
4/4/2022,A,LLY
4/4/2022,A,LMT
4/4/2022,A,LNC
4/4/2022,A,LNT
4/4/2022,A,LOW
4/4/2022,A,LRCX
4/4/2022,A,LUMN
4/4/2022,A,LUV
4/4/2022,A,LVS
4/4/2022,A,LW
4/4/2022,A,LYB
4/4/2022,A,LYV
4/4/2022,A,MA
4/4/2022,A,MAA
4/4/2022,A,MAR
4/4/2022,A,MAS
4/4/2022,A,MCD
4/4/2022,A,MCHP
4/4/2022,A,MCK
4/4/2022,A,MCO
4/4/2022,A,MDLZ
4/4/2022,A,MDT
4/4/2022,A,MET
4/4/2022,A,MGM
4/4/2022,A,MHK
4/4/2022,A,MKC
4/4/2022,A,MKTX
4/4/2022,A,MLM
4/4/2022,A,MMC
4/4/2022,A,MMM
4/4/2022,A,MNST
4/4/2022,A,MO
4/4/2022,A,MOH
4/4/2022,A,MOS
4/4/2022,A,MPC
4/4/2022,A,MPWR
4/4/2022,A,MRK
4/4/2022,A,MRNA
4/4/2022,A,MRO
4/4/2022,A,MS
4/4/2022,A,MSCI
4/4/2022,A,MSFT
4/4/2022,A,MSI
4/4/2022,A,MTB
4/4/2022,A,MTCH
4/4/2022,A,MTD
4/4/2022,A,MU
4/4/2022,A,NCLH
4/4/2022,A,NDAQ
4/4/2022,A,NDSN
4/4/2022,A,NEE
4/4/2022,A,NEM
4/4/2022,A,NFLX
4/4/2022,A,NI
4/4/2022,A,NKE
4/4/2022,A,NLOK
4/4/2022,A,NLSN
4/4/2022,A,NOC
4/4/2022,A,NOW
4/4/2022,A,NRG
4/4/2022,A,NSC
4/4/2022,A,NTAP
4/4/2022,A,NTRS
4/4/2022,A,NUE
4/4/2022,A,NVDA
4/4/2022,A,NVR
4/4/2022,A,NWL
4/4/2022,A,NWS
4/4/2022,A,NWSA
4/4/2022,A,NXPI
4/4/2022,A,O
4/4/2022,A,ODFL
4/4/2022,A,OGN
4/4/2022,A,OKE
4/4/2022,A,OMC
4/4/2022,A,ORCL
4/4/2022,A,ORLY
4/4/2022,A,OTIS
4/4/2022,A,OXY
4/4/2022,A,PARA
4/4/2022,A,PAYC
4/4/2022,A,PAYX
4/4/2022,A,PCAR
4/4/2022,A,PEAK
4/4/2022,A,PEG
4/4/2022,A,PENN
4/4/2022,A,PEP
4/4/2022,A,PFE
4/4/2022,A,PFG
4/4/2022,A,PG
4/4/2022,A,PGR
4/4/2022,A,PH
4/4/2022,A,PHM
4/4/2022,A,PKG
4/4/2022,A,PKI
4/4/2022,A,PLD
4/4/2022,A,PM
4/4/2022,A,PNC
4/4/2022,A,PNR
4/4/2022,A,PNW
4/4/2022,A,POOL
4/4/2022,A,PPG
4/4/2022,A,PPL
4/4/2022,A,PRU
4/4/2022,A,PSA
4/4/2022,A,PSX
4/4/2022,A,PTC
4/4/2022,A,PVH
4/4/2022,A,PWR
4/4/2022,A,PXD
4/4/2022,A,PYPL
4/4/2022,A,QCOM
4/4/2022,A,QRVO
4/4/2022,A,RCL
4/4/2022,A,RE
4/4/2022,A,REG
4/4/2022,A,REGN
4/4/2022,A,RF
4/4/2022,A,RHI
4/4/2022,A,RJF
4/4/2022,A,RL
4/4/2022,A,RMD
4/4/2022,A,ROK
4/4/2022,A,ROL
4/4/2022,A,ROP
4/4/2022,A,ROST
4/4/2022,A,RSG
4/4/2022,A,RTX
4/4/2022,A,SBAC
4/4/2022,A,SBNY
4/4/2022,A,SBUX
4/4/2022,A,SCHW
4/4/2022,A,SEDG
4/4/2022,A,SEE
4/4/2022,A,SHW
4/4/2022,A,SIVB
4/4/2022,A,SJM
4/4/2022,A,SLB
4/4/2022,A,SNA
4/4/2022,A,SNPS
4/4/2022,A,SO
4/4/2022,A,SPG
4/4/2022,A,SPGI
4/4/2022,A,SRE
4/4/2022,A,STE
4/4/2022,A,STT
4/4/2022,A,STX
4/4/2022,A,STZ
4/4/2022,A,SWK
4/4/2022,A,SWKS
4/4/2022,A,SYF
4/4/2022,A,SYK
4/4/2022,A,SYY
4/4/2022,A,T
4/4/2022,A,TAP
4/4/2022,A,TDG
4/4/2022,A,TDY
4/4/2022,A,TECH
4/4/2022,A,TEL
4/4/2022,A,TER
4/4/2022,A,TFC
4/4/2022,A,TFX
4/4/2022,A,TGT
4/4/2022,A,TJX
4/4/2022,A,TMO
4/4/2022,A,TMUS
4/4/2022,A,TPR
4/4/2022,A,TRMB
4/4/2022,A,TROW
4/4/2022,A,TRV
4/4/2022,A,TSCO
4/4/2022,A,TSLA
4/4/2022,A,TSN
4/4/2022,A,TT
4/4/2022,A,TTWO
4/4/2022,A,TWTR
4/4/2022,A,TXN
4/4/2022,A,TXT
4/4/2022,A,TYL
4/4/2022,A,UA
4/4/2022,A,UAA
4/4/2022,A,UAL
4/4/2022,A,UDR
4/4/2022,A,UHS
4/4/2022,A,ULTA
4/4/2022,A,UNH
4/4/2022,A,UNP
4/4/2022,A,UPS
4/4/2022,A,URI
4/4/2022,A,USB
4/4/2022,A,V
4/4/2022,A,VFC
4/4/2022,A,VLO
4/4/2022,A,VMC
4/4/2022,A,VNO
4/4/2022,A,VRSK
4/4/2022,A,VRSN
4/4/2022,A,VRTX
4/4/2022,A,VTR
4/4/2022,A,VTRS
4/4/2022,A,VZ
4/4/2022,A,WAB
4/4/2022,A,WAT
4/4/2022,A,WBA
4/4/2022,A,WDC
4/4/2022,A,WEC
4/4/2022,A,WELL
4/4/2022,A,WFC
4/4/2022,A,WHR
4/4/2022,A,WM
4/4/2022,A,WMB
4/4/2022,A,WMT
4/4/2022,A,WRB
4/4/2022,A,WRK
4/4/2022,A,WST
4/4/2022,A,WTW
4/4/2022,A,WY
4/4/2022,A,WYNN
4/4/2022,A,XEL
4/4/2022,A,XOM
4/4/2022,A,XRAY
4/4/2022,A,XYL
4/4/2022,A,YUM
4/4/2022,A,ZBH
4/4/2022,A,ZBRA
4/4/2022,A,ZION
4/4/2022,A,ZTS
6/28/2022,A,AAL
6/28/2022,A,AAP
6/28/2022,A,AAPL
6/28/2022,A,ABBV
6/28/2022,A,ABC
6/28/2022,A,ABMD
6/28/2022,A,ABT
6/28/2022,A,ACN
6/28/2022,A,ADBE
6/28/2022,A,ADI
6/28/2022,A,ADM
6/28/2022,A,ADP
6/28/2022,A,ADSK
6/28/2022,A,AEE
6/28/2022,A,AEP
6/28/2022,A,AES
6/28/2022,A,AFL
6/28/2022,A,AIG
6/28/2022,A,AIZ
6/28/2022,A,AJG
6/28/2022,A,AKAM
6/28/2022,A,ALB
6/28/2022,A,ALGN
6/28/2022,A,ALK
6/28/2022,A,ALL
6/28/2022,A,ALLE
6/28/2022,A,AMAT
6/28/2022,A,AMCR
6/28/2022,A,AMD
6/28/2022,A,AME
6/28/2022,A,AMGN
6/28/2022,A,AMP
6/28/2022,A,AMT
6/28/2022,A,AMZN
6/28/2022,A,ANET
6/28/2022,A,ANSS
6/28/2022,A,AON
6/28/2022,A,AOS
6/28/2022,A,APA
6/28/2022,A,APD
6/28/2022,A,APH
6/28/2022,A,APTV
6/28/2022,A,ARE
6/28/2022,A,ATO
6/28/2022,A,ATVI
6/28/2022,A,AVB
6/28/2022,A,AVGO
6/28/2022,A,AVY
6/28/2022,A,AWK
6/28/2022,A,AXP
6/28/2022,A,AZO
6/28/2022,A,BA
6/28/2022,A,BAC
6/28/2022,A,BALL
6/28/2022,A,BAX
6/28/2022,A,BBWI
6/28/2022,A,BBY
6/28/2022,A,BDX
6/28/2022,A,BEN
6/28/2022,A,BF.B
6/28/2022,A,BIIB
6/28/2022,A,BIO
6/28/2022,A,BK
6/28/2022,A,BKNG
6/28/2022,A,BKR
6/28/2022,A,BLK
6/28/2022,A,BMY
6/28/2022,A,BR
6/28/2022,A,BRK.B
6/28/2022,A,BRO
6/28/2022,A,BSX
6/28/2022,A,BWA
6/28/2022,A,BXP
6/28/2022,A,C
6/28/2022,A,CAG
6/28/2022,A,CAH
6/28/2022,A,CARR
6/28/2022,A,CAT
6/28/2022,A,CB
6/28/2022,A,CBOE
6/28/2022,A,CBRE
6/28/2022,A,CCI
6/28/2022,A,CCL
6/28/2022,A,CDAY
6/28/2022,A,CDNS
6/28/2022,A,CDW
6/28/2022,A,CE
6/28/2022,A,CEG
6/28/2022,A,CF
6/28/2022,A,CFG
6/28/2022,A,CHD
6/28/2022,A,CHRW
6/28/2022,A,CHTR
6/28/2022,A,CI
6/28/2022,A,CINF
6/28/2022,A,CL
6/28/2022,A,CLX
6/28/2022,A,CMA
6/28/2022,A,CMCSA
6/28/2022,A,CME
6/28/2022,A,CMG
6/28/2022,A,CMI
6/28/2022,A,CMS
6/28/2022,A,CNC
6/28/2022,A,CNP
6/28/2022,A,COF
6/28/2022,A,COO
6/28/2022,A,COP
6/28/2022,A,COST
6/28/2022,A,CPB
6/28/2022,A,CPRT
6/28/2022,A,CPT
6/28/2022,A,CRL
6/28/2022,A,CRM
6/28/2022,A,CSCO
6/28/2022,A,CSX
6/28/2022,A,CTAS
6/28/2022,A,CTLT
6/28/2022,A,CTRA
6/28/2022,A,CTSH
6/28/2022,A,CTVA
6/28/2022,A,CTXS
6/28/2022,A,CVS
6/28/2022,A,CVX
6/28/2022,A,CZR
6/28/2022,A,D
6/28/2022,A,DAL
6/28/2022,A,DD
6/28/2022,A,DE
6/28/2022,A,DFS
6/28/2022,A,DG
6/28/2022,A,DGX
6/28/2022,A,DHI
6/28/2022,A,DHR
6/28/2022,A,DIS
6/28/2022,A,DISH
6/28/2022,A,DLR
6/28/2022,A,DLTR
6/28/2022,A,DOV
6/28/2022,A,DOW
6/28/2022,A,DPZ
6/28/2022,A,DRE
6/28/2022,A,DRI
6/28/2022,A,DTE
6/28/2022,A,DUK
6/28/2022,A,DVA
6/28/2022,A,DVN
6/28/2022,A,DXC
6/28/2022,A,DXCM
6/28/2022,A,EA
6/28/2022,A,EBAY
6/28/2022,A,ECL
6/28/2022,A,ED
6/28/2022,A,EFX
6/28/2022,A,EIX
6/28/2022,A,EL
6/28/2022,A,ELV
6/28/2022,A,EMN
6/28/2022,A,EMR
6/28/2022,A,ENPH
6/28/2022,A,EOG
6/28/2022,A,EPAM
6/28/2022,A,EQIX
6/28/2022,A,EQR
6/28/2022,A,ES
6/28/2022,A,ESS
6/28/2022,A,ETN
6/28/2022,A,ETR
6/28/2022,A,ETSY
6/28/2022,A,EVRG
6/28/2022,A,EW
6/28/2022,A,EXC
6/28/2022,A,EXPD
6/28/2022,A,EXPE
6/28/2022,A,EXR
6/28/2022,A,F
6/28/2022,A,FANG
6/28/2022,A,FAST
6/28/2022,A,FBHS
6/28/2022,A,FCX
6/28/2022,A,FDS
6/28/2022,A,FDX
6/28/2022,A,FE
6/28/2022,A,FFIV
6/28/2022,A,FIS
6/28/2022,A,FISV
6/28/2022,A,FITB
6/28/2022,A,FLT
6/28/2022,A,FMC
6/28/2022,A,FOX
6/28/2022,A,FOXA
6/28/2022,A,FRC
6/28/2022,A,FRT
6/28/2022,A,FTNT
6/28/2022,A,FTV
6/28/2022,A,GD
6/28/2022,A,GE
6/28/2022,A,GILD
6/28/2022,A,GIS
6/28/2022,A,GL
6/28/2022,A,GLW
6/28/2022,A,GM
6/28/2022,A,GNRC
6/28/2022,A,GOOG
6/28/2022,A,GOOGL
6/28/2022,A,GPC
6/28/2022,A,GPN
6/28/2022,A,GRMN
6/28/2022,A,GS
6/28/2022,A,GWW
6/28/2022,A,HAL
6/28/2022,A,HAS
6/28/2022,A,HBAN
6/28/2022,A,HCA
6/28/2022,A,HD
6/28/2022,A,HES
6/28/2022,A,HIG
6/28/2022,A,HII
6/28/2022,A,HLT
6/28/2022,A,HOLX
6/28/2022,A,HON
6/28/2022,A,HPE
6/28/2022,A,HPQ
6/28/2022,A,HRL
6/28/2022,A,HSIC
6/28/2022,A,HST
6/28/2022,A,HSY
6/28/2022,A,HUM
6/28/2022,A,HWM
6/28/2022,A,IBM
6/28/2022,A,ICE
6/28/2022,A,IDXX
6/28/2022,A,IEX
6/28/2022,A,IFF
6/28/2022,A,ILMN
6/28/2022,A,INCY
6/28/2022,A,INTC
6/28/2022,A,INTU
6/28/2022,A,IP
6/28/2022,A,IPG
6/28/2022,A,IQV
6/28/2022,A,IR
6/28/2022,A,IRM
6/28/2022,A,ISRG
6/28/2022,A,IT
6/28/2022,A,ITW
6/28/2022,A,IVZ
6/28/2022,A,J
6/28/2022,A,JBHT
6/28/2022,A,JCI
6/28/2022,A,JKHY
6/28/2022,A,JNJ
6/28/2022,A,JNPR
6/28/2022,A,JPM
6/28/2022,A,K
6/28/2022,A,KDP
6/28/2022,A,KEY
6/28/2022,A,KEYS
6/28/2022,A,KHC
6/28/2022,A,KIM
6/28/2022,A,KLAC
6/28/2022,A,KMB
6/28/2022,A,KMI
6/28/2022,A,KMX
6/28/2022,A,KO
6/28/2022,A,KR
6/28/2022,A,L
6/28/2022,A,LDOS
6/28/2022,A,LEN
6/28/2022,A,LH
6/28/2022,A,LHX
6/28/2022,A,LIN
6/28/2022,A,LKQ
6/28/2022,A,LLY
6/28/2022,A,LMT
6/28/2022,A,LNC
6/28/2022,A,LNT
6/28/2022,A,LOW
6/28/2022,A,LRCX
6/28/2022,A,LUMN
6/28/2022,A,LUV
6/28/2022,A,LVS
6/28/2022,A,LW
6/28/2022,A,LYB
6/28/2022,A,LYV
6/28/2022,A,MA
6/28/2022,A,MAA
6/28/2022,A,MAR
6/28/2022,A,MAS
6/28/2022,A,MCD
6/28/2022,A,MCHP
6/28/2022,A,MCK
6/28/2022,A,MCO
6/28/2022,A,MDLZ
6/28/2022,A,MDT
6/28/2022,A,MET
6/28/2022,A,META
6/28/2022,A,MGM
6/28/2022,A,MHK
6/28/2022,A,MKC
6/28/2022,A,MKTX
6/28/2022,A,MLM
6/28/2022,A,MMC
6/28/2022,A,MMM
6/28/2022,A,MNST
6/28/2022,A,MO
6/28/2022,A,MOH
6/28/2022,A,MOS
6/28/2022,A,MPC
6/28/2022,A,MPWR
6/28/2022,A,MRK
6/28/2022,A,MRNA
6/28/2022,A,MRO
6/28/2022,A,MS
6/28/2022,A,MSCI
6/28/2022,A,MSFT
6/28/2022,A,MSI
6/28/2022,A,MTB
6/28/2022,A,MTCH
6/28/2022,A,MTD
6/28/2022,A,MU
6/28/2022,A,NCLH
6/28/2022,A,NDAQ
6/28/2022,A,NDSN
6/28/2022,A,NEE
6/28/2022,A,NEM
6/28/2022,A,NFLX
6/28/2022,A,NI
6/28/2022,A,NKE
6/28/2022,A,NLOK
6/28/2022,A,NLSN
6/28/2022,A,NOC
6/28/2022,A,NOW
6/28/2022,A,NRG
6/28/2022,A,NSC
6/28/2022,A,NTAP
6/28/2022,A,NTRS
6/28/2022,A,NUE
6/28/2022,A,NVDA
6/28/2022,A,NVR
6/28/2022,A,NWL
6/28/2022,A,NWS
6/28/2022,A,NWSA
6/28/2022,A,NXPI
6/28/2022,A,O
6/28/2022,A,ODFL
6/28/2022,A,OGN
6/28/2022,A,OKE
6/28/2022,A,OMC
6/28/2022,A,ON
6/28/2022,A,ORCL
6/28/2022,A,ORLY
6/28/2022,A,OTIS
6/28/2022,A,OXY
6/28/2022,A,PARA
6/28/2022,A,PAYC
6/28/2022,A,PAYX
6/28/2022,A,PCAR
6/28/2022,A,PEAK
6/28/2022,A,PEG
6/28/2022,A,PENN
6/28/2022,A,PEP
6/28/2022,A,PFE
6/28/2022,A,PFG
6/28/2022,A,PG
6/28/2022,A,PGR
6/28/2022,A,PH
6/28/2022,A,PHM
6/28/2022,A,PKG
6/28/2022,A,PKI
6/28/2022,A,PLD
6/28/2022,A,PM
6/28/2022,A,PNC
6/28/2022,A,PNR
6/28/2022,A,PNW
6/28/2022,A,POOL
6/28/2022,A,PPG
6/28/2022,A,PPL
6/28/2022,A,PRU
6/28/2022,A,PSA
6/28/2022,A,PSX
6/28/2022,A,PTC
6/28/2022,A,PVH
6/28/2022,A,PWR
6/28/2022,A,PXD
6/28/2022,A,PYPL
6/28/2022,A,QCOM
6/28/2022,A,QRVO
6/28/2022,A,RCL
6/28/2022,A,RE
6/28/2022,A,REG
6/28/2022,A,REGN
6/28/2022,A,RF
6/28/2022,A,RHI
6/28/2022,A,RJF
6/28/2022,A,RL
6/28/2022,A,RMD
6/28/2022,A,ROK
6/28/2022,A,ROL
6/28/2022,A,ROP
6/28/2022,A,ROST
6/28/2022,A,RSG
6/28/2022,A,RTX
6/28/2022,A,SBAC
6/28/2022,A,SBNY
6/28/2022,A,SBUX
6/28/2022,A,SCHW
6/28/2022,A,SEDG
6/28/2022,A,SEE
6/28/2022,A,SHW
6/28/2022,A,SIVB
6/28/2022,A,SJM
6/28/2022,A,SLB
6/28/2022,A,SNA
6/28/2022,A,SNPS
6/28/2022,A,SO
6/28/2022,A,SPG
6/28/2022,A,SPGI
6/28/2022,A,SRE
6/28/2022,A,STE
6/28/2022,A,STT
6/28/2022,A,STX
6/28/2022,A,STZ
6/28/2022,A,SWK
6/28/2022,A,SWKS
6/28/2022,A,SYF
6/28/2022,A,SYK
6/28/2022,A,SYY
6/28/2022,A,T
6/28/2022,A,TAP
6/28/2022,A,TDG
6/28/2022,A,TDY
6/28/2022,A,TECH
6/28/2022,A,TEL
6/28/2022,A,TER
6/28/2022,A,TFC
6/28/2022,A,TFX
6/28/2022,A,TGT
6/28/2022,A,TJX
6/28/2022,A,TMO
6/28/2022,A,TMUS
6/28/2022,A,TPR
6/28/2022,A,TRMB
6/28/2022,A,TROW
6/28/2022,A,TRV
6/28/2022,A,TSCO
6/28/2022,A,TSLA
6/28/2022,A,TSN
6/28/2022,A,TT
6/28/2022,A,TTWO
6/28/2022,A,TWTR
6/28/2022,A,TXN
6/28/2022,A,TXT
6/28/2022,A,TYL
6/28/2022,A,UAL
6/28/2022,A,UDR
6/28/2022,A,UHS
6/28/2022,A,ULTA
6/28/2022,A,UNH
6/28/2022,A,UNP
6/28/2022,A,UPS
6/28/2022,A,URI
6/28/2022,A,USB
6/28/2022,A,V
6/28/2022,A,VFC
6/28/2022,A,VICI
6/28/2022,A,VLO
6/28/2022,A,VMC
6/28/2022,A,VNO
6/28/2022,A,VRSK
6/28/2022,A,VRSN
6/28/2022,A,VRTX
6/28/2022,A,VTR
6/28/2022,A,VTRS
6/28/2022,A,VZ
6/28/2022,A,WAB
6/28/2022,A,WAT
6/28/2022,A,WBA
6/28/2022,A,WBD
6/28/2022,A,WDC
6/28/2022,A,WEC
6/28/2022,A,WELL
6/28/2022,A,WFC
6/28/2022,A,WHR
6/28/2022,A,WM
6/28/2022,A,WMB
6/28/2022,A,WMT
6/28/2022,A,WRB
6/28/2022,A,WRK
6/28/2022,A,WST
6/28/2022,A,WTW
6/28/2022,A,WY
6/28/2022,A,WYNN
6/28/2022,A,XEL
6/28/2022,A,XOM
6/28/2022,A,XRAY
6/28/2022,A,XYL
6/28/2022,A,YUM
6/28/2022,A,ZBH
6/28/2022,A,ZBRA
6/28/2022,A,ZION
6/28/2022,A,ZTS
10/3/2022,A,AAL
10/3/2022,A,AAP
10/3/2022,A,AAPL
10/3/2022,A,ABBV
10/3/2022,A,ABC
10/3/2022,A,ABMD
10/3/2022,A,ABT
10/3/2022,A,ACN
10/3/2022,A,ADBE
10/3/2022,A,ADI
10/3/2022,A,ADM
10/3/2022,A,ADP
10/3/2022,A,ADSK
10/3/2022,A,AEE
10/3/2022,A,AEP
10/3/2022,A,AES
10/3/2022,A,AFL
10/3/2022,A,AIG
10/3/2022,A,AIZ
10/3/2022,A,AJG
10/3/2022,A,AKAM
10/3/2022,A,ALB
10/3/2022,A,ALGN
10/3/2022,A,ALK
10/3/2022,A,ALL
10/3/2022,A,ALLE
10/3/2022,A,AMAT
10/3/2022,A,AMCR
10/3/2022,A,AMD
10/3/2022,A,AME
10/3/2022,A,AMGN
10/3/2022,A,AMP
10/3/2022,A,AMT
10/3/2022,A,AMZN
10/3/2022,A,ANET
10/3/2022,A,ANSS
10/3/2022,A,AON
10/3/2022,A,AOS
10/3/2022,A,APA
10/3/2022,A,APD
10/3/2022,A,APH
10/3/2022,A,APTV
10/3/2022,A,ARE
10/3/2022,A,ATO
10/3/2022,A,ATVI
10/3/2022,A,AVB
10/3/2022,A,AVGO
10/3/2022,A,AVY
10/3/2022,A,AWK
10/3/2022,A,AXP
10/3/2022,A,AZO
10/3/2022,A,BA
10/3/2022,A,BAC
10/3/2022,A,BALL
10/3/2022,A,BAX
10/3/2022,A,BBWI
10/3/2022,A,BBY
10/3/2022,A,BDX
10/3/2022,A,BEN
10/3/2022,A,BF.B
10/3/2022,A,BIIB
10/3/2022,A,BIO
10/3/2022,A,BK
10/3/2022,A,BKNG
10/3/2022,A,BKR
10/3/2022,A,BLK
10/3/2022,A,BMY
10/3/2022,A,BR
10/3/2022,A,BRK.B
10/3/2022,A,BRO
10/3/2022,A,BSX
10/3/2022,A,BWA
10/3/2022,A,BXP
10/3/2022,A,C
10/3/2022,A,CAG
10/3/2022,A,CAH
10/3/2022,A,CARR
10/3/2022,A,CAT
10/3/2022,A,CB
10/3/2022,A,CBOE
10/3/2022,A,CBRE
10/3/2022,A,CCI
10/3/2022,A,CCL
10/3/2022,A,CDAY
10/3/2022,A,CDNS
10/3/2022,A,CDW
10/3/2022,A,CE
10/3/2022,A,CEG
10/3/2022,A,CF
10/3/2022,A,CFG
10/3/2022,A,CHD
10/3/2022,A,CHRW
10/3/2022,A,CHTR
10/3/2022,A,CI
10/3/2022,A,CINF
10/3/2022,A,CL
10/3/2022,A,CLX
10/3/2022,A,CMA
10/3/2022,A,CMCSA
10/3/2022,A,CME
10/3/2022,A,CMG
10/3/2022,A,CMI
10/3/2022,A,CMS
10/3/2022,A,CNC
10/3/2022,A,CNP
10/3/2022,A,COF
10/3/2022,A,COO
10/3/2022,A,COP
10/3/2022,A,COST
10/3/2022,A,CPB
10/3/2022,A,CPRT
10/3/2022,A,CPT
10/3/2022,A,CRL
10/3/2022,A,CRM
10/3/2022,A,CSCO
10/3/2022,A,CSGP
10/3/2022,A,CSX
10/3/2022,A,CTAS
10/3/2022,A,CTLT
10/3/2022,A,CTRA
10/3/2022,A,CTSH
10/3/2022,A,CTVA
10/3/2022,A,CVS
10/3/2022,A,CVX
10/3/2022,A,CZR
10/3/2022,A,D
10/3/2022,A,DAL
10/3/2022,A,DD
10/3/2022,A,DE
10/3/2022,A,DFS
10/3/2022,A,DG
10/3/2022,A,DGX
10/3/2022,A,DHI
10/3/2022,A,DHR
10/3/2022,A,DIS
10/3/2022,A,DISH
10/3/2022,A,DLR
10/3/2022,A,DLTR
10/3/2022,A,DOV
10/3/2022,A,DOW
10/3/2022,A,DPZ
10/3/2022,A,DRI
10/3/2022,A,DTE
10/3/2022,A,DUK
10/3/2022,A,DVA
10/3/2022,A,DVN
10/3/2022,A,DXC
10/3/2022,A,DXCM
10/3/2022,A,EA
10/3/2022,A,EBAY
10/3/2022,A,ECL
10/3/2022,A,ED
10/3/2022,A,EFX
10/3/2022,A,EIX
10/3/2022,A,EL
10/3/2022,A,ELV
10/3/2022,A,EMN
10/3/2022,A,EMR
10/3/2022,A,ENPH
10/3/2022,A,EOG
10/3/2022,A,EPAM
10/3/2022,A,EQIX
10/3/2022,A,EQR
10/3/2022,A,EQT
10/3/2022,A,ES
10/3/2022,A,ESS
10/3/2022,A,ETN
10/3/2022,A,ETR
10/3/2022,A,ETSY
10/3/2022,A,EVRG
10/3/2022,A,EW
10/3/2022,A,EXC
10/3/2022,A,EXPD
10/3/2022,A,EXPE
10/3/2022,A,EXR
10/3/2022,A,F
10/3/2022,A,FANG
10/3/2022,A,FAST
10/3/2022,A,FBHS
10/3/2022,A,FCX
10/3/2022,A,FDS
10/3/2022,A,FDX
10/3/2022,A,FE
10/3/2022,A,FFIV
10/3/2022,A,FIS
10/3/2022,A,FISV
10/3/2022,A,FITB
10/3/2022,A,FLT
10/3/2022,A,FMC
10/3/2022,A,FOX
10/3/2022,A,FOXA
10/3/2022,A,FRC
10/3/2022,A,FRT
10/3/2022,A,FTNT
10/3/2022,A,FTV
10/3/2022,A,GD
10/3/2022,A,GE
10/3/2022,A,GILD
10/3/2022,A,GIS
10/3/2022,A,GL
10/3/2022,A,GLW
10/3/2022,A,GM
10/3/2022,A,GNRC
10/3/2022,A,GOOG
10/3/2022,A,GOOGL
10/3/2022,A,GPC
10/3/2022,A,GPN
10/3/2022,A,GRMN
10/3/2022,A,GS
10/3/2022,A,GWW
10/3/2022,A,HAL
10/3/2022,A,HAS
10/3/2022,A,HBAN
10/3/2022,A,HCA
10/3/2022,A,HD
10/3/2022,A,HES
10/3/2022,A,HIG
10/3/2022,A,HII
10/3/2022,A,HLT
10/3/2022,A,HOLX
10/3/2022,A,HON
10/3/2022,A,HPE
10/3/2022,A,HPQ
10/3/2022,A,HRL
10/3/2022,A,HSIC
10/3/2022,A,HST
10/3/2022,A,HSY
10/3/2022,A,HUM
10/3/2022,A,HWM
10/3/2022,A,IBM
10/3/2022,A,ICE
10/3/2022,A,IDXX
10/3/2022,A,IEX
10/3/2022,A,IFF
10/3/2022,A,ILMN
10/3/2022,A,INCY
10/3/2022,A,INTC
10/3/2022,A,INTU
10/3/2022,A,INVH
10/3/2022,A,IP
10/3/2022,A,IPG
10/3/2022,A,IQV
10/3/2022,A,IR
10/3/2022,A,IRM
10/3/2022,A,ISRG
10/3/2022,A,IT
10/3/2022,A,ITW
10/3/2022,A,IVZ
10/3/2022,A,J
10/3/2022,A,JBHT
10/3/2022,A,JCI
10/3/2022,A,JKHY
10/3/2022,A,JNJ
10/3/2022,A,JNPR
10/3/2022,A,JPM
10/3/2022,A,K
10/3/2022,A,KDP
10/3/2022,A,KEY
10/3/2022,A,KEYS
10/3/2022,A,KHC
10/3/2022,A,KIM
10/3/2022,A,KLAC
10/3/2022,A,KMB
10/3/2022,A,KMI
10/3/2022,A,KMX
10/3/2022,A,KO
10/3/2022,A,KR
10/3/2022,A,L
10/3/2022,A,LDOS
10/3/2022,A,LEN
10/3/2022,A,LH
10/3/2022,A,LHX
10/3/2022,A,LIN
10/3/2022,A,LKQ
10/3/2022,A,LLY
10/3/2022,A,LMT
10/3/2022,A,LNC
10/3/2022,A,LNT
10/3/2022,A,LOW
10/3/2022,A,LRCX
10/3/2022,A,LUMN
10/3/2022,A,LUV
10/3/2022,A,LVS
10/3/2022,A,LW
10/3/2022,A,LYB
10/3/2022,A,LYV
10/3/2022,A,MA
10/3/2022,A,MAA
10/3/2022,A,MAR
10/3/2022,A,MAS
10/3/2022,A,MCD
10/3/2022,A,MCHP
10/3/2022,A,MCK
10/3/2022,A,MCO
10/3/2022,A,MDLZ
10/3/2022,A,MDT
10/3/2022,A,MET
10/3/2022,A,META
10/3/2022,A,MGM
10/3/2022,A,MHK
10/3/2022,A,MKC
10/3/2022,A,MKTX
10/3/2022,A,MLM
10/3/2022,A,MMC
10/3/2022,A,MMM
10/3/2022,A,MNST
10/3/2022,A,MO
10/3/2022,A,MOH
10/3/2022,A,MOS
10/3/2022,A,MPC
10/3/2022,A,MPWR
10/3/2022,A,MRK
10/3/2022,A,MRNA
10/3/2022,A,MRO
10/3/2022,A,MS
10/3/2022,A,MSCI
10/3/2022,A,MSFT
10/3/2022,A,MSI
10/3/2022,A,MTB
10/3/2022,A,MTCH
10/3/2022,A,MTD
10/3/2022,A,MU
10/3/2022,A,NCLH
10/3/2022,A,NDAQ
10/3/2022,A,NDSN
10/3/2022,A,NEE
10/3/2022,A,NEM
10/3/2022,A,NFLX
10/3/2022,A,NI
10/3/2022,A,NKE
10/3/2022,A,NLOK
10/3/2022,A,NLSN
10/3/2022,A,NOC
10/3/2022,A,NOW
10/3/2022,A,NRG
10/3/2022,A,NSC
10/3/2022,A,NTAP
10/3/2022,A,NTRS
10/3/2022,A,NUE
10/3/2022,A,NVDA
10/3/2022,A,NVR
10/3/2022,A,NWL
10/3/2022,A,NWS
10/3/2022,A,NWSA
10/3/2022,A,NXPI
10/3/2022,A,O
10/3/2022,A,ODFL
10/3/2022,A,OGN
10/3/2022,A,OKE
10/3/2022,A,OMC
10/3/2022,A,ON
10/3/2022,A,ORCL
10/3/2022,A,ORLY
10/3/2022,A,OTIS
10/3/2022,A,OXY
10/3/2022,A,PARA
10/3/2022,A,PAYC
10/3/2022,A,PAYX
10/3/2022,A,PCAR
10/3/2022,A,PCG
10/3/2022,A,PEAK
10/3/2022,A,PEG
10/3/2022,A,PEP
10/3/2022,A,PFE
10/3/2022,A,PFG
10/3/2022,A,PG
10/3/2022,A,PGR
10/3/2022,A,PH
10/3/2022,A,PHM
10/3/2022,A,PKG
10/3/2022,A,PKI
10/3/2022,A,PLD
10/3/2022,A,PM
10/3/2022,A,PNC
10/3/2022,A,PNR
10/3/2022,A,PNW
10/3/2022,A,POOL
10/3/2022,A,PPG
10/3/2022,A,PPL
10/3/2022,A,PRU
10/3/2022,A,PSA
10/3/2022,A,PSX
10/3/2022,A,PTC
10/3/2022,A,PWR
10/3/2022,A,PXD
10/3/2022,A,PYPL
10/3/2022,A,QCOM
10/3/2022,A,QRVO
10/3/2022,A,RCL
10/3/2022,A,RE
10/3/2022,A,REG
10/3/2022,A,REGN
10/3/2022,A,RF
10/3/2022,A,RHI
10/3/2022,A,RJF
10/3/2022,A,RL
10/3/2022,A,RMD
10/3/2022,A,ROK
10/3/2022,A,ROL
10/3/2022,A,ROP
10/3/2022,A,ROST
10/3/2022,A,RSG
10/3/2022,A,RTX
10/3/2022,A,SBAC
10/3/2022,A,SBNY
10/3/2022,A,SBUX
10/3/2022,A,SCHW
10/3/2022,A,SEDG
10/3/2022,A,SEE
10/3/2022,A,SHW
10/3/2022,A,SIVB
10/3/2022,A,SJM
10/3/2022,A,SLB
10/3/2022,A,SNA
10/3/2022,A,SNPS
10/3/2022,A,SO
10/3/2022,A,SPG
10/3/2022,A,SPGI
10/3/2022,A,SRE
10/3/2022,A,STE
10/3/2022,A,STT
10/3/2022,A,STX
10/3/2022,A,STZ
10/3/2022,A,SWK
10/3/2022,A,SWKS
10/3/2022,A,SYF
10/3/2022,A,SYK
10/3/2022,A,SYY
10/3/2022,A,T
10/3/2022,A,TAP
10/3/2022,A,TDG
10/3/2022,A,TDY
10/3/2022,A,TECH
10/3/2022,A,TEL
10/3/2022,A,TER
10/3/2022,A,TFC
10/3/2022,A,TFX
10/3/2022,A,TGT
10/3/2022,A,TJX
10/3/2022,A,TMO
10/3/2022,A,TMUS
10/3/2022,A,TPR
10/3/2022,A,TRMB
10/3/2022,A,TROW
10/3/2022,A,TRV
10/3/2022,A,TSCO
10/3/2022,A,TSLA
10/3/2022,A,TSN
10/3/2022,A,TT
10/3/2022,A,TTWO
10/3/2022,A,TWTR
10/3/2022,A,TXN
10/3/2022,A,TXT
10/3/2022,A,TYL
10/3/2022,A,UAL
10/3/2022,A,UDR
10/3/2022,A,UHS
10/3/2022,A,ULTA
10/3/2022,A,UNH
10/3/2022,A,UNP
10/3/2022,A,UPS
10/3/2022,A,URI
10/3/2022,A,USB
10/3/2022,A,V
10/3/2022,A,VFC
10/3/2022,A,VICI
10/3/2022,A,VLO
10/3/2022,A,VMC
10/3/2022,A,VNO
10/3/2022,A,VRSK
10/3/2022,A,VRSN
10/3/2022,A,VRTX
10/3/2022,A,VTR
10/3/2022,A,VTRS
10/3/2022,A,VZ
10/3/2022,A,WAB
10/3/2022,A,WAT
10/3/2022,A,WBA
10/3/2022,A,WBD
10/3/2022,A,WDC
10/3/2022,A,WEC
10/3/2022,A,WELL
10/3/2022,A,WFC
10/3/2022,A,WHR
10/3/2022,A,WM
10/3/2022,A,WMB
10/3/2022,A,WMT
10/3/2022,A,WRB
10/3/2022,A,WRK
10/3/2022,A,WST
10/3/2022,A,WTW
10/3/2022,A,WY
10/3/2022,A,WYNN
10/3/2022,A,XEL
10/3/2022,A,XOM
10/3/2022,A,XRAY
10/3/2022,A,XYL
10/3/2022,A,YUM
10/3/2022,A,ZBH
10/3/2022,A,ZBRA
10/3/2022,A,ZION
10/3/2022,A,ZTS
1/4/2023,A,AAL
1/4/2023,A,AAP
1/4/2023,A,AAPL
1/4/2023,A,ABBV
1/4/2023,A,ABC
1/4/2023,A,ABT
1/4/2023,A,ACGL
1/4/2023,A,ACN
1/4/2023,A,ADBE
1/4/2023,A,ADI
1/4/2023,A,ADM
1/4/2023,A,ADP
1/4/2023,A,ADSK
1/4/2023,A,AEE
1/4/2023,A,AEP
1/4/2023,A,AES
1/4/2023,A,AFL
1/4/2023,A,AIG
1/4/2023,A,AIZ
1/4/2023,A,AJG
1/4/2023,A,AKAM
1/4/2023,A,ALB
1/4/2023,A,ALGN
1/4/2023,A,ALK
1/4/2023,A,ALL
1/4/2023,A,ALLE
1/4/2023,A,AMAT
1/4/2023,A,AMCR
1/4/2023,A,AMD
1/4/2023,A,AME
1/4/2023,A,AMGN
1/4/2023,A,AMP
1/4/2023,A,AMT
1/4/2023,A,AMZN
1/4/2023,A,ANET
1/4/2023,A,ANSS
1/4/2023,A,AON
1/4/2023,A,AOS
1/4/2023,A,APA
1/4/2023,A,APD
1/4/2023,A,APH
1/4/2023,A,APTV
1/4/2023,A,ARE
1/4/2023,A,ATO
1/4/2023,A,ATVI
1/4/2023,A,AVB
1/4/2023,A,AVGO
1/4/2023,A,AVY
1/4/2023,A,AWK
1/4/2023,A,AXP
1/4/2023,A,AZO
1/4/2023,A,BA
1/4/2023,A,BAC
1/4/2023,A,BALL
1/4/2023,A,BAX
1/4/2023,A,BBWI
1/4/2023,A,BBY
1/4/2023,A,BDX
1/4/2023,A,BEN
1/4/2023,A,BF.B
1/4/2023,A,BIIB
1/4/2023,A,BIO
1/4/2023,A,BK
1/4/2023,A,BKNG
1/4/2023,A,BKR
1/4/2023,A,BLK
1/4/2023,A,BMY
1/4/2023,A,BR
1/4/2023,A,BRK.B
1/4/2023,A,BRO
1/4/2023,A,BSX
1/4/2023,A,BWA
1/4/2023,A,BXP
1/4/2023,A,C
1/4/2023,A,CAG
1/4/2023,A,CAH
1/4/2023,A,CARR
1/4/2023,A,CAT
1/4/2023,A,CB
1/4/2023,A,CBOE
1/4/2023,A,CBRE
1/4/2023,A,CCI
1/4/2023,A,CCL
1/4/2023,A,CDAY
1/4/2023,A,CDNS
1/4/2023,A,CDW
1/4/2023,A,CE
1/4/2023,A,CEG
1/4/2023,A,CF
1/4/2023,A,CFG
1/4/2023,A,CHD
1/4/2023,A,CHRW
1/4/2023,A,CHTR
1/4/2023,A,CI
1/4/2023,A,CINF
1/4/2023,A,CL
1/4/2023,A,CLX
1/4/2023,A,CMA
1/4/2023,A,CMCSA
1/4/2023,A,CME
1/4/2023,A,CMG
1/4/2023,A,CMI
1/4/2023,A,CMS
1/4/2023,A,CNC
1/4/2023,A,CNP
1/4/2023,A,COF
1/4/2023,A,COO
1/4/2023,A,COP
1/4/2023,A,COST
1/4/2023,A,CPB
1/4/2023,A,CPRT
1/4/2023,A,CPT
1/4/2023,A,CRL
1/4/2023,A,CRM
1/4/2023,A,CSCO
1/4/2023,A,CSGP
1/4/2023,A,CSX
1/4/2023,A,CTAS
1/4/2023,A,CTLT
1/4/2023,A,CTRA
1/4/2023,A,CTSH
1/4/2023,A,CTVA
1/4/2023,A,CVS
1/4/2023,A,CVX
1/4/2023,A,CZR
1/4/2023,A,D
1/4/2023,A,DAL
1/4/2023,A,DD
1/4/2023,A,DE
1/4/2023,A,DFS
1/4/2023,A,DG
1/4/2023,A,DGX
1/4/2023,A,DHI
1/4/2023,A,DHR
1/4/2023,A,DIS
1/4/2023,A,DISH
1/4/2023,A,DLR
1/4/2023,A,DLTR
1/4/2023,A,DOV
1/4/2023,A,DOW
1/4/2023,A,DPZ
1/4/2023,A,DRI
1/4/2023,A,DTE
1/4/2023,A,DUK
1/4/2023,A,DVA
1/4/2023,A,DVN
1/4/2023,A,DXC
1/4/2023,A,DXCM
1/4/2023,A,EA
1/4/2023,A,EBAY
1/4/2023,A,ECL
1/4/2023,A,ED
1/4/2023,A,EFX
1/4/2023,A,EIX
1/4/2023,A,EL
1/4/2023,A,ELV
1/4/2023,A,EMN
1/4/2023,A,EMR
1/4/2023,A,ENPH
1/4/2023,A,EOG
1/4/2023,A,EPAM
1/4/2023,A,EQIX
1/4/2023,A,EQR
1/4/2023,A,EQT
1/4/2023,A,ES
1/4/2023,A,ESS
1/4/2023,A,ETN
1/4/2023,A,ETR
1/4/2023,A,ETSY
1/4/2023,A,EVRG
1/4/2023,A,EW
1/4/2023,A,EXC
1/4/2023,A,EXPD
1/4/2023,A,EXPE
1/4/2023,A,EXR
1/4/2023,A,F
1/4/2023,A,FANG
1/4/2023,A,FAST
1/4/2023,A,FCX
1/4/2023,A,FDS
1/4/2023,A,FDX
1/4/2023,A,FE
1/4/2023,A,FFIV
1/4/2023,A,FIS
1/4/2023,A,FISV
1/4/2023,A,FITB
1/4/2023,A,FLT
1/4/2023,A,FMC
1/4/2023,A,FOX
1/4/2023,A,FOXA
1/4/2023,A,FRC
1/4/2023,A,FRT
1/4/2023,A,FSLR
1/4/2023,A,FTNT
1/4/2023,A,FTV
1/4/2023,A,GD
1/4/2023,A,GE
1/4/2023,A,GEHC
1/4/2023,A,GEN
1/4/2023,A,GILD
1/4/2023,A,GIS
1/4/2023,A,GL
1/4/2023,A,GLW
1/4/2023,A,GM
1/4/2023,A,GNRC
1/4/2023,A,GOOG
1/4/2023,A,GOOGL
1/4/2023,A,GPC
1/4/2023,A,GPN
1/4/2023,A,GRMN
1/4/2023,A,GS
1/4/2023,A,GWW
1/4/2023,A,HAL
1/4/2023,A,HAS
1/4/2023,A,HBAN
1/4/2023,A,HCA
1/4/2023,A,HD
1/4/2023,A,HES
1/4/2023,A,HIG
1/4/2023,A,HII
1/4/2023,A,HLT
1/4/2023,A,HOLX
1/4/2023,A,HON
1/4/2023,A,HPE
1/4/2023,A,HPQ
1/4/2023,A,HRL
1/4/2023,A,HSIC
1/4/2023,A,HST
1/4/2023,A,HSY
1/4/2023,A,HUM
1/4/2023,A,HWM
1/4/2023,A,IBM
1/4/2023,A,ICE
1/4/2023,A,IDXX
1/4/2023,A,IEX
1/4/2023,A,IFF
1/4/2023,A,ILMN
1/4/2023,A,INCY
1/4/2023,A,INTC
1/4/2023,A,INTU
1/4/2023,A,INVH
1/4/2023,A,IP
1/4/2023,A,IPG
1/4/2023,A,IQV
1/4/2023,A,IR
1/4/2023,A,IRM
1/4/2023,A,ISRG
1/4/2023,A,IT
1/4/2023,A,ITW
1/4/2023,A,IVZ
1/4/2023,A,J
1/4/2023,A,JBHT
1/4/2023,A,JCI
1/4/2023,A,JKHY
1/4/2023,A,JNJ
1/4/2023,A,JNPR
1/4/2023,A,JPM
1/4/2023,A,K
1/4/2023,A,KDP
1/4/2023,A,KEY
1/4/2023,A,KEYS
1/4/2023,A,KHC
1/4/2023,A,KIM
1/4/2023,A,KLAC
1/4/2023,A,KMB
1/4/2023,A,KMI
1/4/2023,A,KMX
1/4/2023,A,KO
1/4/2023,A,KR
1/4/2023,A,L
1/4/2023,A,LDOS
1/4/2023,A,LEN
1/4/2023,A,LH
1/4/2023,A,LHX
1/4/2023,A,LIN
1/4/2023,A,LKQ
1/4/2023,A,LLY
1/4/2023,A,LMT
1/4/2023,A,LNC
1/4/2023,A,LNT
1/4/2023,A,LOW
1/4/2023,A,LRCX
1/4/2023,A,LUMN
1/4/2023,A,LUV
1/4/2023,A,LVS
1/4/2023,A,LW
1/4/2023,A,LYB
1/4/2023,A,LYV
1/4/2023,A,MA
1/4/2023,A,MAA
1/4/2023,A,MAR
1/4/2023,A,MAS
1/4/2023,A,MCD
1/4/2023,A,MCHP
1/4/2023,A,MCK
1/4/2023,A,MCO
1/4/2023,A,MDLZ
1/4/2023,A,MDT
1/4/2023,A,MET
1/4/2023,A,META
1/4/2023,A,MGM
1/4/2023,A,MHK
1/4/2023,A,MKC
1/4/2023,A,MKTX
1/4/2023,A,MLM
1/4/2023,A,MMC
1/4/2023,A,MMM
1/4/2023,A,MNST
1/4/2023,A,MO
1/4/2023,A,MOH
1/4/2023,A,MOS
1/4/2023,A,MPC
1/4/2023,A,MPWR
1/4/2023,A,MRK
1/4/2023,A,MRNA
1/4/2023,A,MRO
1/4/2023,A,MS
1/4/2023,A,MSCI
1/4/2023,A,MSFT
1/4/2023,A,MSI
1/4/2023,A,MTB
1/4/2023,A,MTCH
1/4/2023,A,MTD
1/4/2023,A,MU
1/4/2023,A,NCLH
1/4/2023,A,NDAQ
1/4/2023,A,NDSN
1/4/2023,A,NEE
1/4/2023,A,NEM
1/4/2023,A,NFLX
1/4/2023,A,NI
1/4/2023,A,NKE
1/4/2023,A,NOC
1/4/2023,A,NOW
1/4/2023,A,NRG
1/4/2023,A,NSC
1/4/2023,A,NTAP
1/4/2023,A,NTRS
1/4/2023,A,NUE
1/4/2023,A,NVDA
1/4/2023,A,NVR
1/4/2023,A,NWL
1/4/2023,A,NWS
1/4/2023,A,NWSA
1/4/2023,A,NXPI
1/4/2023,A,O
1/4/2023,A,ODFL
1/4/2023,A,OGN
1/4/2023,A,OKE
1/4/2023,A,OMC
1/4/2023,A,ON
1/4/2023,A,ORCL
1/4/2023,A,ORLY
1/4/2023,A,OTIS
1/4/2023,A,OXY
1/4/2023,A,PARA
1/4/2023,A,PAYC
1/4/2023,A,PAYX
1/4/2023,A,PCAR
1/4/2023,A,PCG
1/4/2023,A,PEAK
1/4/2023,A,PEG
1/4/2023,A,PEP
1/4/2023,A,PFE
1/4/2023,A,PFG
1/4/2023,A,PG
1/4/2023,A,PGR
1/4/2023,A,PH
1/4/2023,A,PHM
1/4/2023,A,PKG
1/4/2023,A,PKI
1/4/2023,A,PLD
1/4/2023,A,PM
1/4/2023,A,PNC
1/4/2023,A,PNR
1/4/2023,A,PNW
1/4/2023,A,POOL
1/4/2023,A,PPG
1/4/2023,A,PPL
1/4/2023,A,PRU
1/4/2023,A,PSA
1/4/2023,A,PSX
1/4/2023,A,PTC
1/4/2023,A,PWR
1/4/2023,A,PXD
1/4/2023,A,PYPL
1/4/2023,A,QCOM
1/4/2023,A,QRVO
1/4/2023,A,RCL
1/4/2023,A,RE
1/4/2023,A,REG
1/4/2023,A,REGN
1/4/2023,A,RF
1/4/2023,A,RHI
1/4/2023,A,RJF
1/4/2023,A,RL
1/4/2023,A,RMD
1/4/2023,A,ROK
1/4/2023,A,ROL
1/4/2023,A,ROP
1/4/2023,A,ROST
1/4/2023,A,RSG
1/4/2023,A,RTX
1/4/2023,A,SBAC
1/4/2023,A,SBNY
1/4/2023,A,SBUX
1/4/2023,A,SCHW
1/4/2023,A,SEDG
1/4/2023,A,SEE
1/4/2023,A,SHW
1/4/2023,A,SIVB
1/4/2023,A,SJM
1/4/2023,A,SLB
1/4/2023,A,SNA
1/4/2023,A,SNPS
1/4/2023,A,SO
1/4/2023,A,SPG
1/4/2023,A,SPGI
1/4/2023,A,SRE
1/4/2023,A,STE
1/4/2023,A,STLD
1/4/2023,A,STT
1/4/2023,A,STX
1/4/2023,A,STZ
1/4/2023,A,SWK
1/4/2023,A,SWKS
1/4/2023,A,SYF
1/4/2023,A,SYK
1/4/2023,A,SYY
1/4/2023,A,T
1/4/2023,A,TAP
1/4/2023,A,TDG
1/4/2023,A,TDY
1/4/2023,A,TECH
1/4/2023,A,TEL
1/4/2023,A,TER
1/4/2023,A,TFC
1/4/2023,A,TFX
1/4/2023,A,TGT
1/4/2023,A,TJX
1/4/2023,A,TMO
1/4/2023,A,TMUS
1/4/2023,A,TPR
1/4/2023,A,TRGP
1/4/2023,A,TRMB
1/4/2023,A,TROW
1/4/2023,A,TRV
1/4/2023,A,TSCO
1/4/2023,A,TSLA
1/4/2023,A,TSN
1/4/2023,A,TT
1/4/2023,A,TTWO
1/4/2023,A,TXN
1/4/2023,A,TXT
1/4/2023,A,TYL
1/4/2023,A,UAL
1/4/2023,A,UDR
1/4/2023,A,UHS
1/4/2023,A,ULTA
1/4/2023,A,UNH
1/4/2023,A,UNP
1/4/2023,A,UPS
1/4/2023,A,URI
1/4/2023,A,USB
1/4/2023,A,V
1/4/2023,A,VFC
1/4/2023,A,VICI
1/4/2023,A,VLO
1/4/2023,A,VMC
1/4/2023,A,VRSK
1/4/2023,A,VRSN
1/4/2023,A,VRTX
1/4/2023,A,VTR
1/4/2023,A,VTRS
1/4/2023,A,VZ
1/4/2023,A,WAB
1/4/2023,A,WAT
1/4/2023,A,WBA
1/4/2023,A,WBD
1/4/2023,A,WDC
1/4/2023,A,WEC
1/4/2023,A,WELL
1/4/2023,A,WFC
1/4/2023,A,WHR
1/4/2023,A,WM
1/4/2023,A,WMB
1/4/2023,A,WMT
1/4/2023,A,WRB
1/4/2023,A,WRK
1/4/2023,A,WST
1/4/2023,A,WTW
1/4/2023,A,WY
1/4/2023,A,WYNN
1/4/2023,A,XEL
1/4/2023,A,XOM
1/4/2023,A,XRAY
1/4/2023,A,XYL
1/4/2023,A,YUM
1/4/2023,A,ZBH
1/4/2023,A,ZBRA
1/4/2023,A,ZION
1/4/2023,A,ZTS
5/4/2023,A,AAL
5/4/2023,A,AAP
5/4/2023,A,AAPL
5/4/2023,A,ABBV
5/4/2023,A,ABC
5/4/2023,A,ABT
5/4/2023,A,ACGL
5/4/2023,A,ACN
5/4/2023,A,ADBE
5/4/2023,A,ADI
5/4/2023,A,ADM
5/4/2023,A,ADP
5/4/2023,A,ADSK
5/4/2023,A,AEE
5/4/2023,A,AEP
5/4/2023,A,AES
5/4/2023,A,AFL
5/4/2023,A,AIG
5/4/2023,A,AIZ
5/4/2023,A,AJG
5/4/2023,A,AKAM
5/4/2023,A,ALB
5/4/2023,A,ALGN
5/4/2023,A,ALK
5/4/2023,A,ALL
5/4/2023,A,ALLE
5/4/2023,A,AMAT
5/4/2023,A,AMCR
5/4/2023,A,AMD
5/4/2023,A,AME
5/4/2023,A,AMGN
5/4/2023,A,AMP
5/4/2023,A,AMT
5/4/2023,A,AMZN
5/4/2023,A,ANET
5/4/2023,A,ANSS
5/4/2023,A,AON
5/4/2023,A,AOS
5/4/2023,A,APA
5/4/2023,A,APD
5/4/2023,A,APH
5/4/2023,A,APTV
5/4/2023,A,ARE
5/4/2023,A,ATO
5/4/2023,A,ATVI
5/4/2023,A,AVB
5/4/2023,A,AVGO
5/4/2023,A,AVY
5/4/2023,A,AWK
5/4/2023,A,AXON
5/4/2023,A,AXP
5/4/2023,A,AZO
5/4/2023,A,BA
5/4/2023,A,BAC
5/4/2023,A,BALL
5/4/2023,A,BAX
5/4/2023,A,BBWI
5/4/2023,A,BBY
5/4/2023,A,BDX
5/4/2023,A,BEN
5/4/2023,A,BF.B
5/4/2023,A,BG
5/4/2023,A,BIIB
5/4/2023,A,BIO
5/4/2023,A,BK
5/4/2023,A,BKNG
5/4/2023,A,BKR
5/4/2023,A,BLK
5/4/2023,A,BMY
5/4/2023,A,BR
5/4/2023,A,BRK.B
5/4/2023,A,BRO
5/4/2023,A,BSX
5/4/2023,A,BWA
5/4/2023,A,BXP
5/4/2023,A,C
5/4/2023,A,CAG
5/4/2023,A,CAH
5/4/2023,A,CARR
5/4/2023,A,CAT
5/4/2023,A,CB
5/4/2023,A,CBOE
5/4/2023,A,CBRE
5/4/2023,A,CCI
5/4/2023,A,CCL
5/4/2023,A,CDAY
5/4/2023,A,CDNS
5/4/2023,A,CDW
5/4/2023,A,CE
5/4/2023,A,CEG
5/4/2023,A,CF
5/4/2023,A,CFG
5/4/2023,A,CHD
5/4/2023,A,CHRW
5/4/2023,A,CHTR
5/4/2023,A,CI
5/4/2023,A,CINF
5/4/2023,A,CL
5/4/2023,A,CLX
5/4/2023,A,CMA
5/4/2023,A,CMCSA
5/4/2023,A,CME
5/4/2023,A,CMG
5/4/2023,A,CMI
5/4/2023,A,CMS
5/4/2023,A,CNC
5/4/2023,A,CNP
5/4/2023,A,COF
5/4/2023,A,COO
5/4/2023,A,COP
5/4/2023,A,COST
5/4/2023,A,CPB
5/4/2023,A,CPRT
5/4/2023,A,CPT
5/4/2023,A,CRL
5/4/2023,A,CRM
5/4/2023,A,CSCO
5/4/2023,A,CSGP
5/4/2023,A,CSX
5/4/2023,A,CTAS
5/4/2023,A,CTLT
5/4/2023,A,CTRA
5/4/2023,A,CTSH
5/4/2023,A,CTVA
5/4/2023,A,CVS
5/4/2023,A,CVX
5/4/2023,A,CZR
5/4/2023,A,D
5/4/2023,A,DAL
5/4/2023,A,DD
5/4/2023,A,DE
5/4/2023,A,DFS
5/4/2023,A,DG
5/4/2023,A,DGX
5/4/2023,A,DHI
5/4/2023,A,DHR
5/4/2023,A,DIS
5/4/2023,A,DISH
5/4/2023,A,DLR
5/4/2023,A,DLTR
5/4/2023,A,DOV
5/4/2023,A,DOW
5/4/2023,A,DPZ
5/4/2023,A,DRI
5/4/2023,A,DTE
5/4/2023,A,DUK
5/4/2023,A,DVA
5/4/2023,A,DVN
5/4/2023,A,DXC
5/4/2023,A,DXCM
5/4/2023,A,EA
5/4/2023,A,EBAY
5/4/2023,A,ECL
5/4/2023,A,ED
5/4/2023,A,EFX
5/4/2023,A,EIX
5/4/2023,A,EL
5/4/2023,A,ELV
5/4/2023,A,EMN
5/4/2023,A,EMR
5/4/2023,A,ENPH
5/4/2023,A,EOG
5/4/2023,A,EPAM
5/4/2023,A,EQIX
5/4/2023,A,EQR
5/4/2023,A,EQT
5/4/2023,A,ES
5/4/2023,A,ESS
5/4/2023,A,ETN
5/4/2023,A,ETR
5/4/2023,A,ETSY
5/4/2023,A,EVRG
5/4/2023,A,EW
5/4/2023,A,EXC
5/4/2023,A,EXPD
5/4/2023,A,EXPE
5/4/2023,A,EXR
5/4/2023,A,F
5/4/2023,A,FANG
5/4/2023,A,FAST
5/4/2023,A,FCX
5/4/2023,A,FDS
5/4/2023,A,FDX
5/4/2023,A,FE
5/4/2023,A,FFIV
5/4/2023,A,FICO
5/4/2023,A,FIS
5/4/2023,A,FISV
5/4/2023,A,FITB
5/4/2023,A,FLT
5/4/2023,A,FMC
5/4/2023,A,FOX
5/4/2023,A,FOXA
5/4/2023,A,FRT
5/4/2023,A,FSLR
5/4/2023,A,FTNT
5/4/2023,A,FTV
5/4/2023,A,GD
5/4/2023,A,GE
5/4/2023,A,GEHC
5/4/2023,A,GEN
5/4/2023,A,GILD
5/4/2023,A,GIS
5/4/2023,A,GL
5/4/2023,A,GLW
5/4/2023,A,GM
5/4/2023,A,GNRC
5/4/2023,A,GOOG
5/4/2023,A,GOOGL
5/4/2023,A,GPC
5/4/2023,A,GPN
5/4/2023,A,GRMN
5/4/2023,A,GS
5/4/2023,A,GWW
5/4/2023,A,HAL
5/4/2023,A,HAS
5/4/2023,A,HBAN
5/4/2023,A,HCA
5/4/2023,A,HD
5/4/2023,A,HES
5/4/2023,A,HIG
5/4/2023,A,HII
5/4/2023,A,HLT
5/4/2023,A,HOLX
5/4/2023,A,HON
5/4/2023,A,HPE
5/4/2023,A,HPQ
5/4/2023,A,HRL
5/4/2023,A,HSIC
5/4/2023,A,HST
5/4/2023,A,HSY
5/4/2023,A,HUM
5/4/2023,A,HWM
5/4/2023,A,IBM
5/4/2023,A,ICE
5/4/2023,A,IDXX
5/4/2023,A,IEX
5/4/2023,A,IFF
5/4/2023,A,ILMN
5/4/2023,A,INCY
5/4/2023,A,INTC
5/4/2023,A,INTU
5/4/2023,A,INVH
5/4/2023,A,IP
5/4/2023,A,IPG
5/4/2023,A,IQV
5/4/2023,A,IR
5/4/2023,A,IRM
5/4/2023,A,ISRG
5/4/2023,A,IT
5/4/2023,A,ITW
5/4/2023,A,IVZ
5/4/2023,A,J
5/4/2023,A,JBHT
5/4/2023,A,JCI
5/4/2023,A,JKHY
5/4/2023,A,JNJ
5/4/2023,A,JNPR
5/4/2023,A,JPM
5/4/2023,A,K
5/4/2023,A,KDP
5/4/2023,A,KEY
5/4/2023,A,KEYS
5/4/2023,A,KHC
5/4/2023,A,KIM
5/4/2023,A,KLAC
5/4/2023,A,KMB
5/4/2023,A,KMI
5/4/2023,A,KMX
5/4/2023,A,KO
5/4/2023,A,KR
5/4/2023,A,L
5/4/2023,A,LDOS
5/4/2023,A,LEN
5/4/2023,A,LH
5/4/2023,A,LHX
5/4/2023,A,LIN
5/4/2023,A,LKQ
5/4/2023,A,LLY
5/4/2023,A,LMT
5/4/2023,A,LNC
5/4/2023,A,LNT
5/4/2023,A,LOW
5/4/2023,A,LRCX
5/4/2023,A,LUV
5/4/2023,A,LVS
5/4/2023,A,LW
5/4/2023,A,LYB
5/4/2023,A,LYV
5/4/2023,A,MA
5/4/2023,A,MAA
5/4/2023,A,MAR
5/4/2023,A,MAS
5/4/2023,A,MCD
5/4/2023,A,MCHP
5/4/2023,A,MCK
5/4/2023,A,MCO
5/4/2023,A,MDLZ
5/4/2023,A,MDT
5/4/2023,A,MET
5/4/2023,A,META
5/4/2023,A,MGM
5/4/2023,A,MHK
5/4/2023,A,MKC
5/4/2023,A,MKTX
5/4/2023,A,MLM
5/4/2023,A,MMC
5/4/2023,A,MMM
5/4/2023,A,MNST
5/4/2023,A,MO
5/4/2023,A,MOH
5/4/2023,A,MOS
5/4/2023,A,MPC
5/4/2023,A,MPWR
5/4/2023,A,MRK
5/4/2023,A,MRNA
5/4/2023,A,MRO
5/4/2023,A,MS
5/4/2023,A,MSCI
5/4/2023,A,MSFT
5/4/2023,A,MSI
5/4/2023,A,MTB
5/4/2023,A,MTCH
5/4/2023,A,MTD
5/4/2023,A,MU
5/4/2023,A,NCLH
5/4/2023,A,NDAQ
5/4/2023,A,NDSN
5/4/2023,A,NEE
5/4/2023,A,NEM
5/4/2023,A,NFLX
5/4/2023,A,NI
5/4/2023,A,NKE
5/4/2023,A,NOC
5/4/2023,A,NOW
5/4/2023,A,NRG
5/4/2023,A,NSC
5/4/2023,A,NTAP
5/4/2023,A,NTRS
5/4/2023,A,NUE
5/4/2023,A,NVDA
5/4/2023,A,NVR
5/4/2023,A,NWL
5/4/2023,A,NWS
5/4/2023,A,NWSA
5/4/2023,A,NXPI
5/4/2023,A,O
5/4/2023,A,ODFL
5/4/2023,A,OGN
5/4/2023,A,OKE
5/4/2023,A,OMC
5/4/2023,A,ON
5/4/2023,A,ORCL
5/4/2023,A,ORLY
5/4/2023,A,OTIS
5/4/2023,A,OXY
5/4/2023,A,PARA
5/4/2023,A,PAYC
5/4/2023,A,PAYX
5/4/2023,A,PCAR
5/4/2023,A,PCG
5/4/2023,A,PEAK
5/4/2023,A,PEG
5/4/2023,A,PEP
5/4/2023,A,PFE
5/4/2023,A,PFG
5/4/2023,A,PG
5/4/2023,A,PGR
5/4/2023,A,PH
5/4/2023,A,PHM
5/4/2023,A,PKG
5/4/2023,A,PKI
5/4/2023,A,PLD
5/4/2023,A,PM
5/4/2023,A,PNC
5/4/2023,A,PNR
5/4/2023,A,PNW
5/4/2023,A,PODD
5/4/2023,A,POOL
5/4/2023,A,PPG
5/4/2023,A,PPL
5/4/2023,A,PRU
5/4/2023,A,PSA
5/4/2023,A,PSX
5/4/2023,A,PTC
5/4/2023,A,PWR
5/4/2023,A,PXD
5/4/2023,A,PYPL
5/4/2023,A,QCOM
5/4/2023,A,QRVO
5/4/2023,A,RCL
5/4/2023,A,RE
5/4/2023,A,REG
5/4/2023,A,REGN
5/4/2023,A,RF
5/4/2023,A,RHI
5/4/2023,A,RJF
5/4/2023,A,RL
5/4/2023,A,RMD
5/4/2023,A,ROK
5/4/2023,A,ROL
5/4/2023,A,ROP
5/4/2023,A,ROST
5/4/2023,A,RSG
5/4/2023,A,RTX
5/4/2023,A,SBAC
5/4/2023,A,SBUX
5/4/2023,A,SCHW
5/4/2023,A,SEDG
5/4/2023,A,SEE
5/4/2023,A,SHW
5/4/2023,A,SJM
5/4/2023,A,SLB
5/4/2023,A,SNA
5/4/2023,A,SNPS
5/4/2023,A,SO
5/4/2023,A,SPG
5/4/2023,A,SPGI
5/4/2023,A,SRE
5/4/2023,A,STE
5/4/2023,A,STLD
5/4/2023,A,STT
5/4/2023,A,STX
5/4/2023,A,STZ
5/4/2023,A,SWK
5/4/2023,A,SWKS
5/4/2023,A,SYF
5/4/2023,A,SYK
5/4/2023,A,SYY
5/4/2023,A,T
5/4/2023,A,TAP
5/4/2023,A,TDG
5/4/2023,A,TDY
5/4/2023,A,TECH
5/4/2023,A,TEL
5/4/2023,A,TER
5/4/2023,A,TFC
5/4/2023,A,TFX
5/4/2023,A,TGT
5/4/2023,A,TJX
5/4/2023,A,TMO
5/4/2023,A,TMUS
5/4/2023,A,TPR
5/4/2023,A,TRGP
5/4/2023,A,TRMB
5/4/2023,A,TROW
5/4/2023,A,TRV
5/4/2023,A,TSCO
5/4/2023,A,TSLA
5/4/2023,A,TSN
5/4/2023,A,TT
5/4/2023,A,TTWO
5/4/2023,A,TXN
5/4/2023,A,TXT
5/4/2023,A,TYL
5/4/2023,A,UAL
5/4/2023,A,UDR
5/4/2023,A,UHS
5/4/2023,A,ULTA
5/4/2023,A,UNH
5/4/2023,A,UNP
5/4/2023,A,UPS
5/4/2023,A,URI
5/4/2023,A,USB
5/4/2023,A,V
5/4/2023,A,VFC
5/4/2023,A,VICI
5/4/2023,A,VLO
5/4/2023,A,VMC
5/4/2023,A,VRSK
5/4/2023,A,VRSN
5/4/2023,A,VRTX
5/4/2023,A,VTR
5/4/2023,A,VTRS
5/4/2023,A,VZ
5/4/2023,A,WAB
5/4/2023,A,WAT
5/4/2023,A,WBA
5/4/2023,A,WBD
5/4/2023,A,WDC
5/4/2023,A,WEC
5/4/2023,A,WELL
5/4/2023,A,WFC
5/4/2023,A,WHR
5/4/2023,A,WM
5/4/2023,A,WMB
5/4/2023,A,WMT
5/4/2023,A,WRB
5/4/2023,A,WRK
5/4/2023,A,WST
5/4/2023,A,WTW
5/4/2023,A,WY
5/4/2023,A,WYNN
5/4/2023,A,XEL
5/4/2023,A,XOM
5/4/2023,A,XRAY
5/4/2023,A,XYL
5/4/2023,A,YUM
5/4/2023,A,ZBH
5/4/2023,A,ZBRA
5/4/2023,A,ZION
5/4/2023,A,ZTS
7/10/2023,A,AAL
7/10/2023,A,AAP
7/10/2023,A,AAPL
7/10/2023,A,ABBV
7/10/2023,A,ABC
7/10/2023,A,ABT
7/10/2023,A,ACGL
7/10/2023,A,ACN
7/10/2023,A,ADBE
7/10/2023,A,ADI
7/10/2023,A,ADM
7/10/2023,A,ADP
7/10/2023,A,ADSK
7/10/2023,A,AEE
7/10/2023,A,AEP
7/10/2023,A,AES
7/10/2023,A,AFL
7/10/2023,A,AIG
7/10/2023,A,AIZ
7/10/2023,A,AJG
7/10/2023,A,AKAM
7/10/2023,A,ALB
7/10/2023,A,ALGN
7/10/2023,A,ALK
7/10/2023,A,ALL
7/10/2023,A,ALLE
7/10/2023,A,AMAT
7/10/2023,A,AMCR
7/10/2023,A,AMD
7/10/2023,A,AME
7/10/2023,A,AMGN
7/10/2023,A,AMP
7/10/2023,A,AMT
7/10/2023,A,AMZN
7/10/2023,A,ANET
7/10/2023,A,ANSS
7/10/2023,A,AON
7/10/2023,A,AOS
7/10/2023,A,APA
7/10/2023,A,APD
7/10/2023,A,APH
7/10/2023,A,APTV
7/10/2023,A,ARE
7/10/2023,A,ATO
7/10/2023,A,ATVI
7/10/2023,A,AVB
7/10/2023,A,AVGO
7/10/2023,A,AVY
7/10/2023,A,AWK
7/10/2023,A,AXON
7/10/2023,A,AXP
7/10/2023,A,AZO
7/10/2023,A,BA
7/10/2023,A,BAC
7/10/2023,A,BALL
7/10/2023,A,BAX
7/10/2023,A,BBWI
7/10/2023,A,BBY
7/10/2023,A,BDX
7/10/2023,A,BEN
7/10/2023,A,BF.B
7/10/2023,A,BG
7/10/2023,A,BIIB
7/10/2023,A,BIO
7/10/2023,A,BK
7/10/2023,A,BKNG
7/10/2023,A,BKR
7/10/2023,A,BLK
7/10/2023,A,BMY
7/10/2023,A,BR
7/10/2023,A,BRK.B
7/10/2023,A,BRO
7/10/2023,A,BSX
7/10/2023,A,BWA
7/10/2023,A,BXP
7/10/2023,A,C
7/10/2023,A,CAG
7/10/2023,A,CAH
7/10/2023,A,CARR
7/10/2023,A,CAT
7/10/2023,A,CB
7/10/2023,A,CBOE
7/10/2023,A,CBRE
7/10/2023,A,CCI
7/10/2023,A,CCL
7/10/2023,A,CDAY
7/10/2023,A,CDNS
7/10/2023,A,CDW
7/10/2023,A,CE
7/10/2023,A,CEG
7/10/2023,A,CF
7/10/2023,A,CFG
7/10/2023,A,CHD
7/10/2023,A,CHRW
7/10/2023,A,CHTR
7/10/2023,A,CI
7/10/2023,A,CINF
7/10/2023,A,CL
7/10/2023,A,CLX
7/10/2023,A,CMA
7/10/2023,A,CMCSA
7/10/2023,A,CME
7/10/2023,A,CMG
7/10/2023,A,CMI
7/10/2023,A,CMS
7/10/2023,A,CNC
7/10/2023,A,CNP
7/10/2023,A,COF
7/10/2023,A,COO
7/10/2023,A,COP
7/10/2023,A,COST
7/10/2023,A,CPB
7/10/2023,A,CPRT
7/10/2023,A,CPT
7/10/2023,A,CRL
7/10/2023,A,CRM
7/10/2023,A,CSCO
7/10/2023,A,CSGP
7/10/2023,A,CSX
7/10/2023,A,CTAS
7/10/2023,A,CTLT
7/10/2023,A,CTRA
7/10/2023,A,CTSH
7/10/2023,A,CTVA
7/10/2023,A,CVS
7/10/2023,A,CVX
7/10/2023,A,CZR
7/10/2023,A,D
7/10/2023,A,DAL
7/10/2023,A,DD
7/10/2023,A,DE
7/10/2023,A,DFS
7/10/2023,A,DG
7/10/2023,A,DGX
7/10/2023,A,DHI
7/10/2023,A,DHR
7/10/2023,A,DIS
7/10/2023,A,DLR
7/10/2023,A,DLTR
7/10/2023,A,DOV
7/10/2023,A,DOW
7/10/2023,A,DPZ
7/10/2023,A,DRI
7/10/2023,A,DTE
7/10/2023,A,DUK
7/10/2023,A,DVA
7/10/2023,A,DVN
7/10/2023,A,DXC
7/10/2023,A,DXCM
7/10/2023,A,EA
7/10/2023,A,EBAY
7/10/2023,A,ECL
7/10/2023,A,ED
7/10/2023,A,EFX
7/10/2023,A,EG
7/10/2023,A,EIX
7/10/2023,A,EL
7/10/2023,A,ELV
7/10/2023,A,EMN
7/10/2023,A,EMR
7/10/2023,A,ENPH
7/10/2023,A,EOG
7/10/2023,A,EPAM
7/10/2023,A,EQIX
7/10/2023,A,EQR
7/10/2023,A,EQT
7/10/2023,A,ES
7/10/2023,A,ESS
7/10/2023,A,ETN
7/10/2023,A,ETR
7/10/2023,A,ETSY
7/10/2023,A,EVRG
7/10/2023,A,EW
7/10/2023,A,EXC
7/10/2023,A,EXPD
7/10/2023,A,EXPE
7/10/2023,A,EXR
7/10/2023,A,F
7/10/2023,A,FANG
7/10/2023,A,FAST
7/10/2023,A,FCX
7/10/2023,A,FDS
7/10/2023,A,FDX
7/10/2023,A,FE
7/10/2023,A,FFIV
7/10/2023,A,FI
7/10/2023,A,FICO
7/10/2023,A,FIS
7/10/2023,A,FITB
7/10/2023,A,FLT
7/10/2023,A,FMC
7/10/2023,A,FOX
7/10/2023,A,FOXA
7/10/2023,A,FRT
7/10/2023,A,FSLR
7/10/2023,A,FTNT
7/10/2023,A,FTV
7/10/2023,A,GD
7/10/2023,A,GE
7/10/2023,A,GEHC
7/10/2023,A,GEN
7/10/2023,A,GILD
7/10/2023,A,GIS
7/10/2023,A,GL
7/10/2023,A,GLW
7/10/2023,A,GM
7/10/2023,A,GNRC
7/10/2023,A,GOOG
7/10/2023,A,GOOGL
7/10/2023,A,GPC
7/10/2023,A,GPN
7/10/2023,A,GRMN
7/10/2023,A,GS
7/10/2023,A,GWW
7/10/2023,A,HAL
7/10/2023,A,HAS
7/10/2023,A,HBAN
7/10/2023,A,HCA
7/10/2023,A,HD
7/10/2023,A,HES
7/10/2023,A,HIG
7/10/2023,A,HII
7/10/2023,A,HLT
7/10/2023,A,HOLX
7/10/2023,A,HON
7/10/2023,A,HPE
7/10/2023,A,HPQ
7/10/2023,A,HRL
7/10/2023,A,HSIC
7/10/2023,A,HST
7/10/2023,A,HSY
7/10/2023,A,HUM
7/10/2023,A,HWM
7/10/2023,A,IBM
7/10/2023,A,ICE
7/10/2023,A,IDXX
7/10/2023,A,IEX
7/10/2023,A,IFF
7/10/2023,A,ILMN
7/10/2023,A,INCY
7/10/2023,A,INTC
7/10/2023,A,INTU
7/10/2023,A,INVH
7/10/2023,A,IP
7/10/2023,A,IPG
7/10/2023,A,IQV
7/10/2023,A,IR
7/10/2023,A,IRM
7/10/2023,A,ISRG
7/10/2023,A,IT
7/10/2023,A,ITW
7/10/2023,A,IVZ
7/10/2023,A,J
7/10/2023,A,JBHT
7/10/2023,A,JCI
7/10/2023,A,JKHY
7/10/2023,A,JNJ
7/10/2023,A,JNPR
7/10/2023,A,JPM
7/10/2023,A,K
7/10/2023,A,KDP
7/10/2023,A,KEY
7/10/2023,A,KEYS
7/10/2023,A,KHC
7/10/2023,A,KIM
7/10/2023,A,KLAC
7/10/2023,A,KMB
7/10/2023,A,KMI
7/10/2023,A,KMX
7/10/2023,A,KO
7/10/2023,A,KR
7/10/2023,A,L
7/10/2023,A,LDOS
7/10/2023,A,LEN
7/10/2023,A,LH
7/10/2023,A,LHX
7/10/2023,A,LIN
7/10/2023,A,LKQ
7/10/2023,A,LLY
7/10/2023,A,LMT
7/10/2023,A,LNC
7/10/2023,A,LNT
7/10/2023,A,LOW
7/10/2023,A,LRCX
7/10/2023,A,LUV
7/10/2023,A,LVS
7/10/2023,A,LW
7/10/2023,A,LYB
7/10/2023,A,LYV
7/10/2023,A,MA
7/10/2023,A,MAA
7/10/2023,A,MAR
7/10/2023,A,MAS
7/10/2023,A,MCD
7/10/2023,A,MCHP
7/10/2023,A,MCK
7/10/2023,A,MCO
7/10/2023,A,MDLZ
7/10/2023,A,MDT
7/10/2023,A,MET
7/10/2023,A,META
7/10/2023,A,MGM
7/10/2023,A,MHK
7/10/2023,A,MKC
7/10/2023,A,MKTX
7/10/2023,A,MLM
7/10/2023,A,MMC
7/10/2023,A,MMM
7/10/2023,A,MNST
7/10/2023,A,MO
7/10/2023,A,MOH
7/10/2023,A,MOS
7/10/2023,A,MPC
7/10/2023,A,MPWR
7/10/2023,A,MRK
7/10/2023,A,MRNA
7/10/2023,A,MRO
7/10/2023,A,MS
7/10/2023,A,MSCI
7/10/2023,A,MSFT
7/10/2023,A,MSI
7/10/2023,A,MTB
7/10/2023,A,MTCH
7/10/2023,A,MTD
7/10/2023,A,MU
7/10/2023,A,NCLH
7/10/2023,A,NDAQ
7/10/2023,A,NDSN
7/10/2023,A,NEE
7/10/2023,A,NEM
7/10/2023,A,NFLX
7/10/2023,A,NI
7/10/2023,A,NKE
7/10/2023,A,NOC
7/10/2023,A,NOW
7/10/2023,A,NRG
7/10/2023,A,NSC
7/10/2023,A,NTAP
7/10/2023,A,NTRS
7/10/2023,A,NUE
7/10/2023,A,NVDA
7/10/2023,A,NVR
7/10/2023,A,NWL
7/10/2023,A,NWS
7/10/2023,A,NWSA
7/10/2023,A,NXPI
7/10/2023,A,O
7/10/2023,A,ODFL
7/10/2023,A,OGN
7/10/2023,A,OKE
7/10/2023,A,OMC
7/10/2023,A,ON
7/10/2023,A,ORCL
7/10/2023,A,ORLY
7/10/2023,A,OTIS
7/10/2023,A,OXY
7/10/2023,A,PANW
7/10/2023,A,PARA
7/10/2023,A,PAYC
7/10/2023,A,PAYX
7/10/2023,A,PCAR
7/10/2023,A,PCG
7/10/2023,A,PEAK
7/10/2023,A,PEG
7/10/2023,A,PEP
7/10/2023,A,PFE
7/10/2023,A,PFG
7/10/2023,A,PG
7/10/2023,A,PGR
7/10/2023,A,PH
7/10/2023,A,PHM
7/10/2023,A,PKG
7/10/2023,A,PLD
7/10/2023,A,PM
7/10/2023,A,PNC
7/10/2023,A,PNR
7/10/2023,A,PNW
7/10/2023,A,PODD
7/10/2023,A,POOL
7/10/2023,A,PPG
7/10/2023,A,PPL
7/10/2023,A,PRU
7/10/2023,A,PSA
7/10/2023,A,PSX
7/10/2023,A,PTC
7/10/2023,A,PWR
7/10/2023,A,PXD
7/10/2023,A,PYPL
7/10/2023,A,QCOM
7/10/2023,A,QRVO
7/10/2023,A,RCL
7/10/2023,A,REG
7/10/2023,A,REGN
7/10/2023,A,RF
7/10/2023,A,RHI
7/10/2023,A,RJF
7/10/2023,A,RL
7/10/2023,A,RMD
7/10/2023,A,ROK
7/10/2023,A,ROL
7/10/2023,A,ROP
7/10/2023,A,ROST
7/10/2023,A,RSG
7/10/2023,A,RTX
7/10/2023,A,RVTY
7/10/2023,A,SBAC
7/10/2023,A,SBUX
7/10/2023,A,SCHW
7/10/2023,A,SEDG
7/10/2023,A,SEE
7/10/2023,A,SHW
7/10/2023,A,SJM
7/10/2023,A,SLB
7/10/2023,A,SNA
7/10/2023,A,SNPS
7/10/2023,A,SO
7/10/2023,A,SPG
7/10/2023,A,SPGI
7/10/2023,A,SRE
7/10/2023,A,STE
7/10/2023,A,STLD
7/10/2023,A,STT
7/10/2023,A,STX
7/10/2023,A,STZ
7/10/2023,A,SWK
7/10/2023,A,SWKS
7/10/2023,A,SYF
7/10/2023,A,SYK
7/10/2023,A,SYY
7/10/2023,A,T
7/10/2023,A,TAP
7/10/2023,A,TDG
7/10/2023,A,TDY
7/10/2023,A,TECH
7/10/2023,A,TEL
7/10/2023,A,TER
7/10/2023,A,TFC
7/10/2023,A,TFX
7/10/2023,A,TGT
7/10/2023,A,TJX
7/10/2023,A,TMO
7/10/2023,A,TMUS
7/10/2023,A,TPR
7/10/2023,A,TRGP
7/10/2023,A,TRMB
7/10/2023,A,TROW
7/10/2023,A,TRV
7/10/2023,A,TSCO
7/10/2023,A,TSLA
7/10/2023,A,TSN
7/10/2023,A,TT
7/10/2023,A,TTWO
7/10/2023,A,TXN
7/10/2023,A,TXT
7/10/2023,A,TYL
7/10/2023,A,UAL
7/10/2023,A,UDR
7/10/2023,A,UHS
7/10/2023,A,ULTA
7/10/2023,A,UNH
7/10/2023,A,UNP
7/10/2023,A,UPS
7/10/2023,A,URI
7/10/2023,A,USB
7/10/2023,A,V
7/10/2023,A,VFC
7/10/2023,A,VICI
7/10/2023,A,VLO
7/10/2023,A,VMC
7/10/2023,A,VRSK
7/10/2023,A,VRSN
7/10/2023,A,VRTX
7/10/2023,A,VTR
7/10/2023,A,VTRS
7/10/2023,A,VZ
7/10/2023,A,WAB
7/10/2023,A,WAT
7/10/2023,A,WBA
7/10/2023,A,WBD
7/10/2023,A,WDC
7/10/2023,A,WEC
7/10/2023,A,WELL
7/10/2023,A,WFC
7/10/2023,A,WHR
7/10/2023,A,WM
7/10/2023,A,WMB
7/10/2023,A,WMT
7/10/2023,A,WRB
7/10/2023,A,WRK
7/10/2023,A,WST
7/10/2023,A,WTW
7/10/2023,A,WY
7/10/2023,A,WYNN
7/10/2023,A,XEL
7/10/2023,A,XOM
7/10/2023,A,XRAY
7/10/2023,A,XYL
7/10/2023,A,YUM
7/10/2023,A,ZBH
7/10/2023,A,ZBRA
7/10/2023,A,ZION
7/10/2023,A,ZTS
10/2/2023,A,AAL
10/2/2023,A,AAPL
10/2/2023,A,ABBV
10/2/2023,A,ABNB
10/2/2023,A,ABT
10/2/2023,A,ACGL
10/2/2023,A,ACN
10/2/2023,A,ADBE
10/2/2023,A,ADI
10/2/2023,A,ADM
10/2/2023,A,ADP
10/2/2023,A,ADSK
10/2/2023,A,AEE
10/2/2023,A,AEP
10/2/2023,A,AES
10/2/2023,A,AFL
10/2/2023,A,AIG
10/2/2023,A,AIZ
10/2/2023,A,AJG
10/2/2023,A,AKAM
10/2/2023,A,ALB
10/2/2023,A,ALGN
10/2/2023,A,ALK
10/2/2023,A,ALL
10/2/2023,A,ALLE
10/2/2023,A,AMAT
10/2/2023,A,AMCR
10/2/2023,A,AMD
10/2/2023,A,AME
10/2/2023,A,AMGN
10/2/2023,A,AMP
10/2/2023,A,AMT
10/2/2023,A,AMZN
10/2/2023,A,ANET
10/2/2023,A,ANSS
10/2/2023,A,AON
10/2/2023,A,AOS
10/2/2023,A,APA
10/2/2023,A,APD
10/2/2023,A,APH
10/2/2023,A,APTV
10/2/2023,A,ARE
10/2/2023,A,ATO
10/2/2023,A,ATVI
10/2/2023,A,AVB
10/2/2023,A,AVGO
10/2/2023,A,AVY
10/2/2023,A,AWK
10/2/2023,A,AXON
10/2/2023,A,AXP
10/2/2023,A,AZO
10/2/2023,A,BA
10/2/2023,A,BAC
10/2/2023,A,BALL
10/2/2023,A,BAX
10/2/2023,A,BBWI
10/2/2023,A,BBY
10/2/2023,A,BDX
10/2/2023,A,BEN
10/2/2023,A,BF.B
10/2/2023,A,BG
10/2/2023,A,BIIB
10/2/2023,A,BIO
10/2/2023,A,BK
10/2/2023,A,BKNG
10/2/2023,A,BKR
10/2/2023,A,BLK
10/2/2023,A,BMY
10/2/2023,A,BR
10/2/2023,A,BRK.B
10/2/2023,A,BRO
10/2/2023,A,BSX
10/2/2023,A,BWA
10/2/2023,A,BX
10/2/2023,A,BXP
10/2/2023,A,C
10/2/2023,A,CAG
10/2/2023,A,CAH
10/2/2023,A,CARR
10/2/2023,A,CAT
10/2/2023,A,CB
10/2/2023,A,CBOE
10/2/2023,A,CBRE
10/2/2023,A,CCI
10/2/2023,A,CCL
10/2/2023,A,CDAY
10/2/2023,A,CDNS
10/2/2023,A,CDW
10/2/2023,A,CE
10/2/2023,A,CEG
10/2/2023,A,CF
10/2/2023,A,CFG
10/2/2023,A,CHD
10/2/2023,A,CHRW
10/2/2023,A,CHTR
10/2/2023,A,CI
10/2/2023,A,CINF
10/2/2023,A,CL
10/2/2023,A,CLX
10/2/2023,A,CMA
10/2/2023,A,CMCSA
10/2/2023,A,CME
10/2/2023,A,CMG
10/2/2023,A,CMI
10/2/2023,A,CMS
10/2/2023,A,CNC
10/2/2023,A,CNP
10/2/2023,A,COF
10/2/2023,A,COO
10/2/2023,A,COP
10/2/2023,A,COR
10/2/2023,A,COST
10/2/2023,A,CPB
10/2/2023,A,CPRT
10/2/2023,A,CPT
10/2/2023,A,CRL
10/2/2023,A,CRM
10/2/2023,A,CSCO
10/2/2023,A,CSGP
10/2/2023,A,CSX
10/2/2023,A,CTAS
10/2/2023,A,CTLT
10/2/2023,A,CTRA
10/2/2023,A,CTSH
10/2/2023,A,CTVA
10/2/2023,A,CVS
10/2/2023,A,CVX
10/2/2023,A,CZR
10/2/2023,A,D
10/2/2023,A,DAL
10/2/2023,A,DD
10/2/2023,A,DE
10/2/2023,A,DFS
10/2/2023,A,DG
10/2/2023,A,DGX
10/2/2023,A,DHI
10/2/2023,A,DHR
10/2/2023,A,DIS
10/2/2023,A,DLR
10/2/2023,A,DLTR
10/2/2023,A,DOV
10/2/2023,A,DOW
10/2/2023,A,DPZ
10/2/2023,A,DRI
10/2/2023,A,DTE
10/2/2023,A,DUK
10/2/2023,A,DVA
10/2/2023,A,DVN
10/2/2023,A,DXCM
10/2/2023,A,EA
10/2/2023,A,EBAY
10/2/2023,A,ECL
10/2/2023,A,ED
10/2/2023,A,EFX
10/2/2023,A,EG
10/2/2023,A,EIX
10/2/2023,A,EL
10/2/2023,A,ELV
10/2/2023,A,EMN
10/2/2023,A,EMR
10/2/2023,A,ENPH
10/2/2023,A,EOG
10/2/2023,A,EPAM
10/2/2023,A,EQIX
10/2/2023,A,EQR
10/2/2023,A,EQT
10/2/2023,A,ES
10/2/2023,A,ESS
10/2/2023,A,ETN
10/2/2023,A,ETR
10/2/2023,A,ETSY
10/2/2023,A,EVRG
10/2/2023,A,EW
10/2/2023,A,EXC
10/2/2023,A,EXPD
10/2/2023,A,EXPE
10/2/2023,A,EXR
10/2/2023,A,F
10/2/2023,A,FANG
10/2/2023,A,FAST
10/2/2023,A,FCX
10/2/2023,A,FDS
10/2/2023,A,FDX
10/2/2023,A,FE
10/2/2023,A,FFIV
10/2/2023,A,FI
10/2/2023,A,FICO
10/2/2023,A,FIS
10/2/2023,A,FITB
10/2/2023,A,FLT
10/2/2023,A,FMC
10/2/2023,A,FOX
10/2/2023,A,FOXA
10/2/2023,A,FRT
10/2/2023,A,FSLR
10/2/2023,A,FTNT
10/2/2023,A,FTV
10/2/2023,A,GD
10/2/2023,A,GE
10/2/2023,A,GEHC
10/2/2023,A,GEN
10/2/2023,A,GILD
10/2/2023,A,GIS
10/2/2023,A,GL
10/2/2023,A,GLW
10/2/2023,A,GM
10/2/2023,A,GNRC
10/2/2023,A,GOOG
10/2/2023,A,GOOGL
10/2/2023,A,GPC
10/2/2023,A,GPN
10/2/2023,A,GRMN
10/2/2023,A,GS
10/2/2023,A,GWW
10/2/2023,A,HAL
10/2/2023,A,HAS
10/2/2023,A,HBAN
10/2/2023,A,HCA
10/2/2023,A,HD
10/2/2023,A,HES
10/2/2023,A,HIG
10/2/2023,A,HII
10/2/2023,A,HLT
10/2/2023,A,HOLX
10/2/2023,A,HON
10/2/2023,A,HPE
10/2/2023,A,HPQ
10/2/2023,A,HRL
10/2/2023,A,HSIC
10/2/2023,A,HST
10/2/2023,A,HSY
10/2/2023,A,HUM
10/2/2023,A,HWM
10/2/2023,A,IBM
10/2/2023,A,ICE
10/2/2023,A,IDXX
10/2/2023,A,IEX
10/2/2023,A,IFF
10/2/2023,A,ILMN
10/2/2023,A,INCY
10/2/2023,A,INTC
10/2/2023,A,INTU
10/2/2023,A,INVH
10/2/2023,A,IP
10/2/2023,A,IPG
10/2/2023,A,IQV
10/2/2023,A,IR
10/2/2023,A,IRM
10/2/2023,A,ISRG
10/2/2023,A,IT
10/2/2023,A,ITW
10/2/2023,A,IVZ
10/2/2023,A,J
10/2/2023,A,JBHT
10/2/2023,A,JCI
10/2/2023,A,JKHY
10/2/2023,A,JNJ
10/2/2023,A,JNPR
10/2/2023,A,JPM
10/2/2023,A,K
10/2/2023,A,KDP
10/2/2023,A,KEY
10/2/2023,A,KEYS
10/2/2023,A,KHC
10/2/2023,A,KIM
10/2/2023,A,KLAC
10/2/2023,A,KMB
10/2/2023,A,KMI
10/2/2023,A,KMX
10/2/2023,A,KO
10/2/2023,A,KR
10/2/2023,A,KVUE
10/2/2023,A,L
10/2/2023,A,LDOS
10/2/2023,A,LEN
10/2/2023,A,LH
10/2/2023,A,LHX
10/2/2023,A,LIN
10/2/2023,A,LKQ
10/2/2023,A,LLY
10/2/2023,A,LMT
10/2/2023,A,LNT
10/2/2023,A,LOW
10/2/2023,A,LRCX
10/2/2023,A,LUV
10/2/2023,A,LVS
10/2/2023,A,LW
10/2/2023,A,LYB
10/2/2023,A,LYV
10/2/2023,A,MA
10/2/2023,A,MAA
10/2/2023,A,MAR
10/2/2023,A,MAS
10/2/2023,A,MCD
10/2/2023,A,MCHP
10/2/2023,A,MCK
10/2/2023,A,MCO
10/2/2023,A,MDLZ
10/2/2023,A,MDT
10/2/2023,A,MET
10/2/2023,A,META
10/2/2023,A,MGM
10/2/2023,A,MHK
10/2/2023,A,MKC
10/2/2023,A,MKTX
10/2/2023,A,MLM
10/2/2023,A,MMC
10/2/2023,A,MMM
10/2/2023,A,MNST
10/2/2023,A,MO
10/2/2023,A,MOH
10/2/2023,A,MOS
10/2/2023,A,MPC
10/2/2023,A,MPWR
10/2/2023,A,MRK
10/2/2023,A,MRNA
10/2/2023,A,MRO
10/2/2023,A,MS
10/2/2023,A,MSCI
10/2/2023,A,MSFT
10/2/2023,A,MSI
10/2/2023,A,MTB
10/2/2023,A,MTCH
10/2/2023,A,MTD
10/2/2023,A,MU
10/2/2023,A,NCLH
10/2/2023,A,NDAQ
10/2/2023,A,NDSN
10/2/2023,A,NEE
10/2/2023,A,NEM
10/2/2023,A,NFLX
10/2/2023,A,NI
10/2/2023,A,NKE
10/2/2023,A,NOC
10/2/2023,A,NOW
10/2/2023,A,NRG
10/2/2023,A,NSC
10/2/2023,A,NTAP
10/2/2023,A,NTRS
10/2/2023,A,NUE
10/2/2023,A,NVDA
10/2/2023,A,NVR
10/2/2023,A,NWS
10/2/2023,A,NWSA
10/2/2023,A,NXPI
10/2/2023,A,O
10/2/2023,A,ODFL
10/2/2023,A,OGN
10/2/2023,A,OKE
10/2/2023,A,OMC
10/2/2023,A,ON
10/2/2023,A,ORCL
10/2/2023,A,ORLY
10/2/2023,A,OTIS
10/2/2023,A,OXY
10/2/2023,A,PANW
10/2/2023,A,PARA
10/2/2023,A,PAYC
10/2/2023,A,PAYX
10/2/2023,A,PCAR
10/2/2023,A,PCG
10/2/2023,A,PEAK
10/2/2023,A,PEG
10/2/2023,A,PEP
10/2/2023,A,PFE
10/2/2023,A,PFG
10/2/2023,A,PG
10/2/2023,A,PGR
10/2/2023,A,PH
10/2/2023,A,PHM
10/2/2023,A,PKG
10/2/2023,A,PLD
10/2/2023,A,PM
10/2/2023,A,PNC
10/2/2023,A,PNR
10/2/2023,A,PNW
10/2/2023,A,PODD
10/2/2023,A,POOL
10/2/2023,A,PPG
10/2/2023,A,PPL
10/2/2023,A,PRU
10/2/2023,A,PSA
10/2/2023,A,PSX
10/2/2023,A,PTC
10/2/2023,A,PWR
10/2/2023,A,PXD
10/2/2023,A,PYPL
10/2/2023,A,QCOM
10/2/2023,A,QRVO
10/2/2023,A,RCL
10/2/2023,A,REG
10/2/2023,A,REGN
10/2/2023,A,RF
10/2/2023,A,RHI
10/2/2023,A,RJF
10/2/2023,A,RL
10/2/2023,A,RMD
10/2/2023,A,ROK
10/2/2023,A,ROL
10/2/2023,A,ROP
10/2/2023,A,ROST
10/2/2023,A,RSG
10/2/2023,A,RTX
10/2/2023,A,RVTY
10/2/2023,A,SBAC
10/2/2023,A,SBUX
10/2/2023,A,SCHW
10/2/2023,A,SEDG
10/2/2023,A,SEE
10/2/2023,A,SHW
10/2/2023,A,SJM
10/2/2023,A,SLB
10/2/2023,A,SNA
10/2/2023,A,SNPS
10/2/2023,A,SO
10/2/2023,A,SPG
10/2/2023,A,SPGI
10/2/2023,A,SRE
10/2/2023,A,STE
10/2/2023,A,STLD
10/2/2023,A,STT
10/2/2023,A,STX
10/2/2023,A,STZ
10/2/2023,A,SWK
10/2/2023,A,SWKS
10/2/2023,A,SYF
10/2/2023,A,SYK
10/2/2023,A,SYY
10/2/2023,A,T
10/2/2023,A,TAP
10/2/2023,A,TDG
10/2/2023,A,TDY
10/2/2023,A,TECH
10/2/2023,A,TEL
10/2/2023,A,TER
10/2/2023,A,TFC
10/2/2023,A,TFX
10/2/2023,A,TGT
10/2/2023,A,TJX
10/2/2023,A,TMO
10/2/2023,A,TMUS
10/2/2023,A,TPR
10/2/2023,A,TRGP
10/2/2023,A,TRMB
10/2/2023,A,TROW
10/2/2023,A,TRV
10/2/2023,A,TSCO
10/2/2023,A,TSLA
10/2/2023,A,TSN
10/2/2023,A,TT
10/2/2023,A,TTWO
10/2/2023,A,TXN
10/2/2023,A,TXT
10/2/2023,A,TYL
10/2/2023,A,UAL
10/2/2023,A,UDR
10/2/2023,A,UHS
10/2/2023,A,ULTA
10/2/2023,A,UNH
10/2/2023,A,UNP
10/2/2023,A,UPS
10/2/2023,A,URI
10/2/2023,A,USB
10/2/2023,A,V
10/2/2023,A,VFC
10/2/2023,A,VICI
10/2/2023,A,VLO
10/2/2023,A,VLTO
10/2/2023,A,VMC
10/2/2023,A,VRSK
10/2/2023,A,VRSN
10/2/2023,A,VRTX
10/2/2023,A,VTR
10/2/2023,A,VTRS
10/2/2023,A,VZ
10/2/2023,A,WAB
10/2/2023,A,WAT
10/2/2023,A,WBA
10/2/2023,A,WBD
10/2/2023,A,WDC
10/2/2023,A,WEC
10/2/2023,A,WELL
10/2/2023,A,WFC
10/2/2023,A,WHR
10/2/2023,A,WM
10/2/2023,A,WMB
10/2/2023,A,WMT
10/2/2023,A,WRB
10/2/2023,A,WRK
10/2/2023,A,WST
10/2/2023,A,WTW
10/2/2023,A,WY
10/2/2023,A,WYNN
10/2/2023,A,XEL
10/2/2023,A,XOM
10/2/2023,A,XRAY
10/2/2023,A,XYL
10/2/2023,A,YUM
10/2/2023,A,ZBH
10/2/2023,A,ZBRA
10/2/2023,A,ZION
10/2/2023,A,ZTS
2/1/2024,A,AAL
2/1/2024,A,AAPL
2/1/2024,A,ABBV
2/1/2024,A,ABNB
2/1/2024,A,ABT
2/1/2024,A,ACGL
2/1/2024,A,ACN
2/1/2024,A,ADBE
2/1/2024,A,ADI
2/1/2024,A,ADM
2/1/2024,A,ADP
2/1/2024,A,ADSK
2/1/2024,A,AEE
2/1/2024,A,AEP
2/1/2024,A,AES
2/1/2024,A,AFL
2/1/2024,A,AIG
2/1/2024,A,AIZ
2/1/2024,A,AJG
2/1/2024,A,AKAM
2/1/2024,A,ALB
2/1/2024,A,ALGN
2/1/2024,A,ALL
2/1/2024,A,ALLE
2/1/2024,A,AMAT
2/1/2024,A,AMCR
2/1/2024,A,AMD
2/1/2024,A,AME
2/1/2024,A,AMGN
2/1/2024,A,AMP
2/1/2024,A,AMT
2/1/2024,A,AMZN
2/1/2024,A,ANET
2/1/2024,A,ANSS
2/1/2024,A,AON
2/1/2024,A,AOS
2/1/2024,A,APA
2/1/2024,A,APD
2/1/2024,A,APH
2/1/2024,A,APTV
2/1/2024,A,ARE
2/1/2024,A,ATO
2/1/2024,A,AVB
2/1/2024,A,AVGO
2/1/2024,A,AVY
2/1/2024,A,AWK
2/1/2024,A,AXON
2/1/2024,A,AXP
2/1/2024,A,AZO
2/1/2024,A,BA
2/1/2024,A,BAC
2/1/2024,A,BALL
2/1/2024,A,BAX
2/1/2024,A,BBWI
2/1/2024,A,BBY
2/1/2024,A,BDX
2/1/2024,A,BEN
2/1/2024,A,BF.B
2/1/2024,A,BG
2/1/2024,A,BIIB
2/1/2024,A,BIO
2/1/2024,A,BK
2/1/2024,A,BKNG
2/1/2024,A,BKR
2/1/2024,A,BLDR
2/1/2024,A,BLK
2/1/2024,A,BMY
2/1/2024,A,BR
2/1/2024,A,BRK.B
2/1/2024,A,BRO
2/1/2024,A,BSX
2/1/2024,A,BWA
2/1/2024,A,BX
2/1/2024,A,BXP
2/1/2024,A,C
2/1/2024,A,CAG
2/1/2024,A,CAH
2/1/2024,A,CARR
2/1/2024,A,CAT
2/1/2024,A,CB
2/1/2024,A,CBOE
2/1/2024,A,CBRE
2/1/2024,A,CCI
2/1/2024,A,CCL
2/1/2024,A,CDNS
2/1/2024,A,CDW
2/1/2024,A,CE
2/1/2024,A,CEG
2/1/2024,A,CF
2/1/2024,A,CFG
2/1/2024,A,CHD
2/1/2024,A,CHRW
2/1/2024,A,CHTR
2/1/2024,A,CI
2/1/2024,A,CINF
2/1/2024,A,CL
2/1/2024,A,CLX
2/1/2024,A,CMA
2/1/2024,A,CMCSA
2/1/2024,A,CME
2/1/2024,A,CMG
2/1/2024,A,CMI
2/1/2024,A,CMS
2/1/2024,A,CNC
2/1/2024,A,CNP
2/1/2024,A,COF
2/1/2024,A,COO
2/1/2024,A,COP
2/1/2024,A,COR
2/1/2024,A,COST
2/1/2024,A,CPB
2/1/2024,A,CPRT
2/1/2024,A,CPT
2/1/2024,A,CRL
2/1/2024,A,CRM
2/1/2024,A,CSCO
2/1/2024,A,CSGP
2/1/2024,A,CSX
2/1/2024,A,CTAS
2/1/2024,A,CTLT
2/1/2024,A,CTRA
2/1/2024,A,CTSH
2/1/2024,A,CTVA
2/1/2024,A,CVS
2/1/2024,A,CVX
2/1/2024,A,CZR
2/1/2024,A,D
2/1/2024,A,DAL
2/1/2024,A,DAY
2/1/2024,A,DD
2/1/2024,A,DE
2/1/2024,A,DFS
2/1/2024,A,DG
2/1/2024,A,DGX
2/1/2024,A,DHI
2/1/2024,A,DHR
2/1/2024,A,DIS
2/1/2024,A,DLR
2/1/2024,A,DLTR
2/1/2024,A,DOV
2/1/2024,A,DOW
2/1/2024,A,DPZ
2/1/2024,A,DRI
2/1/2024,A,DTE
2/1/2024,A,DUK
2/1/2024,A,DVA
2/1/2024,A,DVN
2/1/2024,A,DXCM
2/1/2024,A,EA
2/1/2024,A,EBAY
2/1/2024,A,ECL
2/1/2024,A,ED
2/1/2024,A,EFX
2/1/2024,A,EG
2/1/2024,A,EIX
2/1/2024,A,EL
2/1/2024,A,ELV
2/1/2024,A,EMN
2/1/2024,A,EMR
2/1/2024,A,ENPH
2/1/2024,A,EOG
2/1/2024,A,EPAM
2/1/2024,A,EQIX
2/1/2024,A,EQR
2/1/2024,A,EQT
2/1/2024,A,ES
2/1/2024,A,ESS
2/1/2024,A,ETN
2/1/2024,A,ETR
2/1/2024,A,ETSY
2/1/2024,A,EVRG
2/1/2024,A,EW
2/1/2024,A,EXC
2/1/2024,A,EXPD
2/1/2024,A,EXPE
2/1/2024,A,EXR
2/1/2024,A,F
2/1/2024,A,FANG
2/1/2024,A,FAST
2/1/2024,A,FCX
2/1/2024,A,FDS
2/1/2024,A,FDX
2/1/2024,A,FE
2/1/2024,A,FFIV
2/1/2024,A,FI
2/1/2024,A,FICO
2/1/2024,A,FIS
2/1/2024,A,FITB
2/1/2024,A,FLT
2/1/2024,A,FMC
2/1/2024,A,FOX
2/1/2024,A,FOXA
2/1/2024,A,FRT
2/1/2024,A,FSLR
2/1/2024,A,FTNT
2/1/2024,A,FTV
2/1/2024,A,GD
2/1/2024,A,GE
2/1/2024,A,GEHC
2/1/2024,A,GEN
2/1/2024,A,GILD
2/1/2024,A,GIS
2/1/2024,A,GL
2/1/2024,A,GLW
2/1/2024,A,GM
2/1/2024,A,GNRC
2/1/2024,A,GOOG
2/1/2024,A,GOOGL
2/1/2024,A,GPC
2/1/2024,A,GPN
2/1/2024,A,GRMN
2/1/2024,A,GS
2/1/2024,A,GWW
2/1/2024,A,HAL
2/1/2024,A,HAS
2/1/2024,A,HBAN
2/1/2024,A,HCA
2/1/2024,A,HD
2/1/2024,A,HES
2/1/2024,A,HIG
2/1/2024,A,HII
2/1/2024,A,HLT
2/1/2024,A,HOLX
2/1/2024,A,HON
2/1/2024,A,HPE
2/1/2024,A,HPQ
2/1/2024,A,HRL
2/1/2024,A,HSIC
2/1/2024,A,HST
2/1/2024,A,HSY
2/1/2024,A,HUBB
2/1/2024,A,HUM
2/1/2024,A,HWM
2/1/2024,A,IBM
2/1/2024,A,ICE
2/1/2024,A,IDXX
2/1/2024,A,IEX
2/1/2024,A,IFF
2/1/2024,A,ILMN
2/1/2024,A,INCY
2/1/2024,A,INTC
2/1/2024,A,INTU
2/1/2024,A,INVH
2/1/2024,A,IP
2/1/2024,A,IPG
2/1/2024,A,IQV
2/1/2024,A,IR
2/1/2024,A,IRM
2/1/2024,A,ISRG
2/1/2024,A,IT
2/1/2024,A,ITW
2/1/2024,A,IVZ
2/1/2024,A,J
2/1/2024,A,JBHT
2/1/2024,A,JBL
2/1/2024,A,JCI
2/1/2024,A,JKHY
2/1/2024,A,JNJ
2/1/2024,A,JNPR
2/1/2024,A,JPM
2/1/2024,A,K
2/1/2024,A,KDP
2/1/2024,A,KEY
2/1/2024,A,KEYS
2/1/2024,A,KHC
2/1/2024,A,KIM
2/1/2024,A,KLAC
2/1/2024,A,KMB
2/1/2024,A,KMI
2/1/2024,A,KMX
2/1/2024,A,KO
2/1/2024,A,KR
2/1/2024,A,KVUE
2/1/2024,A,L
2/1/2024,A,LDOS
2/1/2024,A,LEN
2/1/2024,A,LH
2/1/2024,A,LHX
2/1/2024,A,LIN
2/1/2024,A,LKQ
2/1/2024,A,LLY
2/1/2024,A,LMT
2/1/2024,A,LNT
2/1/2024,A,LOW
2/1/2024,A,LRCX
2/1/2024,A,LULU
2/1/2024,A,LUV
2/1/2024,A,LVS
2/1/2024,A,LW
2/1/2024,A,LYB
2/1/2024,A,LYV
2/1/2024,A,MA
2/1/2024,A,MAA
2/1/2024,A,MAR
2/1/2024,A,MAS
2/1/2024,A,MCD
2/1/2024,A,MCHP
2/1/2024,A,MCK
2/1/2024,A,MCO
2/1/2024,A,MDLZ
2/1/2024,A,MDT
2/1/2024,A,MET
2/1/2024,A,META
2/1/2024,A,MGM
2/1/2024,A,MHK
2/1/2024,A,MKC
2/1/2024,A,MKTX
2/1/2024,A,MLM
2/1/2024,A,MMC
2/1/2024,A,MMM
2/1/2024,A,MNST
2/1/2024,A,MO
2/1/2024,A,MOH
2/1/2024,A,MOS
2/1/2024,A,MPC
2/1/2024,A,MPWR
2/1/2024,A,MRK
2/1/2024,A,MRNA
2/1/2024,A,MRO
2/1/2024,A,MS
2/1/2024,A,MSCI
2/1/2024,A,MSFT
2/1/2024,A,MSI
2/1/2024,A,MTB
2/1/2024,A,MTCH
2/1/2024,A,MTD
2/1/2024,A,MU
2/1/2024,A,NCLH
2/1/2024,A,NDAQ
2/1/2024,A,NDSN
2/1/2024,A,NEE
2/1/2024,A,NEM
2/1/2024,A,NFLX
2/1/2024,A,NI
2/1/2024,A,NKE
2/1/2024,A,NOC
2/1/2024,A,NOW
2/1/2024,A,NRG
2/1/2024,A,NSC
2/1/2024,A,NTAP
2/1/2024,A,NTRS
2/1/2024,A,NUE
2/1/2024,A,NVDA
2/1/2024,A,NVR
2/1/2024,A,NWS
2/1/2024,A,NWSA
2/1/2024,A,NXPI
2/1/2024,A,O
2/1/2024,A,ODFL
2/1/2024,A,OKE
2/1/2024,A,OMC
2/1/2024,A,ON
2/1/2024,A,ORCL
2/1/2024,A,ORLY
2/1/2024,A,OTIS
2/1/2024,A,OXY
2/1/2024,A,PANW
2/1/2024,A,PARA
2/1/2024,A,PAYC
2/1/2024,A,PAYX
2/1/2024,A,PCAR
2/1/2024,A,PCG
2/1/2024,A,PEAK
2/1/2024,A,PEG
2/1/2024,A,PEP
2/1/2024,A,PFE
2/1/2024,A,PFG
2/1/2024,A,PG
2/1/2024,A,PGR
2/1/2024,A,PH
2/1/2024,A,PHM
2/1/2024,A,PKG
2/1/2024,A,PLD
2/1/2024,A,PM
2/1/2024,A,PNC
2/1/2024,A,PNR
2/1/2024,A,PNW
2/1/2024,A,PODD
2/1/2024,A,POOL
2/1/2024,A,PPG
2/1/2024,A,PPL
2/1/2024,A,PRU
2/1/2024,A,PSA
2/1/2024,A,PSX
2/1/2024,A,PTC
2/1/2024,A,PWR
2/1/2024,A,PXD
2/1/2024,A,PYPL
2/1/2024,A,QCOM
2/1/2024,A,QRVO
2/1/2024,A,RCL
2/1/2024,A,REG
2/1/2024,A,REGN
2/1/2024,A,RF
2/1/2024,A,RHI
2/1/2024,A,RJF
2/1/2024,A,RL
2/1/2024,A,RMD
2/1/2024,A,ROK
2/1/2024,A,ROL
2/1/2024,A,ROP
2/1/2024,A,ROST
2/1/2024,A,RSG
2/1/2024,A,RTX
2/1/2024,A,RVTY
2/1/2024,A,SBAC
2/1/2024,A,SBUX
2/1/2024,A,SCHW
2/1/2024,A,SHW
2/1/2024,A,SJM
2/1/2024,A,SLB
2/1/2024,A,SNA
2/1/2024,A,SNPS
2/1/2024,A,SO
2/1/2024,A,SPG
2/1/2024,A,SPGI
2/1/2024,A,SRE
2/1/2024,A,STE
2/1/2024,A,STLD
2/1/2024,A,STT
2/1/2024,A,STX
2/1/2024,A,STZ
2/1/2024,A,SWK
2/1/2024,A,SWKS
2/1/2024,A,SYF
2/1/2024,A,SYK
2/1/2024,A,SYY
2/1/2024,A,T
2/1/2024,A,TAP
2/1/2024,A,TDG
2/1/2024,A,TDY
2/1/2024,A,TECH
2/1/2024,A,TEL
2/1/2024,A,TER
2/1/2024,A,TFC
2/1/2024,A,TFX
2/1/2024,A,TGT
2/1/2024,A,TJX
2/1/2024,A,TMO
2/1/2024,A,TMUS
2/1/2024,A,TPR
2/1/2024,A,TRGP
2/1/2024,A,TRMB
2/1/2024,A,TROW
2/1/2024,A,TRV
2/1/2024,A,TSCO
2/1/2024,A,TSLA
2/1/2024,A,TSN
2/1/2024,A,TT
2/1/2024,A,TTWO
2/1/2024,A,TXN
2/1/2024,A,TXT
2/1/2024,A,TYL
2/1/2024,A,UAL
2/1/2024,A,UBER
2/1/2024,A,UDR
2/1/2024,A,UHS
2/1/2024,A,ULTA
2/1/2024,A,UNH
2/1/2024,A,UNP
2/1/2024,A,UPS
2/1/2024,A,URI
2/1/2024,A,USB
2/1/2024,A,V
2/1/2024,A,VFC
2/1/2024,A,VICI
2/1/2024,A,VLO
2/1/2024,A,VLTO
2/1/2024,A,VMC
2/1/2024,A,VRSK
2/1/2024,A,VRSN
2/1/2024,A,VRTX
2/1/2024,A,VTR
2/1/2024,A,VTRS
2/1/2024,A,VZ
2/1/2024,A,WAB
2/1/2024,A,WAT
2/1/2024,A,WBA
2/1/2024,A,WBD
2/1/2024,A,WDC
2/1/2024,A,WEC
2/1/2024,A,WELL
2/1/2024,A,WFC
2/1/2024,A,WHR
2/1/2024,A,WM
2/1/2024,A,WMB
2/1/2024,A,WMT
2/1/2024,A,WRB
2/1/2024,A,WRK
2/1/2024,A,WST
2/1/2024,A,WTW
2/1/2024,A,WY
2/1/2024,A,WYNN
2/1/2024,A,XEL
2/1/2024,A,XOM
2/1/2024,A,XRAY
2/1/2024,A,XYL
2/1/2024,A,YUM
2/1/2024,A,ZBH
2/1/2024,A,ZBRA
2/1/2024,A,ZION
2/1/2024,A,ZTS
4/3/2024,A,AAL
4/3/2024,A,AAPL
4/3/2024,A,ABBV
4/3/2024,A,ABNB
4/3/2024,A,ABT
4/3/2024,A,ACGL
4/3/2024,A,ACN
4/3/2024,A,ADBE
4/3/2024,A,ADI
4/3/2024,A,ADM
4/3/2024,A,ADP
4/3/2024,A,ADSK
4/3/2024,A,AEE
4/3/2024,A,AEP
4/3/2024,A,AES
4/3/2024,A,AFL
4/3/2024,A,AIG
4/3/2024,A,AIZ
4/3/2024,A,AJG
4/3/2024,A,AKAM
4/3/2024,A,ALB
4/3/2024,A,ALGN
4/3/2024,A,ALL
4/3/2024,A,ALLE
4/3/2024,A,AMAT
4/3/2024,A,AMCR
4/3/2024,A,AMD
4/3/2024,A,AME
4/3/2024,A,AMGN
4/3/2024,A,AMP
4/3/2024,A,AMT
4/3/2024,A,AMZN
4/3/2024,A,ANET
4/3/2024,A,ANSS
4/3/2024,A,AON
4/3/2024,A,AOS
4/3/2024,A,APA
4/3/2024,A,APD
4/3/2024,A,APH
4/3/2024,A,APTV
4/3/2024,A,ARE
4/3/2024,A,ATO
4/3/2024,A,AVB
4/3/2024,A,AVGO
4/3/2024,A,AVY
4/3/2024,A,AWK
4/3/2024,A,AXON
4/3/2024,A,AXP
4/3/2024,A,AZO
4/3/2024,A,BA
4/3/2024,A,BAC
4/3/2024,A,BALL
4/3/2024,A,BAX
4/3/2024,A,BBWI
4/3/2024,A,BBY
4/3/2024,A,BDX
4/3/2024,A,BEN
4/3/2024,A,BF.B
4/3/2024,A,BG
4/3/2024,A,BIIB
4/3/2024,A,BIO
4/3/2024,A,BK
4/3/2024,A,BKNG
4/3/2024,A,BKR
4/3/2024,A,BLDR
4/3/2024,A,BLK
4/3/2024,A,BMY
4/3/2024,A,BR
4/3/2024,A,BRK.B
4/3/2024,A,BRO
4/3/2024,A,BSX
4/3/2024,A,BWA
4/3/2024,A,BX
4/3/2024,A,BXP
4/3/2024,A,C
4/3/2024,A,CAG
4/3/2024,A,CAH
4/3/2024,A,CARR
4/3/2024,A,CAT
4/3/2024,A,CB
4/3/2024,A,CBOE
4/3/2024,A,CBRE
4/3/2024,A,CCI
4/3/2024,A,CCL
4/3/2024,A,CDNS
4/3/2024,A,CDW
4/3/2024,A,CE
4/3/2024,A,CEG
4/3/2024,A,CF
4/3/2024,A,CFG
4/3/2024,A,CHD
4/3/2024,A,CHRW
4/3/2024,A,CHTR
4/3/2024,A,CI
4/3/2024,A,CINF
4/3/2024,A,CL
4/3/2024,A,CLX
4/3/2024,A,CMA
4/3/2024,A,CMCSA
4/3/2024,A,CME
4/3/2024,A,CMG
4/3/2024,A,CMI
4/3/2024,A,CMS
4/3/2024,A,CNC
4/3/2024,A,CNP
4/3/2024,A,COF
4/3/2024,A,COO
4/3/2024,A,COP
4/3/2024,A,COR
4/3/2024,A,COST
4/3/2024,A,CPAY
4/3/2024,A,CPB
4/3/2024,A,CPRT
4/3/2024,A,CPT
4/3/2024,A,CRL
4/3/2024,A,CRM
4/3/2024,A,CSCO
4/3/2024,A,CSGP
4/3/2024,A,CSX
4/3/2024,A,CTAS
4/3/2024,A,CTLT
4/3/2024,A,CTRA
4/3/2024,A,CTSH
4/3/2024,A,CTVA
4/3/2024,A,CVS
4/3/2024,A,CVX
4/3/2024,A,CZR
4/3/2024,A,D
4/3/2024,A,DAL
4/3/2024,A,DAY
4/3/2024,A,DD
4/3/2024,A,DE
4/3/2024,A,DECK
4/3/2024,A,DFS
4/3/2024,A,DG
4/3/2024,A,DGX
4/3/2024,A,DHI
4/3/2024,A,DHR
4/3/2024,A,DIS
4/3/2024,A,DLR
4/3/2024,A,DLTR
4/3/2024,A,DOC
4/3/2024,A,DOV
4/3/2024,A,DOW
4/3/2024,A,DPZ
4/3/2024,A,DRI
4/3/2024,A,DTE
4/3/2024,A,DUK
4/3/2024,A,DVA
4/3/2024,A,DVN
4/3/2024,A,DXCM
4/3/2024,A,EA
4/3/2024,A,EBAY
4/3/2024,A,ECL
4/3/2024,A,ED
4/3/2024,A,EFX
4/3/2024,A,EG
4/3/2024,A,EIX
4/3/2024,A,EL
4/3/2024,A,ELV
4/3/2024,A,EMN
4/3/2024,A,EMR
4/3/2024,A,ENPH
4/3/2024,A,EOG
4/3/2024,A,EPAM
4/3/2024,A,EQIX
4/3/2024,A,EQR
4/3/2024,A,EQT
4/3/2024,A,ES
4/3/2024,A,ESS
4/3/2024,A,ETN
4/3/2024,A,ETR
4/3/2024,A,ETSY
4/3/2024,A,EVRG
4/3/2024,A,EW
4/3/2024,A,EXC
4/3/2024,A,EXPD
4/3/2024,A,EXPE
4/3/2024,A,EXR
4/3/2024,A,F
4/3/2024,A,FANG
4/3/2024,A,FAST
4/3/2024,A,FCX
4/3/2024,A,FDS
4/3/2024,A,FDX
4/3/2024,A,FE
4/3/2024,A,FFIV
4/3/2024,A,FI
4/3/2024,A,FICO
4/3/2024,A,FIS
4/3/2024,A,FITB
4/3/2024,A,FMC
4/3/2024,A,FOX
4/3/2024,A,FOXA
4/3/2024,A,FRT
4/3/2024,A,FSLR
4/3/2024,A,FTNT
4/3/2024,A,FTV
4/3/2024,A,GD
4/3/2024,A,GE
4/3/2024,A,GEHC
4/3/2024,A,GEN
4/3/2024,A,GEV
4/3/2024,A,GILD
4/3/2024,A,GIS
4/3/2024,A,GL
4/3/2024,A,GLW
4/3/2024,A,GM
4/3/2024,A,GNRC
4/3/2024,A,GOOG
4/3/2024,A,GOOGL
4/3/2024,A,GPC
4/3/2024,A,GPN
4/3/2024,A,GRMN
4/3/2024,A,GS
4/3/2024,A,GWW
4/3/2024,A,HAL
4/3/2024,A,HAS
4/3/2024,A,HBAN
4/3/2024,A,HCA
4/3/2024,A,HD
4/3/2024,A,HES
4/3/2024,A,HIG
4/3/2024,A,HII
4/3/2024,A,HLT
4/3/2024,A,HOLX
4/3/2024,A,HON
4/3/2024,A,HPE
4/3/2024,A,HPQ
4/3/2024,A,HRL
4/3/2024,A,HSIC
4/3/2024,A,HST
4/3/2024,A,HSY
4/3/2024,A,HUBB
4/3/2024,A,HUM
4/3/2024,A,HWM
4/3/2024,A,IBM
4/3/2024,A,ICE
4/3/2024,A,IDXX
4/3/2024,A,IEX
4/3/2024,A,IFF
4/3/2024,A,ILMN
4/3/2024,A,INCY
4/3/2024,A,INTC
4/3/2024,A,INTU
4/3/2024,A,INVH
4/3/2024,A,IP
4/3/2024,A,IPG
4/3/2024,A,IQV
4/3/2024,A,IR
4/3/2024,A,IRM
4/3/2024,A,ISRG
4/3/2024,A,IT
4/3/2024,A,ITW
4/3/2024,A,IVZ
4/3/2024,A,J
4/3/2024,A,JBHT
4/3/2024,A,JBL
4/3/2024,A,JCI
4/3/2024,A,JKHY
4/3/2024,A,JNJ
4/3/2024,A,JNPR
4/3/2024,A,JPM
4/3/2024,A,K
4/3/2024,A,KDP
4/3/2024,A,KEY
4/3/2024,A,KEYS
4/3/2024,A,KHC
4/3/2024,A,KIM
4/3/2024,A,KLAC
4/3/2024,A,KMB
4/3/2024,A,KMI
4/3/2024,A,KMX
4/3/2024,A,KO
4/3/2024,A,KR
4/3/2024,A,KVUE
4/3/2024,A,L
4/3/2024,A,LDOS
4/3/2024,A,LEN
4/3/2024,A,LH
4/3/2024,A,LHX
4/3/2024,A,LIN
4/3/2024,A,LKQ
4/3/2024,A,LLY
4/3/2024,A,LMT
4/3/2024,A,LNT
4/3/2024,A,LOW
4/3/2024,A,LRCX
4/3/2024,A,LULU
4/3/2024,A,LUV
4/3/2024,A,LVS
4/3/2024,A,LW
4/3/2024,A,LYB
4/3/2024,A,LYV
4/3/2024,A,MA
4/3/2024,A,MAA
4/3/2024,A,MAR
4/3/2024,A,MAS
4/3/2024,A,MCD
4/3/2024,A,MCHP
4/3/2024,A,MCK
4/3/2024,A,MCO
4/3/2024,A,MDLZ
4/3/2024,A,MDT
4/3/2024,A,MET
4/3/2024,A,META
4/3/2024,A,MGM
4/3/2024,A,MHK
4/3/2024,A,MKC
4/3/2024,A,MKTX
4/3/2024,A,MLM
4/3/2024,A,MMC
4/3/2024,A,MMM
4/3/2024,A,MNST
4/3/2024,A,MO
4/3/2024,A,MOH
4/3/2024,A,MOS
4/3/2024,A,MPC
4/3/2024,A,MPWR
4/3/2024,A,MRK
4/3/2024,A,MRNA
4/3/2024,A,MRO
4/3/2024,A,MS
4/3/2024,A,MSCI
4/3/2024,A,MSFT
4/3/2024,A,MSI
4/3/2024,A,MTB
4/3/2024,A,MTCH
4/3/2024,A,MTD
4/3/2024,A,MU
4/3/2024,A,NCLH
4/3/2024,A,NDAQ
4/3/2024,A,NDSN
4/3/2024,A,NEE
4/3/2024,A,NEM
4/3/2024,A,NFLX
4/3/2024,A,NI
4/3/2024,A,NKE
4/3/2024,A,NOC
4/3/2024,A,NOW
4/3/2024,A,NRG
4/3/2024,A,NSC
4/3/2024,A,NTAP
4/3/2024,A,NTRS
4/3/2024,A,NUE
4/3/2024,A,NVDA
4/3/2024,A,NVR
4/3/2024,A,NWS
4/3/2024,A,NWSA
4/3/2024,A,NXPI
4/3/2024,A,O
4/3/2024,A,ODFL
4/3/2024,A,OKE
4/3/2024,A,OMC
4/3/2024,A,ON
4/3/2024,A,ORCL
4/3/2024,A,ORLY
4/3/2024,A,OTIS
4/3/2024,A,OXY
4/3/2024,A,PANW
4/3/2024,A,PARA
4/3/2024,A,PAYC
4/3/2024,A,PAYX
4/3/2024,A,PCAR
4/3/2024,A,PCG
4/3/2024,A,PEG
4/3/2024,A,PEP
4/3/2024,A,PFE
4/3/2024,A,PFG
4/3/2024,A,PG
4/3/2024,A,PGR
4/3/2024,A,PH
4/3/2024,A,PHM
4/3/2024,A,PKG
4/3/2024,A,PLD
4/3/2024,A,PM
4/3/2024,A,PNC
4/3/2024,A,PNR
4/3/2024,A,PNW
4/3/2024,A,PODD
4/3/2024,A,POOL
4/3/2024,A,PPG
4/3/2024,A,PPL
4/3/2024,A,PRU
4/3/2024,A,PSA
4/3/2024,A,PSX
4/3/2024,A,PTC
4/3/2024,A,PWR
4/3/2024,A,PXD
4/3/2024,A,PYPL
4/3/2024,A,QCOM
4/3/2024,A,QRVO
4/3/2024,A,RCL
4/3/2024,A,REG
4/3/2024,A,REGN
4/3/2024,A,RF
4/3/2024,A,RHI
4/3/2024,A,RJF
4/3/2024,A,RL
4/3/2024,A,RMD
4/3/2024,A,ROK
4/3/2024,A,ROL
4/3/2024,A,ROP
4/3/2024,A,ROST
4/3/2024,A,RSG
4/3/2024,A,RTX
4/3/2024,A,RVTY
4/3/2024,A,SBAC
4/3/2024,A,SBUX
4/3/2024,A,SCHW
4/3/2024,A,SHW
4/3/2024,A,SJM
4/3/2024,A,SLB
4/3/2024,A,SMCI
4/3/2024,A,SNA
4/3/2024,A,SNPS
4/3/2024,A,SO
4/3/2024,A,SOLV
4/3/2024,A,SPG
4/3/2024,A,SPGI
4/3/2024,A,SRE
4/3/2024,A,STE
4/3/2024,A,STLD
4/3/2024,A,STT
4/3/2024,A,STX
4/3/2024,A,STZ
4/3/2024,A,SWK
4/3/2024,A,SWKS
4/3/2024,A,SYF
4/3/2024,A,SYK
4/3/2024,A,SYY
4/3/2024,A,T
4/3/2024,A,TAP
4/3/2024,A,TDG
4/3/2024,A,TDY
4/3/2024,A,TECH
4/3/2024,A,TEL
4/3/2024,A,TER
4/3/2024,A,TFC
4/3/2024,A,TFX
4/3/2024,A,TGT
4/3/2024,A,TJX
4/3/2024,A,TMO
4/3/2024,A,TMUS
4/3/2024,A,TPR
4/3/2024,A,TRGP
4/3/2024,A,TRMB
4/3/2024,A,TROW
4/3/2024,A,TRV
4/3/2024,A,TSCO
4/3/2024,A,TSLA
4/3/2024,A,TSN
4/3/2024,A,TT
4/3/2024,A,TTWO
4/3/2024,A,TXN
4/3/2024,A,TXT
4/3/2024,A,TYL
4/3/2024,A,UAL
4/3/2024,A,UBER
4/3/2024,A,UDR
4/3/2024,A,UHS
4/3/2024,A,ULTA
4/3/2024,A,UNH
4/3/2024,A,UNP
4/3/2024,A,UPS
4/3/2024,A,URI
4/3/2024,A,USB
4/3/2024,A,V
4/3/2024,A,VICI
4/3/2024,A,VLO
4/3/2024,A,VLTO
4/3/2024,A,VMC
4/3/2024,A,VRSK
4/3/2024,A,VRSN
4/3/2024,A,VRTX
4/3/2024,A,VTR
4/3/2024,A,VTRS
4/3/2024,A,VZ
4/3/2024,A,WAB
4/3/2024,A,WAT
4/3/2024,A,WBA
4/3/2024,A,WBD
4/3/2024,A,WDC
4/3/2024,A,WEC
4/3/2024,A,WELL
4/3/2024,A,WFC
4/3/2024,A,WM
4/3/2024,A,WMB
4/3/2024,A,WMT
4/3/2024,A,WRB
4/3/2024,A,WRK
4/3/2024,A,WST
4/3/2024,A,WTW
4/3/2024,A,WY
4/3/2024,A,WYNN
4/3/2024,A,XEL
4/3/2024,A,XOM
4/3/2024,A,XYL
4/3/2024,A,YUM
4/3/2024,A,ZBH
4/3/2024,A,ZBRA
4/3/2024,A,ZTS
7/8/2024,A,AAL
7/8/2024,A,AAPL
7/8/2024,A,ABBV
7/8/2024,A,ABNB
7/8/2024,A,ABT
7/8/2024,A,ACGL
7/8/2024,A,ACN
7/8/2024,A,ADBE
7/8/2024,A,ADI
7/8/2024,A,ADM
7/8/2024,A,ADP
7/8/2024,A,ADSK
7/8/2024,A,AEE
7/8/2024,A,AEP
7/8/2024,A,AES
7/8/2024,A,AFL
7/8/2024,A,AIG
7/8/2024,A,AIZ
7/8/2024,A,AJG
7/8/2024,A,AKAM
7/8/2024,A,ALB
7/8/2024,A,ALGN
7/8/2024,A,ALL
7/8/2024,A,ALLE
7/8/2024,A,AMAT
7/8/2024,A,AMCR
7/8/2024,A,AMD
7/8/2024,A,AME
7/8/2024,A,AMGN
7/8/2024,A,AMP
7/8/2024,A,AMT
7/8/2024,A,AMZN
7/8/2024,A,ANET
7/8/2024,A,ANSS
7/8/2024,A,AON
7/8/2024,A,AOS
7/8/2024,A,APA
7/8/2024,A,APD
7/8/2024,A,APH
7/8/2024,A,APTV
7/8/2024,A,ARE
7/8/2024,A,ATO
7/8/2024,A,AVB
7/8/2024,A,AVGO
7/8/2024,A,AVY
7/8/2024,A,AWK
7/8/2024,A,AXON
7/8/2024,A,AXP
7/8/2024,A,AZO
7/8/2024,A,BA
7/8/2024,A,BAC
7/8/2024,A,BALL
7/8/2024,A,BAX
7/8/2024,A,BBWI
7/8/2024,A,BBY
7/8/2024,A,BDX
7/8/2024,A,BEN
7/8/2024,A,BF.B
7/8/2024,A,BG
7/8/2024,A,BIIB
7/8/2024,A,BIO
7/8/2024,A,BK
7/8/2024,A,BKNG
7/8/2024,A,BKR
7/8/2024,A,BLDR
7/8/2024,A,BLK
7/8/2024,A,BMY
7/8/2024,A,BR
7/8/2024,A,BRK.B
7/8/2024,A,BRO
7/8/2024,A,BSX
7/8/2024,A,BWA
7/8/2024,A,BX
7/8/2024,A,BXP
7/8/2024,A,C
7/8/2024,A,CAG
7/8/2024,A,CAH
7/8/2024,A,CARR
7/8/2024,A,CAT
7/8/2024,A,CB
7/8/2024,A,CBOE
7/8/2024,A,CBRE
7/8/2024,A,CCI
7/8/2024,A,CCL
7/8/2024,A,CDNS
7/8/2024,A,CDW
7/8/2024,A,CE
7/8/2024,A,CEG
7/8/2024,A,CF
7/8/2024,A,CFG
7/8/2024,A,CHD
7/8/2024,A,CHRW
7/8/2024,A,CHTR
7/8/2024,A,CI
7/8/2024,A,CINF
7/8/2024,A,CL
7/8/2024,A,CLX
7/8/2024,A,CMCSA
7/8/2024,A,CME
7/8/2024,A,CMG
7/8/2024,A,CMI
7/8/2024,A,CMS
7/8/2024,A,CNC
7/8/2024,A,CNP
7/8/2024,A,COF
7/8/2024,A,COO
7/8/2024,A,COP
7/8/2024,A,COR
7/8/2024,A,COST
7/8/2024,A,CPAY
7/8/2024,A,CPB
7/8/2024,A,CPRT
7/8/2024,A,CPT
7/8/2024,A,CRL
7/8/2024,A,CRM
7/8/2024,A,CRWD
7/8/2024,A,CSCO
7/8/2024,A,CSGP
7/8/2024,A,CSX
7/8/2024,A,CTAS
7/8/2024,A,CTLT
7/8/2024,A,CTRA
7/8/2024,A,CTSH
7/8/2024,A,CTVA
7/8/2024,A,CVS
7/8/2024,A,CVX
7/8/2024,A,CZR
7/8/2024,A,D
7/8/2024,A,DAL
7/8/2024,A,DAY
7/8/2024,A,DD
7/8/2024,A,DE
7/8/2024,A,DECK
7/8/2024,A,DFS
7/8/2024,A,DG
7/8/2024,A,DGX
7/8/2024,A,DHI
7/8/2024,A,DHR
7/8/2024,A,DIS
7/8/2024,A,DLR
7/8/2024,A,DLTR
7/8/2024,A,DOC
7/8/2024,A,DOV
7/8/2024,A,DOW
7/8/2024,A,DPZ
7/8/2024,A,DRI
7/8/2024,A,DTE
7/8/2024,A,DUK
7/8/2024,A,DVA
7/8/2024,A,DVN
7/8/2024,A,DXCM
7/8/2024,A,EA
7/8/2024,A,EBAY
7/8/2024,A,ECL
7/8/2024,A,ED
7/8/2024,A,EFX
7/8/2024,A,EG
7/8/2024,A,EIX
7/8/2024,A,EL
7/8/2024,A,ELV
7/8/2024,A,EMN
7/8/2024,A,EMR
7/8/2024,A,ENPH
7/8/2024,A,EOG
7/8/2024,A,EPAM
7/8/2024,A,EQIX
7/8/2024,A,EQR
7/8/2024,A,EQT
7/8/2024,A,ES
7/8/2024,A,ESS
7/8/2024,A,ETN
7/8/2024,A,ETR
7/8/2024,A,ETSY
7/8/2024,A,EVRG
7/8/2024,A,EW
7/8/2024,A,EXC
7/8/2024,A,EXPD
7/8/2024,A,EXPE
7/8/2024,A,EXR
7/8/2024,A,F
7/8/2024,A,FANG
7/8/2024,A,FAST
7/8/2024,A,FCX
7/8/2024,A,FDS
7/8/2024,A,FDX
7/8/2024,A,FE
7/8/2024,A,FFIV
7/8/2024,A,FI
7/8/2024,A,FICO
7/8/2024,A,FIS
7/8/2024,A,FITB
7/8/2024,A,FMC
7/8/2024,A,FOX
7/8/2024,A,FOXA
7/8/2024,A,FRT
7/8/2024,A,FSLR
7/8/2024,A,FTNT
7/8/2024,A,FTV
7/8/2024,A,GD
7/8/2024,A,GDDY
7/8/2024,A,GE
7/8/2024,A,GEHC
7/8/2024,A,GEN
7/8/2024,A,GEV
7/8/2024,A,GILD
7/8/2024,A,GIS
7/8/2024,A,GL
7/8/2024,A,GLW
7/8/2024,A,GM
7/8/2024,A,GNRC
7/8/2024,A,GOOG
7/8/2024,A,GOOGL
7/8/2024,A,GPC
7/8/2024,A,GPN
7/8/2024,A,GRMN
7/8/2024,A,GS
7/8/2024,A,GWW
7/8/2024,A,HAL
7/8/2024,A,HAS
7/8/2024,A,HBAN
7/8/2024,A,HCA
7/8/2024,A,HD
7/8/2024,A,HES
7/8/2024,A,HIG
7/8/2024,A,HII
7/8/2024,A,HLT
7/8/2024,A,HOLX
7/8/2024,A,HON
7/8/2024,A,HPE
7/8/2024,A,HPQ
7/8/2024,A,HRL
7/8/2024,A,HSIC
7/8/2024,A,HST
7/8/2024,A,HSY
7/8/2024,A,HUBB
7/8/2024,A,HUM
7/8/2024,A,HWM
7/8/2024,A,IBM
7/8/2024,A,ICE
7/8/2024,A,IDXX
7/8/2024,A,IEX
7/8/2024,A,IFF
7/8/2024,A,INCY
7/8/2024,A,INTC
7/8/2024,A,INTU
7/8/2024,A,INVH
7/8/2024,A,IP
7/8/2024,A,IPG
7/8/2024,A,IQV
7/8/2024,A,IR
7/8/2024,A,IRM
7/8/2024,A,ISRG
7/8/2024,A,IT
7/8/2024,A,ITW
7/8/2024,A,IVZ
7/8/2024,A,J
7/8/2024,A,JBHT
7/8/2024,A,JBL
7/8/2024,A,JCI
7/8/2024,A,JKHY
7/8/2024,A,JNJ
7/8/2024,A,JNPR
7/8/2024,A,JPM
7/8/2024,A,K
7/8/2024,A,KDP
7/8/2024,A,KEY
7/8/2024,A,KEYS
7/8/2024,A,KHC
7/8/2024,A,KIM
7/8/2024,A,KKR
7/8/2024,A,KLAC
7/8/2024,A,KMB
7/8/2024,A,KMI
7/8/2024,A,KMX
7/8/2024,A,KO
7/8/2024,A,KR
7/8/2024,A,KVUE
7/8/2024,A,L
7/8/2024,A,LDOS
7/8/2024,A,LEN
7/8/2024,A,LH
7/8/2024,A,LHX
7/8/2024,A,LIN
7/8/2024,A,LKQ
7/8/2024,A,LLY
7/8/2024,A,LMT
7/8/2024,A,LNT
7/8/2024,A,LOW
7/8/2024,A,LRCX
7/8/2024,A,LULU
7/8/2024,A,LUV
7/8/2024,A,LVS
7/8/2024,A,LW
7/8/2024,A,LYB
7/8/2024,A,LYV
7/8/2024,A,MA
7/8/2024,A,MAA
7/8/2024,A,MAR
7/8/2024,A,MAS
7/8/2024,A,MCD
7/8/2024,A,MCHP
7/8/2024,A,MCK
7/8/2024,A,MCO
7/8/2024,A,MDLZ
7/8/2024,A,MDT
7/8/2024,A,MET
7/8/2024,A,META
7/8/2024,A,MGM
7/8/2024,A,MHK
7/8/2024,A,MKC
7/8/2024,A,MKTX
7/8/2024,A,MLM
7/8/2024,A,MMC
7/8/2024,A,MMM
7/8/2024,A,MNST
7/8/2024,A,MO
7/8/2024,A,MOH
7/8/2024,A,MOS
7/8/2024,A,MPC
7/8/2024,A,MPWR
7/8/2024,A,MRK
7/8/2024,A,MRNA
7/8/2024,A,MRO
7/8/2024,A,MS
7/8/2024,A,MSCI
7/8/2024,A,MSFT
7/8/2024,A,MSI
7/8/2024,A,MTB
7/8/2024,A,MTCH
7/8/2024,A,MTD
7/8/2024,A,MU
7/8/2024,A,NCLH
7/8/2024,A,NDAQ
7/8/2024,A,NDSN
7/8/2024,A,NEE
7/8/2024,A,NEM
7/8/2024,A,NFLX
7/8/2024,A,NI
7/8/2024,A,NKE
7/8/2024,A,NOC
7/8/2024,A,NOW
7/8/2024,A,NRG
7/8/2024,A,NSC
7/8/2024,A,NTAP
7/8/2024,A,NTRS
7/8/2024,A,NUE
7/8/2024,A,NVDA
7/8/2024,A,NVR
7/8/2024,A,NWS
7/8/2024,A,NWSA
7/8/2024,A,NXPI
7/8/2024,A,O
7/8/2024,A,ODFL
7/8/2024,A,OKE
7/8/2024,A,OMC
7/8/2024,A,ON
7/8/2024,A,ORCL
7/8/2024,A,ORLY
7/8/2024,A,OTIS
7/8/2024,A,OXY
7/8/2024,A,PANW
7/8/2024,A,PARA
7/8/2024,A,PAYC
7/8/2024,A,PAYX
7/8/2024,A,PCAR
7/8/2024,A,PCG
7/8/2024,A,PEG
7/8/2024,A,PEP
7/8/2024,A,PFE
7/8/2024,A,PFG
7/8/2024,A,PG
7/8/2024,A,PGR
7/8/2024,A,PH
7/8/2024,A,PHM
7/8/2024,A,PKG
7/8/2024,A,PLD
7/8/2024,A,PM
7/8/2024,A,PNC
7/8/2024,A,PNR
7/8/2024,A,PNW
7/8/2024,A,PODD
7/8/2024,A,POOL
7/8/2024,A,PPG
7/8/2024,A,PPL
7/8/2024,A,PRU
7/8/2024,A,PSA
7/8/2024,A,PSX
7/8/2024,A,PTC
7/8/2024,A,PWR
7/8/2024,A,PYPL
7/8/2024,A,QCOM
7/8/2024,A,QRVO
7/8/2024,A,RCL
7/8/2024,A,REG
7/8/2024,A,REGN
7/8/2024,A,RF
7/8/2024,A,RJF
7/8/2024,A,RL
7/8/2024,A,RMD
7/8/2024,A,ROK
7/8/2024,A,ROL
7/8/2024,A,ROP
7/8/2024,A,ROST
7/8/2024,A,RSG
7/8/2024,A,RTX
7/8/2024,A,RVTY
7/8/2024,A,SBAC
7/8/2024,A,SBUX
7/8/2024,A,SCHW
7/8/2024,A,SHW
7/8/2024,A,SJM
7/8/2024,A,SLB
7/8/2024,A,SMCI
7/8/2024,A,SNA
7/8/2024,A,SNPS
7/8/2024,A,SO
7/8/2024,A,SOLV
7/8/2024,A,SPG
7/8/2024,A,SPGI
7/8/2024,A,SRE
7/8/2024,A,STE
7/8/2024,A,STLD
7/8/2024,A,STT
7/8/2024,A,STX
7/8/2024,A,STZ
7/8/2024,A,SW
7/8/2024,A,SWK
7/8/2024,A,SWKS
7/8/2024,A,SYF
7/8/2024,A,SYK
7/8/2024,A,SYY
7/8/2024,A,T
7/8/2024,A,TAP
7/8/2024,A,TDG
7/8/2024,A,TDY
7/8/2024,A,TECH
7/8/2024,A,TEL
7/8/2024,A,TER
7/8/2024,A,TFC
7/8/2024,A,TFX
7/8/2024,A,TGT
7/8/2024,A,TJX
7/8/2024,A,TMO
7/8/2024,A,TMUS
7/8/2024,A,TPR
7/8/2024,A,TRGP
7/8/2024,A,TRMB
7/8/2024,A,TROW
7/8/2024,A,TRV
7/8/2024,A,TSCO
7/8/2024,A,TSLA
7/8/2024,A,TSN
7/8/2024,A,TT
7/8/2024,A,TTWO
7/8/2024,A,TXN
7/8/2024,A,TXT
7/8/2024,A,TYL
7/8/2024,A,UAL
7/8/2024,A,UBER
7/8/2024,A,UDR
7/8/2024,A,UHS
7/8/2024,A,ULTA
7/8/2024,A,UNH
7/8/2024,A,UNP
7/8/2024,A,UPS
7/8/2024,A,URI
7/8/2024,A,USB
7/8/2024,A,V
7/8/2024,A,VICI
7/8/2024,A,VLO
7/8/2024,A,VLTO
7/8/2024,A,VMC
7/8/2024,A,VRSK
7/8/2024,A,VRSN
7/8/2024,A,VRTX
7/8/2024,A,VST
7/8/2024,A,VTR
7/8/2024,A,VTRS
7/8/2024,A,VZ
7/8/2024,A,WAB
7/8/2024,A,WAT
7/8/2024,A,WBA
7/8/2024,A,WBD
7/8/2024,A,WDC
7/8/2024,A,WEC
7/8/2024,A,WELL
7/8/2024,A,WFC
7/8/2024,A,WM
7/8/2024,A,WMB
7/8/2024,A,WMT
7/8/2024,A,WRB
7/8/2024,A,WST
7/8/2024,A,WTW
7/8/2024,A,WY
7/8/2024,A,WYNN
7/8/2024,A,XEL
7/8/2024,A,XOM
7/8/2024,A,XYL
7/8/2024,A,YUM
7/8/2024,A,ZBH
7/8/2024,A,ZBRA
7/8/2024,A,ZTS
10/1/2024,A,AAPL
10/1/2024,A,ABBV
10/1/2024,A,ABNB
10/1/2024,A,ABT
10/1/2024,A,ACGL
10/1/2024,A,ACN
10/1/2024,A,ADBE
10/1/2024,A,ADI
10/1/2024,A,ADM
10/1/2024,A,ADP
10/1/2024,A,ADSK
10/1/2024,A,AEE
10/1/2024,A,AEP
10/1/2024,A,AES
10/1/2024,A,AFL
10/1/2024,A,AIG
10/1/2024,A,AIZ
10/1/2024,A,AJG
10/1/2024,A,AKAM
10/1/2024,A,ALB
10/1/2024,A,ALGN
10/1/2024,A,ALL
10/1/2024,A,ALLE
10/1/2024,A,AMAT
10/1/2024,A,AMCR
10/1/2024,A,AMD
10/1/2024,A,AME
10/1/2024,A,AMGN
10/1/2024,A,AMP
10/1/2024,A,AMT
10/1/2024,A,AMTM
10/1/2024,A,AMZN
10/1/2024,A,ANET
10/1/2024,A,ANSS
10/1/2024,A,AON
10/1/2024,A,AOS
10/1/2024,A,APA
10/1/2024,A,APD
10/1/2024,A,APH
10/1/2024,A,APTV
10/1/2024,A,ARE
10/1/2024,A,ATO
10/1/2024,A,AVB
10/1/2024,A,AVGO
10/1/2024,A,AVY
10/1/2024,A,AWK
10/1/2024,A,AXON
10/1/2024,A,AXP
10/1/2024,A,AZO
10/1/2024,A,BA
10/1/2024,A,BAC
10/1/2024,A,BALL
10/1/2024,A,BAX
10/1/2024,A,BBY
10/1/2024,A,BDX
10/1/2024,A,BEN
10/1/2024,A,BF.B
10/1/2024,A,BG
10/1/2024,A,BIIB
10/1/2024,A,BK
10/1/2024,A,BKNG
10/1/2024,A,BKR
10/1/2024,A,BLDR
10/1/2024,A,BLK
10/1/2024,A,BMY
10/1/2024,A,BR
10/1/2024,A,BRK.B
10/1/2024,A,BRO
10/1/2024,A,BSX
10/1/2024,A,BWA
10/1/2024,A,BX
10/1/2024,A,BXP
10/1/2024,A,C
10/1/2024,A,CAG
10/1/2024,A,CAH
10/1/2024,A,CARR
10/1/2024,A,CAT
10/1/2024,A,CB
10/1/2024,A,CBOE
10/1/2024,A,CBRE
10/1/2024,A,CCI
10/1/2024,A,CCL
10/1/2024,A,CDNS
10/1/2024,A,CDW
10/1/2024,A,CE
10/1/2024,A,CEG
10/1/2024,A,CF
10/1/2024,A,CFG
10/1/2024,A,CHD
10/1/2024,A,CHRW
10/1/2024,A,CHTR
10/1/2024,A,CI
10/1/2024,A,CINF
10/1/2024,A,CL
10/1/2024,A,CLX
10/1/2024,A,CMCSA
10/1/2024,A,CME
10/1/2024,A,CMG
10/1/2024,A,CMI
10/1/2024,A,CMS
10/1/2024,A,CNC
10/1/2024,A,CNP
10/1/2024,A,COF
10/1/2024,A,COO
10/1/2024,A,COP
10/1/2024,A,COR
10/1/2024,A,COST
10/1/2024,A,CPAY
10/1/2024,A,CPB
10/1/2024,A,CPRT
10/1/2024,A,CPT
10/1/2024,A,CRL
10/1/2024,A,CRM
10/1/2024,A,CRWD
10/1/2024,A,CSCO
10/1/2024,A,CSGP
10/1/2024,A,CSX
10/1/2024,A,CTAS
10/1/2024,A,CTLT
10/1/2024,A,CTRA
10/1/2024,A,CTSH
10/1/2024,A,CTVA
10/1/2024,A,CVS
10/1/2024,A,CVX
10/1/2024,A,CZR
10/1/2024,A,D
10/1/2024,A,DAL
10/1/2024,A,DAY
10/1/2024,A,DD
10/1/2024,A,DE
10/1/2024,A,DECK
10/1/2024,A,DELL
10/1/2024,A,DFS
10/1/2024,A,DG
10/1/2024,A,DGX
10/1/2024,A,DHI
10/1/2024,A,DHR
10/1/2024,A,DIS
10/1/2024,A,DLR
10/1/2024,A,DLTR
10/1/2024,A,DOC
10/1/2024,A,DOV
10/1/2024,A,DOW
10/1/2024,A,DPZ
10/1/2024,A,DRI
10/1/2024,A,DTE
10/1/2024,A,DUK
10/1/2024,A,DVA
10/1/2024,A,DVN
10/1/2024,A,DXCM
10/1/2024,A,EA
10/1/2024,A,EBAY
10/1/2024,A,ECL
10/1/2024,A,ED
10/1/2024,A,EFX
10/1/2024,A,EG
10/1/2024,A,EIX
10/1/2024,A,EL
10/1/2024,A,ELV
10/1/2024,A,EMN
10/1/2024,A,EMR
10/1/2024,A,ENPH
10/1/2024,A,EOG
10/1/2024,A,EPAM
10/1/2024,A,EQIX
10/1/2024,A,EQR
10/1/2024,A,EQT
10/1/2024,A,ERIE
10/1/2024,A,ES
10/1/2024,A,ESS
10/1/2024,A,ETN
10/1/2024,A,ETR
10/1/2024,A,EVRG
10/1/2024,A,EW
10/1/2024,A,EXC
10/1/2024,A,EXPD
10/1/2024,A,EXPE
10/1/2024,A,EXR
10/1/2024,A,F
10/1/2024,A,FANG
10/1/2024,A,FAST
10/1/2024,A,FCX
10/1/2024,A,FDS
10/1/2024,A,FDX
10/1/2024,A,FE
10/1/2024,A,FFIV
10/1/2024,A,FI
10/1/2024,A,FICO
10/1/2024,A,FIS
10/1/2024,A,FITB
10/1/2024,A,FMC
10/1/2024,A,FOX
10/1/2024,A,FOXA
10/1/2024,A,FRT
10/1/2024,A,FSLR
10/1/2024,A,FTNT
10/1/2024,A,FTV
10/1/2024,A,GD
10/1/2024,A,GDDY
10/1/2024,A,GE
10/1/2024,A,GEHC
10/1/2024,A,GEN
10/1/2024,A,GEV
10/1/2024,A,GILD
10/1/2024,A,GIS
10/1/2024,A,GL
10/1/2024,A,GLW
10/1/2024,A,GM
10/1/2024,A,GNRC
10/1/2024,A,GOOG
10/1/2024,A,GOOGL
10/1/2024,A,GPC
10/1/2024,A,GPN
10/1/2024,A,GRMN
10/1/2024,A,GS
10/1/2024,A,GWW
10/1/2024,A,HAL
10/1/2024,A,HAS
10/1/2024,A,HBAN
10/1/2024,A,HCA
10/1/2024,A,HD
10/1/2024,A,HES
10/1/2024,A,HIG
10/1/2024,A,HII
10/1/2024,A,HLT
10/1/2024,A,HOLX
10/1/2024,A,HON
10/1/2024,A,HPE
10/1/2024,A,HPQ
10/1/2024,A,HRL
10/1/2024,A,HSIC
10/1/2024,A,HST
10/1/2024,A,HSY
10/1/2024,A,HUBB
10/1/2024,A,HUM
10/1/2024,A,HWM
10/1/2024,A,IBM
10/1/2024,A,ICE
10/1/2024,A,IDXX
10/1/2024,A,IEX
10/1/2024,A,IFF
10/1/2024,A,INCY
10/1/2024,A,INTC
10/1/2024,A,INTU
10/1/2024,A,INVH
10/1/2024,A,IP
10/1/2024,A,IPG
10/1/2024,A,IQV
10/1/2024,A,IR
10/1/2024,A,IRM
10/1/2024,A,ISRG
10/1/2024,A,IT
10/1/2024,A,ITW
10/1/2024,A,IVZ
10/1/2024,A,J
10/1/2024,A,JBHT
10/1/2024,A,JBL
10/1/2024,A,JCI
10/1/2024,A,JKHY
10/1/2024,A,JNJ
10/1/2024,A,JNPR
10/1/2024,A,JPM
10/1/2024,A,K
10/1/2024,A,KDP
10/1/2024,A,KEY
10/1/2024,A,KEYS
10/1/2024,A,KHC
10/1/2024,A,KIM
10/1/2024,A,KKR
10/1/2024,A,KLAC
10/1/2024,A,KMB
10/1/2024,A,KMI
10/1/2024,A,KMX
10/1/2024,A,KO
10/1/2024,A,KR
10/1/2024,A,KVUE
10/1/2024,A,L
10/1/2024,A,LDOS
10/1/2024,A,LEN
10/1/2024,A,LH
10/1/2024,A,LHX
10/1/2024,A,LIN
10/1/2024,A,LKQ
10/1/2024,A,LLY
10/1/2024,A,LMT
10/1/2024,A,LNT
10/1/2024,A,LOW
10/1/2024,A,LRCX
10/1/2024,A,LULU
10/1/2024,A,LUV
10/1/2024,A,LVS
10/1/2024,A,LW
10/1/2024,A,LYB
10/1/2024,A,LYV
10/1/2024,A,MA
10/1/2024,A,MAA
10/1/2024,A,MAR
10/1/2024,A,MAS
10/1/2024,A,MCD
10/1/2024,A,MCHP
10/1/2024,A,MCK
10/1/2024,A,MCO
10/1/2024,A,MDLZ
10/1/2024,A,MDT
10/1/2024,A,MET
10/1/2024,A,META
10/1/2024,A,MGM
10/1/2024,A,MHK
10/1/2024,A,MKC
10/1/2024,A,MKTX
10/1/2024,A,MLM
10/1/2024,A,MMC
10/1/2024,A,MMM
10/1/2024,A,MNST
10/1/2024,A,MO
10/1/2024,A,MOH
10/1/2024,A,MOS
10/1/2024,A,MPC
10/1/2024,A,MPWR
10/1/2024,A,MRK
10/1/2024,A,MRNA
10/1/2024,A,MRO
10/1/2024,A,MS
10/1/2024,A,MSCI
10/1/2024,A,MSFT
10/1/2024,A,MSI
10/1/2024,A,MTB
10/1/2024,A,MTCH
10/1/2024,A,MTD
10/1/2024,A,MU
10/1/2024,A,NCLH
10/1/2024,A,NDAQ
10/1/2024,A,NDSN
10/1/2024,A,NEE
10/1/2024,A,NEM
10/1/2024,A,NFLX
10/1/2024,A,NI
10/1/2024,A,NKE
10/1/2024,A,NOC
10/1/2024,A,NOW
10/1/2024,A,NRG
10/1/2024,A,NSC
10/1/2024,A,NTAP
10/1/2024,A,NTRS
10/1/2024,A,NUE
10/1/2024,A,NVDA
10/1/2024,A,NVR
10/1/2024,A,NWS
10/1/2024,A,NWSA
10/1/2024,A,NXPI
10/1/2024,A,O
10/1/2024,A,ODFL
10/1/2024,A,OKE
10/1/2024,A,OMC
10/1/2024,A,ON
10/1/2024,A,ORCL
10/1/2024,A,ORLY
10/1/2024,A,OTIS
10/1/2024,A,OXY
10/1/2024,A,PANW
10/1/2024,A,PARA
10/1/2024,A,PAYC
10/1/2024,A,PAYX
10/1/2024,A,PCAR
10/1/2024,A,PCG
10/1/2024,A,PEG
10/1/2024,A,PEP
10/1/2024,A,PFE
10/1/2024,A,PFG
10/1/2024,A,PG
10/1/2024,A,PGR
10/1/2024,A,PH
10/1/2024,A,PHM
10/1/2024,A,PKG
10/1/2024,A,PLD
10/1/2024,A,PLTR
10/1/2024,A,PM
10/1/2024,A,PNC
10/1/2024,A,PNR
10/1/2024,A,PNW
10/1/2024,A,PODD
10/1/2024,A,POOL
10/1/2024,A,PPG
10/1/2024,A,PPL
10/1/2024,A,PRU
10/1/2024,A,PSA
10/1/2024,A,PSX
10/1/2024,A,PTC
10/1/2024,A,PWR
10/1/2024,A,PYPL
10/1/2024,A,QCOM
10/1/2024,A,QRVO
10/1/2024,A,RCL
10/1/2024,A,REG
10/1/2024,A,REGN
10/1/2024,A,RF
10/1/2024,A,RJF
10/1/2024,A,RL
10/1/2024,A,RMD
10/1/2024,A,ROK
10/1/2024,A,ROL
10/1/2024,A,ROP
10/1/2024,A,ROST
10/1/2024,A,RSG
10/1/2024,A,RTX
10/1/2024,A,RVTY
10/1/2024,A,SBAC
10/1/2024,A,SBUX
10/1/2024,A,SCHW
10/1/2024,A,SHW
10/1/2024,A,SJM
10/1/2024,A,SLB
10/1/2024,A,SMCI
10/1/2024,A,SNA
10/1/2024,A,SNPS
10/1/2024,A,SO
10/1/2024,A,SOLV
10/1/2024,A,SPG
10/1/2024,A,SPGI
10/1/2024,A,SRE
10/1/2024,A,STE
10/1/2024,A,STLD
10/1/2024,A,STT
10/1/2024,A,STX
10/1/2024,A,STZ
10/1/2024,A,SW
10/1/2024,A,SWK
10/1/2024,A,SWKS
10/1/2024,A,SYF
10/1/2024,A,SYK
10/1/2024,A,SYY
10/1/2024,A,T
10/1/2024,A,TAP
10/1/2024,A,TDG
10/1/2024,A,TDY
10/1/2024,A,TECH
10/1/2024,A,TEL
10/1/2024,A,TER
10/1/2024,A,TFC
10/1/2024,A,TFX
10/1/2024,A,TGT
10/1/2024,A,TJX
10/1/2024,A,TMO
10/1/2024,A,TMUS
10/1/2024,A,TPR
10/1/2024,A,TRGP
10/1/2024,A,TRMB
10/1/2024,A,TROW
10/1/2024,A,TRV
10/1/2024,A,TSCO
10/1/2024,A,TSLA
10/1/2024,A,TSN
10/1/2024,A,TT
10/1/2024,A,TTWO
10/1/2024,A,TXN
10/1/2024,A,TXT
10/1/2024,A,TYL
10/1/2024,A,UAL
10/1/2024,A,UBER
10/1/2024,A,UDR
10/1/2024,A,UHS
10/1/2024,A,ULTA
10/1/2024,A,UNH
10/1/2024,A,UNP
10/1/2024,A,UPS
10/1/2024,A,URI
10/1/2024,A,USB
10/1/2024,A,V
10/1/2024,A,VICI
10/1/2024,A,VLO
10/1/2024,A,VLTO
10/1/2024,A,VMC
10/1/2024,A,VRSK
10/1/2024,A,VRSN
10/1/2024,A,VRTX
10/1/2024,A,VST
10/1/2024,A,VTR
10/1/2024,A,VTRS
10/1/2024,A,VZ
10/1/2024,A,WAB
10/1/2024,A,WAT
10/1/2024,A,WBA
10/1/2024,A,WBD
10/1/2024,A,WDC
10/1/2024,A,WEC
10/1/2024,A,WELL
10/1/2024,A,WFC
10/1/2024,A,WM
10/1/2024,A,WMB
10/1/2024,A,WMT
10/1/2024,A,WRB
10/1/2024,A,WST
10/1/2024,A,WTW
10/1/2024,A,WY
10/1/2024,A,WYNN
10/1/2024,A,XEL
10/1/2024,A,XOM
10/1/2024,A,XYL
10/1/2024,A,YUM
10/1/2024,A,ZBH
10/1/2024,A,ZBRA
10/1/2024,A,ZTS
12/23/2024,A,AAPL
12/23/2024,A,ABBV
12/23/2024,A,ABNB
12/23/2024,A,ABT
12/23/2024,A,ACGL
12/23/2024,A,ACN
12/23/2024,A,ADBE
12/23/2024,A,ADI
12/23/2024,A,ADM
12/23/2024,A,ADP
12/23/2024,A,ADSK
12/23/2024,A,AEE
12/23/2024,A,AEP
12/23/2024,A,AES
12/23/2024,A,AFL
12/23/2024,A,AIG
12/23/2024,A,AIZ
12/23/2024,A,AJG
12/23/2024,A,AKAM
12/23/2024,A,ALB
12/23/2024,A,ALGN
12/23/2024,A,ALL
12/23/2024,A,ALLE
12/23/2024,A,AMAT
12/23/2024,A,AMCR
12/23/2024,A,AMD
12/23/2024,A,AME
12/23/2024,A,AMGN
12/23/2024,A,AMP
12/23/2024,A,AMT
12/23/2024,A,AMZN
12/23/2024,A,ANET
12/23/2024,A,ANSS
12/23/2024,A,AON
12/23/2024,A,AOS
12/23/2024,A,APA
12/23/2024,A,APD
12/23/2024,A,APH
12/23/2024,A,APO
12/23/2024,A,APTV
12/23/2024,A,ARE
12/23/2024,A,ATO
12/23/2024,A,AVB
12/23/2024,A,AVGO
12/23/2024,A,AVY
12/23/2024,A,AWK
12/23/2024,A,AXON
12/23/2024,A,AXP
12/23/2024,A,AZO
12/23/2024,A,BA
12/23/2024,A,BAC
12/23/2024,A,BALL
12/23/2024,A,BAX
12/23/2024,A,BBY
12/23/2024,A,BDX
12/23/2024,A,BEN
12/23/2024,A,BF.B
12/23/2024,A,BG
12/23/2024,A,BIIB
12/23/2024,A,BK
12/23/2024,A,BKNG
12/23/2024,A,BKR
12/23/2024,A,BLDR
12/23/2024,A,BLK
12/23/2024,A,BMY
12/23/2024,A,BR
12/23/2024,A,BRK.B
12/23/2024,A,BRO
12/23/2024,A,BSX
12/23/2024,A,BWA
12/23/2024,A,BX
12/23/2024,A,BXP
12/23/2024,A,C
12/23/2024,A,CAG
12/23/2024,A,CAH
12/23/2024,A,CARR
12/23/2024,A,CAT
12/23/2024,A,CB
12/23/2024,A,CBOE
12/23/2024,A,CBRE
12/23/2024,A,CCI
12/23/2024,A,CCL
12/23/2024,A,CDNS
12/23/2024,A,CDW
12/23/2024,A,CE
12/23/2024,A,CEG
12/23/2024,A,CF
12/23/2024,A,CFG
12/23/2024,A,CHD
12/23/2024,A,CHRW
12/23/2024,A,CHTR
12/23/2024,A,CI
12/23/2024,A,CINF
12/23/2024,A,CL
12/23/2024,A,CLX
12/23/2024,A,CMCSA
12/23/2024,A,CME
12/23/2024,A,CMG
12/23/2024,A,CMI
12/23/2024,A,CMS
12/23/2024,A,CNC
12/23/2024,A,CNP
12/23/2024,A,COF
12/23/2024,A,COO
12/23/2024,A,COP
12/23/2024,A,COR
12/23/2024,A,COST
12/23/2024,A,CPAY
12/23/2024,A,CPB
12/23/2024,A,CPRT
12/23/2024,A,CPT
12/23/2024,A,CRL
12/23/2024,A,CRM
12/23/2024,A,CRWD
12/23/2024,A,CSCO
12/23/2024,A,CSGP
12/23/2024,A,CSX
12/23/2024,A,CTAS
12/23/2024,A,CTRA
12/23/2024,A,CTSH
12/23/2024,A,CTVA
12/23/2024,A,CVS
12/23/2024,A,CVX
12/23/2024,A,CZR
12/23/2024,A,D
12/23/2024,A,DAL
12/23/2024,A,DAY
12/23/2024,A,DD
12/23/2024,A,DE
12/23/2024,A,DECK
12/23/2024,A,DELL
12/23/2024,A,DFS
12/23/2024,A,DG
12/23/2024,A,DGX
12/23/2024,A,DHI
12/23/2024,A,DHR
12/23/2024,A,DIS
12/23/2024,A,DLR
12/23/2024,A,DLTR
12/23/2024,A,DOC
12/23/2024,A,DOV
12/23/2024,A,DOW
12/23/2024,A,DPZ
12/23/2024,A,DRI
12/23/2024,A,DTE
12/23/2024,A,DUK
12/23/2024,A,DVA
12/23/2024,A,DVN
12/23/2024,A,DXCM
12/23/2024,A,EA
12/23/2024,A,EBAY
12/23/2024,A,ECL
12/23/2024,A,ED
12/23/2024,A,EFX
12/23/2024,A,EG
12/23/2024,A,EIX
12/23/2024,A,EL
12/23/2024,A,ELV
12/23/2024,A,EMN
12/23/2024,A,EMR
12/23/2024,A,ENPH
12/23/2024,A,EOG
12/23/2024,A,EPAM
12/23/2024,A,EQIX
12/23/2024,A,EQR
12/23/2024,A,EQT
12/23/2024,A,ERIE
12/23/2024,A,ES
12/23/2024,A,ESS
12/23/2024,A,ETN
12/23/2024,A,ETR
12/23/2024,A,EVRG
12/23/2024,A,EW
12/23/2024,A,EXC
12/23/2024,A,EXPD
12/23/2024,A,EXPE
12/23/2024,A,EXR
12/23/2024,A,F
12/23/2024,A,FANG
12/23/2024,A,FAST
12/23/2024,A,FCX
12/23/2024,A,FDS
12/23/2024,A,FDX
12/23/2024,A,FE
12/23/2024,A,FFIV
12/23/2024,A,FI
12/23/2024,A,FICO
12/23/2024,A,FIS
12/23/2024,A,FITB
12/23/2024,A,FMC
12/23/2024,A,FOX
12/23/2024,A,FOXA
12/23/2024,A,FRT
12/23/2024,A,FSLR
12/23/2024,A,FTNT
12/23/2024,A,FTV
12/23/2024,A,GD
12/23/2024,A,GDDY
12/23/2024,A,GE
12/23/2024,A,GEHC
12/23/2024,A,GEN
12/23/2024,A,GEV
12/23/2024,A,GILD
12/23/2024,A,GIS
12/23/2024,A,GL
12/23/2024,A,GLW
12/23/2024,A,GM
12/23/2024,A,GNRC
12/23/2024,A,GOOG
12/23/2024,A,GOOGL
12/23/2024,A,GPC
12/23/2024,A,GPN
12/23/2024,A,GRMN
12/23/2024,A,GS
12/23/2024,A,GWW
12/23/2024,A,HAL
12/23/2024,A,HAS
12/23/2024,A,HBAN
12/23/2024,A,HCA
12/23/2024,A,HD
12/23/2024,A,HES
12/23/2024,A,HIG
12/23/2024,A,HII
12/23/2024,A,HLT
12/23/2024,A,HOLX
12/23/2024,A,HON
12/23/2024,A,HPE
12/23/2024,A,HPQ
12/23/2024,A,HRL
12/23/2024,A,HSIC
12/23/2024,A,HST
12/23/2024,A,HSY
12/23/2024,A,HUBB
12/23/2024,A,HUM
12/23/2024,A,HWM
12/23/2024,A,IBM
12/23/2024,A,ICE
12/23/2024,A,IDXX
12/23/2024,A,IEX
12/23/2024,A,IFF
12/23/2024,A,INCY
12/23/2024,A,INTC
12/23/2024,A,INTU
12/23/2024,A,INVH
12/23/2024,A,IP
12/23/2024,A,IPG
12/23/2024,A,IQV
12/23/2024,A,IR
12/23/2024,A,IRM
12/23/2024,A,ISRG
12/23/2024,A,IT
12/23/2024,A,ITW
12/23/2024,A,IVZ
12/23/2024,A,J
12/23/2024,A,JBHT
12/23/2024,A,JBL
12/23/2024,A,JCI
12/23/2024,A,JKHY
12/23/2024,A,JNJ
12/23/2024,A,JNPR
12/23/2024,A,JPM
12/23/2024,A,K
12/23/2024,A,KDP
12/23/2024,A,KEY
12/23/2024,A,KEYS
12/23/2024,A,KHC
12/23/2024,A,KIM
12/23/2024,A,KKR
12/23/2024,A,KLAC
12/23/2024,A,KMB
12/23/2024,A,KMI
12/23/2024,A,KMX
12/23/2024,A,KO
12/23/2024,A,KR
12/23/2024,A,KVUE
12/23/2024,A,L
12/23/2024,A,LDOS
12/23/2024,A,LEN
12/23/2024,A,LH
12/23/2024,A,LHX
12/23/2024,A,LII
12/23/2024,A,LIN
12/23/2024,A,LKQ
12/23/2024,A,LLY
12/23/2024,A,LMT
12/23/2024,A,LNT
12/23/2024,A,LOW
12/23/2024,A,LRCX
12/23/2024,A,LULU
12/23/2024,A,LUV
12/23/2024,A,LVS
12/23/2024,A,LW
12/23/2024,A,LYB
12/23/2024,A,LYV
12/23/2024,A,MA
12/23/2024,A,MAA
12/23/2024,A,MAR
12/23/2024,A,MAS
12/23/2024,A,MCD
12/23/2024,A,MCHP
12/23/2024,A,MCK
12/23/2024,A,MCO
12/23/2024,A,MDLZ
12/23/2024,A,MDT
12/23/2024,A,MET
12/23/2024,A,META
12/23/2024,A,MGM
12/23/2024,A,MHK
12/23/2024,A,MKC
12/23/2024,A,MKTX
12/23/2024,A,MLM
12/23/2024,A,MMC
12/23/2024,A,MMM
12/23/2024,A,MNST
12/23/2024,A,MO
12/23/2024,A,MOH
12/23/2024,A,MOS
12/23/2024,A,MPC
12/23/2024,A,MPWR
12/23/2024,A,MRK
12/23/2024,A,MRNA
12/23/2024,A,MS
12/23/2024,A,MSCI
12/23/2024,A,MSFT
12/23/2024,A,MSI
12/23/2024,A,MTB
12/23/2024,A,MTCH
12/23/2024,A,MTD
12/23/2024,A,MU
12/23/2024,A,NCLH
12/23/2024,A,NDAQ
12/23/2024,A,NDSN
12/23/2024,A,NEE
12/23/2024,A,NEM
12/23/2024,A,NFLX
12/23/2024,A,NI
12/23/2024,A,NKE
12/23/2024,A,NOC
12/23/2024,A,NOW
12/23/2024,A,NRG
12/23/2024,A,NSC
12/23/2024,A,NTAP
12/23/2024,A,NTRS
12/23/2024,A,NUE
12/23/2024,A,NVDA
12/23/2024,A,NVR
12/23/2024,A,NWS
12/23/2024,A,NWSA
12/23/2024,A,NXPI
12/23/2024,A,O
12/23/2024,A,ODFL
12/23/2024,A,OKE
12/23/2024,A,OMC
12/23/2024,A,ON
12/23/2024,A,ORCL
12/23/2024,A,ORLY
12/23/2024,A,OTIS
12/23/2024,A,OXY
12/23/2024,A,PANW
12/23/2024,A,PARA
12/23/2024,A,PAYC
12/23/2024,A,PAYX
12/23/2024,A,PCAR
12/23/2024,A,PCG
12/23/2024,A,PEG
12/23/2024,A,PEP
12/23/2024,A,PFE
12/23/2024,A,PFG
12/23/2024,A,PG
12/23/2024,A,PGR
12/23/2024,A,PH
12/23/2024,A,PHM
12/23/2024,A,PKG
12/23/2024,A,PLD
12/23/2024,A,PLTR
12/23/2024,A,PM
12/23/2024,A,PNC
12/23/2024,A,PNR
12/23/2024,A,PNW
12/23/2024,A,PODD
12/23/2024,A,POOL
12/23/2024,A,PPG
12/23/2024,A,PPL
12/23/2024,A,PRU
12/23/2024,A,PSA
12/23/2024,A,PSX
12/23/2024,A,PTC
12/23/2024,A,PWR
12/23/2024,A,PYPL
12/23/2024,A,QCOM
12/23/2024,A,RCL
12/23/2024,A,REG
12/23/2024,A,REGN
12/23/2024,A,RF
12/23/2024,A,RJF
12/23/2024,A,RL
12/23/2024,A,RMD
12/23/2024,A,ROK
12/23/2024,A,ROL
12/23/2024,A,ROP
12/23/2024,A,ROST
12/23/2024,A,RSG
12/23/2024,A,RTX
12/23/2024,A,RVTY
12/23/2024,A,SBAC
12/23/2024,A,SBUX
12/23/2024,A,SCHW
12/23/2024,A,SHW
12/23/2024,A,SJM
12/23/2024,A,SLB
12/23/2024,A,SMCI
12/23/2024,A,SNA
12/23/2024,A,SNPS
12/23/2024,A,SO
12/23/2024,A,SOLV
12/23/2024,A,SPG
12/23/2024,A,SPGI
12/23/2024,A,SRE
12/23/2024,A,STE
12/23/2024,A,STLD
12/23/2024,A,STT
12/23/2024,A,STX
12/23/2024,A,STZ
12/23/2024,A,SW
12/23/2024,A,SWK
12/23/2024,A,SWKS
12/23/2024,A,SYF
12/23/2024,A,SYK
12/23/2024,A,SYY
12/23/2024,A,T
12/23/2024,A,TAP
12/23/2024,A,TDG
12/23/2024,A,TDY
12/23/2024,A,TECH
12/23/2024,A,TEL
12/23/2024,A,TER
12/23/2024,A,TFC
12/23/2024,A,TFX
12/23/2024,A,TGT
12/23/2024,A,TJX
12/23/2024,A,TMO
12/23/2024,A,TMUS
12/23/2024,A,TPL
12/23/2024,A,TPR
12/23/2024,A,TRGP
12/23/2024,A,TRMB
12/23/2024,A,TROW
12/23/2024,A,TRV
12/23/2024,A,TSCO
12/23/2024,A,TSLA
12/23/2024,A,TSN
12/23/2024,A,TT
12/23/2024,A,TTWO
12/23/2024,A,TXN
12/23/2024,A,TXT
12/23/2024,A,TYL
12/23/2024,A,UAL
12/23/2024,A,UBER
12/23/2024,A,UDR
12/23/2024,A,UHS
12/23/2024,A,ULTA
12/23/2024,A,UNH
12/23/2024,A,UNP
12/23/2024,A,UPS
12/23/2024,A,URI
12/23/2024,A,USB
12/23/2024,A,V
12/23/2024,A,VICI
12/23/2024,A,VLO
12/23/2024,A,VLTO
12/23/2024,A,VMC
12/23/2024,A,VRSK
12/23/2024,A,VRSN
12/23/2024,A,VRTX
12/23/2024,A,VST
12/23/2024,A,VTR
12/23/2024,A,VTRS
12/23/2024,A,VZ
12/23/2024,A,WAB
12/23/2024,A,WAT
12/23/2024,A,WBA
12/23/2024,A,WBD
12/23/2024,A,WDAY
12/23/2024,A,WDC
12/23/2024,A,WEC
12/23/2024,A,WELL
12/23/2024,A,WFC
12/23/2024,A,WM
12/23/2024,A,WMB
12/23/2024,A,WMT
12/23/2024,A,WRB
12/23/2024,A,WST
12/23/2024,A,WTW
12/23/2024,A,WY
12/23/2024,A,WYNN
12/23/2024,A,XEL
12/23/2024,A,XOM
12/23/2024,A,XYL
12/23/2024,A,YUM
12/23/2024,A,ZBH
12/23/2024,A,ZBRA
12/23/2024,A,ZTS
4/24/2025,A,AAPL
4/24/2025,A,ABBV
4/24/2025,A,ABNB
4/24/2025,A,ABT
4/24/2025,A,ACGL
4/24/2025,A,ACN
4/24/2025,A,ADBE
4/24/2025,A,ADI
4/24/2025,A,ADM
4/24/2025,A,ADP
4/24/2025,A,ADSK
4/24/2025,A,AEE
4/24/2025,A,AEP
4/24/2025,A,AES
4/24/2025,A,AFL
4/24/2025,A,AIG
4/24/2025,A,AIZ
4/24/2025,A,AJG
4/24/2025,A,AKAM
4/24/2025,A,ALB
4/24/2025,A,ALGN
4/24/2025,A,ALL
4/24/2025,A,ALLE
4/24/2025,A,AMAT
4/24/2025,A,AMCR
4/24/2025,A,AMD
4/24/2025,A,AME
4/24/2025,A,AMGN
4/24/2025,A,AMP
4/24/2025,A,AMT
4/24/2025,A,AMZN
4/24/2025,A,ANET
4/24/2025,A,ANSS
4/24/2025,A,AON
4/24/2025,A,AOS
4/24/2025,A,APA
4/24/2025,A,APD
4/24/2025,A,APH
4/24/2025,A,APO
4/24/2025,A,APTV
4/24/2025,A,ARE
4/24/2025,A,ATO
4/24/2025,A,AVB
4/24/2025,A,AVGO
4/24/2025,A,AVY
4/24/2025,A,AWK
4/24/2025,A,AXON
4/24/2025,A,AXP
4/24/2025,A,AZO
4/24/2025,A,BA
4/24/2025,A,BAC
4/24/2025,A,BALL
4/24/2025,A,BAX
4/24/2025,A,BBY
4/24/2025,A,BDX
4/24/2025,A,BEN
4/24/2025,A,BF.B
4/24/2025,A,BG
4/24/2025,A,BIIB
4/24/2025,A,BK
4/24/2025,A,BKNG
4/24/2025,A,BKR
4/24/2025,A,BLDR
4/24/2025,A,BLK
4/24/2025,A,BMY
4/24/2025,A,BR
4/24/2025,A,BRK.B
4/24/2025,A,BRO
4/24/2025,A,BSX
4/24/2025,A,BX
4/24/2025,A,BXP
4/24/2025,A,C
4/24/2025,A,CAG
4/24/2025,A,CAH
4/24/2025,A,CARR
4/24/2025,A,CAT
4/24/2025,A,CB
4/24/2025,A,CBOE
4/24/2025,A,CBRE
4/24/2025,A,CCI
4/24/2025,A,CCL
4/24/2025,A,CDNS
4/24/2025,A,CDW
4/24/2025,A,CEG
4/24/2025,A,CF
4/24/2025,A,CFG
4/24/2025,A,CHD
4/24/2025,A,CHRW
4/24/2025,A,CHTR
4/24/2025,A,CI
4/24/2025,A,CINF
4/24/2025,A,CL
4/24/2025,A,CLX
4/24/2025,A,CMCSA
4/24/2025,A,CME
4/24/2025,A,CMG
4/24/2025,A,CMI
4/24/2025,A,CMS
4/24/2025,A,CNC
4/24/2025,A,CNP
4/24/2025,A,COF
4/24/2025,A,COO
4/24/2025,A,COP
4/24/2025,A,COR
4/24/2025,A,COST
4/24/2025,A,CPAY
4/24/2025,A,CPB
4/24/2025,A,CPRT
4/24/2025,A,CPT
4/24/2025,A,CRL
4/24/2025,A,CRM
4/24/2025,A,CRWD
4/24/2025,A,CSCO
4/24/2025,A,CSGP
4/24/2025,A,CSX
4/24/2025,A,CTAS
4/24/2025,A,CTRA
4/24/2025,A,CTSH
4/24/2025,A,CTVA
4/24/2025,A,CVS
4/24/2025,A,CVX
4/24/2025,A,CZR
4/24/2025,A,D
4/24/2025,A,DAL
4/24/2025,A,DASH
4/24/2025,A,DAY
4/24/2025,A,DD
4/24/2025,A,DE
4/24/2025,A,DECK
4/24/2025,A,DELL
4/24/2025,A,DFS
4/24/2025,A,DG
4/24/2025,A,DGX
4/24/2025,A,DHI
4/24/2025,A,DHR
4/24/2025,A,DIS
4/24/2025,A,DLR
4/24/2025,A,DLTR
4/24/2025,A,DOC
4/24/2025,A,DOV
4/24/2025,A,DOW
4/24/2025,A,DPZ
4/24/2025,A,DRI
4/24/2025,A,DTE
4/24/2025,A,DUK
4/24/2025,A,DVA
4/24/2025,A,DVN
4/24/2025,A,DXCM
4/24/2025,A,EA
4/24/2025,A,EBAY
4/24/2025,A,ECL
4/24/2025,A,ED
4/24/2025,A,EFX
4/24/2025,A,EG
4/24/2025,A,EIX
4/24/2025,A,EL
4/24/2025,A,ELV
4/24/2025,A,EMN
4/24/2025,A,EMR
4/24/2025,A,ENPH
4/24/2025,A,EOG
4/24/2025,A,EPAM
4/24/2025,A,EQIX
4/24/2025,A,EQR
4/24/2025,A,EQT
4/24/2025,A,ERIE
4/24/2025,A,ES
4/24/2025,A,ESS
4/24/2025,A,ETN
4/24/2025,A,ETR
4/24/2025,A,EVRG
4/24/2025,A,EW
4/24/2025,A,EXC
4/24/2025,A,EXE
4/24/2025,A,EXPD
4/24/2025,A,EXPE
4/24/2025,A,EXR
4/24/2025,A,F
4/24/2025,A,FANG
4/24/2025,A,FAST
4/24/2025,A,FCX
4/24/2025,A,FDS
4/24/2025,A,FDX
4/24/2025,A,FE
4/24/2025,A,FFIV
4/24/2025,A,FI
4/24/2025,A,FICO
4/24/2025,A,FIS
4/24/2025,A,FITB
4/24/2025,A,FOX
4/24/2025,A,FOXA
4/24/2025,A,FRT
4/24/2025,A,FSLR
4/24/2025,A,FTNT
4/24/2025,A,FTV
4/24/2025,A,GD
4/24/2025,A,GDDY
4/24/2025,A,GE
4/24/2025,A,GEHC
4/24/2025,A,GEN
4/24/2025,A,GEV
4/24/2025,A,GILD
4/24/2025,A,GIS
4/24/2025,A,GL
4/24/2025,A,GLW
4/24/2025,A,GM
4/24/2025,A,GNRC
4/24/2025,A,GOOG
4/24/2025,A,GOOGL
4/24/2025,A,GPC
4/24/2025,A,GPN
4/24/2025,A,GRMN
4/24/2025,A,GS
4/24/2025,A,GWW
4/24/2025,A,HAL
4/24/2025,A,HAS
4/24/2025,A,HBAN
4/24/2025,A,HCA
4/24/2025,A,HD
4/24/2025,A,HES
4/24/2025,A,HIG
4/24/2025,A,HII
4/24/2025,A,HLT
4/24/2025,A,HOLX
4/24/2025,A,HON
4/24/2025,A,HPE
4/24/2025,A,HPQ
4/24/2025,A,HRL
4/24/2025,A,HSIC
4/24/2025,A,HST
4/24/2025,A,HSY
4/24/2025,A,HUBB
4/24/2025,A,HUM
4/24/2025,A,HWM
4/24/2025,A,IBM
4/24/2025,A,ICE
4/24/2025,A,IDXX
4/24/2025,A,IEX
4/24/2025,A,IFF
4/24/2025,A,INCY
4/24/2025,A,INTC
4/24/2025,A,INTU
4/24/2025,A,INVH
4/24/2025,A,IP
4/24/2025,A,IPG
4/24/2025,A,IQV
4/24/2025,A,IR
4/24/2025,A,IRM
4/24/2025,A,ISRG
4/24/2025,A,IT
4/24/2025,A,ITW
4/24/2025,A,IVZ
4/24/2025,A,J
4/24/2025,A,JBHT
4/24/2025,A,JBL
4/24/2025,A,JCI
4/24/2025,A,JKHY
4/24/2025,A,JNJ
4/24/2025,A,JNPR
4/24/2025,A,JPM
4/24/2025,A,K
4/24/2025,A,KDP
4/24/2025,A,KEY
4/24/2025,A,KEYS
4/24/2025,A,KHC
4/24/2025,A,KIM
4/24/2025,A,KKR
4/24/2025,A,KLAC
4/24/2025,A,KMB
4/24/2025,A,KMI
4/24/2025,A,KMX
4/24/2025,A,KO
4/24/2025,A,KR
4/24/2025,A,KVUE
4/24/2025,A,L
4/24/2025,A,LDOS
4/24/2025,A,LEN
4/24/2025,A,LH
4/24/2025,A,LHX
4/24/2025,A,LII
4/24/2025,A,LIN
4/24/2025,A,LKQ
4/24/2025,A,LLY
4/24/2025,A,LMT
4/24/2025,A,LNT
4/24/2025,A,LOW
4/24/2025,A,LRCX
4/24/2025,A,LULU
4/24/2025,A,LUV
4/24/2025,A,LVS
4/24/2025,A,LW
4/24/2025,A,LYB
4/24/2025,A,LYV
4/24/2025,A,MA
4/24/2025,A,MAA
4/24/2025,A,MAR
4/24/2025,A,MAS
4/24/2025,A,MCD
4/24/2025,A,MCHP
4/24/2025,A,MCK
4/24/2025,A,MCO
4/24/2025,A,MDLZ
4/24/2025,A,MDT
4/24/2025,A,MET
4/24/2025,A,META
4/24/2025,A,MGM
4/24/2025,A,MHK
4/24/2025,A,MKC
4/24/2025,A,MKTX
4/24/2025,A,MLM
4/24/2025,A,MMC
4/24/2025,A,MMM
4/24/2025,A,MNST
4/24/2025,A,MO
4/24/2025,A,MOH
4/24/2025,A,MOS
4/24/2025,A,MPC
4/24/2025,A,MPWR
4/24/2025,A,MRK
4/24/2025,A,MRNA
4/24/2025,A,MS
4/24/2025,A,MSCI
4/24/2025,A,MSFT
4/24/2025,A,MSI
4/24/2025,A,MTB
4/24/2025,A,MTCH
4/24/2025,A,MTD
4/24/2025,A,MU
4/24/2025,A,NCLH
4/24/2025,A,NDAQ
4/24/2025,A,NDSN
4/24/2025,A,NEE
4/24/2025,A,NEM
4/24/2025,A,NFLX
4/24/2025,A,NI
4/24/2025,A,NKE
4/24/2025,A,NOC
4/24/2025,A,NOW
4/24/2025,A,NRG
4/24/2025,A,NSC
4/24/2025,A,NTAP
4/24/2025,A,NTRS
4/24/2025,A,NUE
4/24/2025,A,NVDA
4/24/2025,A,NVR
4/24/2025,A,NWS
4/24/2025,A,NWSA
4/24/2025,A,NXPI
4/24/2025,A,O
4/24/2025,A,ODFL
4/24/2025,A,OKE
4/24/2025,A,OMC
4/24/2025,A,ON
4/24/2025,A,ORCL
4/24/2025,A,ORLY
4/24/2025,A,OTIS
4/24/2025,A,OXY
4/24/2025,A,PANW
4/24/2025,A,PARA
4/24/2025,A,PAYC
4/24/2025,A,PAYX
4/24/2025,A,PCAR
4/24/2025,A,PCG
4/24/2025,A,PEG
4/24/2025,A,PEP
4/24/2025,A,PFE
4/24/2025,A,PFG
4/24/2025,A,PG
4/24/2025,A,PGR
4/24/2025,A,PH
4/24/2025,A,PHM
4/24/2025,A,PKG
4/24/2025,A,PLD
4/24/2025,A,PLTR
4/24/2025,A,PM
4/24/2025,A,PNC
4/24/2025,A,PNR
4/24/2025,A,PNW
4/24/2025,A,PODD
4/24/2025,A,POOL
4/24/2025,A,PPG
4/24/2025,A,PPL
4/24/2025,A,PRU
4/24/2025,A,PSA
4/24/2025,A,PSX
4/24/2025,A,PTC
4/24/2025,A,PWR
4/24/2025,A,PYPL
4/24/2025,A,QCOM
4/24/2025,A,RCL
4/24/2025,A,REG
4/24/2025,A,REGN
4/24/2025,A,RF
4/24/2025,A,RJF
4/24/2025,A,RL
4/24/2025,A,RMD
4/24/2025,A,ROK
4/24/2025,A,ROL
4/24/2025,A,ROP
4/24/2025,A,ROST
4/24/2025,A,RSG
4/24/2025,A,RTX
4/24/2025,A,RVTY
4/24/2025,A,SBAC
4/24/2025,A,SBUX
4/24/2025,A,SCHW
4/24/2025,A,SHW
4/24/2025,A,SJM
4/24/2025,A,SLB
4/24/2025,A,SMCI
4/24/2025,A,SNA
4/24/2025,A,SNPS
4/24/2025,A,SO
4/24/2025,A,SOLV
4/24/2025,A,SPG
4/24/2025,A,SPGI
4/24/2025,A,SRE
4/24/2025,A,STE
4/24/2025,A,STLD
4/24/2025,A,STT
4/24/2025,A,STX
4/24/2025,A,STZ
4/24/2025,A,SW
4/24/2025,A,SWK
4/24/2025,A,SWKS
4/24/2025,A,SYF
4/24/2025,A,SYK
4/24/2025,A,SYY
4/24/2025,A,T
4/24/2025,A,TAP
4/24/2025,A,TDG
4/24/2025,A,TDY
4/24/2025,A,TECH
4/24/2025,A,TEL
4/24/2025,A,TER
4/24/2025,A,TFC
4/24/2025,A,TGT
4/24/2025,A,TJX
4/24/2025,A,TKO
4/24/2025,A,TMO
4/24/2025,A,TMUS
4/24/2025,A,TPL
4/24/2025,A,TPR
4/24/2025,A,TRGP
4/24/2025,A,TRMB
4/24/2025,A,TROW
4/24/2025,A,TRV
4/24/2025,A,TSCO
4/24/2025,A,TSLA
4/24/2025,A,TSN
4/24/2025,A,TT
4/24/2025,A,TTWO
4/24/2025,A,TXN
4/24/2025,A,TXT
4/24/2025,A,TYL
4/24/2025,A,UAL
4/24/2025,A,UBER
4/24/2025,A,UDR
4/24/2025,A,UHS
4/24/2025,A,ULTA
4/24/2025,A,UNH
4/24/2025,A,UNP
4/24/2025,A,UPS
4/24/2025,A,URI
4/24/2025,A,USB
4/24/2025,A,V
4/24/2025,A,VICI
4/24/2025,A,VLO
4/24/2025,A,VLTO
4/24/2025,A,VMC
4/24/2025,A,VRSK
4/24/2025,A,VRSN
4/24/2025,A,VRTX
4/24/2025,A,VST
4/24/2025,A,VTR
4/24/2025,A,VTRS
4/24/2025,A,VZ
4/24/2025,A,WAB
4/24/2025,A,WAT
4/24/2025,A,WBA
4/24/2025,A,WBD
4/24/2025,A,WDAY
4/24/2025,A,WDC
4/24/2025,A,WEC
4/24/2025,A,WELL
4/24/2025,A,WFC
4/24/2025,A,WM
4/24/2025,A,WMB
4/24/2025,A,WMT
4/24/2025,A,WRB
4/24/2025,A,WSM
4/24/2025,A,WST
4/24/2025,A,WTW
4/24/2025,A,WY
4/24/2025,A,WYNN
4/24/2025,A,XEL
4/24/2025,A,XOM
4/24/2025,A,XYL
4/24/2025,A,YUM
4/24/2025,A,ZBH
4/24/2025,A,ZBRA
4/24/2025,A,ZTS
7/9/2025,A,AAPL
7/9/2025,A,ABBV
7/9/2025,A,ABNB
7/9/2025,A,ABT
7/9/2025,A,ACGL
7/9/2025,A,ACN
7/9/2025,A,ADBE
7/9/2025,A,ADI
7/9/2025,A,ADM
7/9/2025,A,ADP
7/9/2025,A,ADSK
7/9/2025,A,AEE
7/9/2025,A,AEP
7/9/2025,A,AES
7/9/2025,A,AFL
7/9/2025,A,AIG
7/9/2025,A,AIZ
7/9/2025,A,AJG
7/9/2025,A,AKAM
7/9/2025,A,ALB
7/9/2025,A,ALGN
7/9/2025,A,ALL
7/9/2025,A,ALLE
7/9/2025,A,AMAT
7/9/2025,A,AMCR
7/9/2025,A,AMD
7/9/2025,A,AME
7/9/2025,A,AMGN
7/9/2025,A,AMP
7/9/2025,A,AMT
7/9/2025,A,AMZN
7/9/2025,A,ANET
7/9/2025,A,ANSS
7/9/2025,A,AON
7/9/2025,A,AOS
7/9/2025,A,APA
7/9/2025,A,APD
7/9/2025,A,APH
7/9/2025,A,APO
7/9/2025,A,APTV
7/9/2025,A,ARE
7/9/2025,A,ATO
7/9/2025,A,AVB
7/9/2025,A,AVGO
7/9/2025,A,AVY
7/9/2025,A,AWK
7/9/2025,A,AXON
7/9/2025,A,AXP
7/9/2025,A,AZO
7/9/2025,A,BA
7/9/2025,A,BAC
7/9/2025,A,BALL
7/9/2025,A,BAX
7/9/2025,A,BBY
7/9/2025,A,BDX
7/9/2025,A,BEN
7/9/2025,A,BF.B
7/9/2025,A,BG
7/9/2025,A,BIIB
7/9/2025,A,BK
7/9/2025,A,BKNG
7/9/2025,A,BKR
7/9/2025,A,BLDR
7/9/2025,A,BLK
7/9/2025,A,BMY
7/9/2025,A,BR
7/9/2025,A,BRK.B
7/9/2025,A,BRO
7/9/2025,A,BSX
7/9/2025,A,BX
7/9/2025,A,BXP
7/9/2025,A,C
7/9/2025,A,CAG
7/9/2025,A,CAH
7/9/2025,A,CARR
7/9/2025,A,CAT
7/9/2025,A,CB
7/9/2025,A,CBOE
7/9/2025,A,CBRE
7/9/2025,A,CCI
7/9/2025,A,CCL
7/9/2025,A,CDNS
7/9/2025,A,CDW
7/9/2025,A,CEG
7/9/2025,A,CF
7/9/2025,A,CFG
7/9/2025,A,CHD
7/9/2025,A,CHRW
7/9/2025,A,CHTR
7/9/2025,A,CI
7/9/2025,A,CINF
7/9/2025,A,CL
7/9/2025,A,CLX
7/9/2025,A,CMCSA
7/9/2025,A,CME
7/9/2025,A,CMG
7/9/2025,A,CMI
7/9/2025,A,CMS
7/9/2025,A,CNC
7/9/2025,A,CNP
7/9/2025,A,COF
7/9/2025,A,COIN
7/9/2025,A,COO
7/9/2025,A,COP
7/9/2025,A,COR
7/9/2025,A,COST
7/9/2025,A,CPAY
7/9/2025,A,CPB
7/9/2025,A,CPRT
7/9/2025,A,CPT
7/9/2025,A,CRL
7/9/2025,A,CRM
7/9/2025,A,CRWD
7/9/2025,A,CSCO
7/9/2025,A,CSGP
7/9/2025,A,CSX
7/9/2025,A,CTAS
7/9/2025,A,CTRA
7/9/2025,A,CTSH
7/9/2025,A,CTVA
7/9/2025,A,CVS
7/9/2025,A,CVX
7/9/2025,A,CZR
7/9/2025,A,D
7/9/2025,A,DAL
7/9/2025,A,DASH
7/9/2025,A,DAY
7/9/2025,A,DD
7/9/2025,A,DDOG
7/9/2025,A,DE
7/9/2025,A,DECK
7/9/2025,A,DELL
7/9/2025,A,DG
7/9/2025,A,DGX
7/9/2025,A,DHI
7/9/2025,A,DHR
7/9/2025,A,DIS
7/9/2025,A,DLR
7/9/2025,A,DLTR
7/9/2025,A,DOC
7/9/2025,A,DOV
7/9/2025,A,DOW
7/9/2025,A,DPZ
7/9/2025,A,DRI
7/9/2025,A,DTE
7/9/2025,A,DUK
7/9/2025,A,DVA
7/9/2025,A,DVN
7/9/2025,A,DXCM
7/9/2025,A,EA
7/9/2025,A,EBAY
7/9/2025,A,ECL
7/9/2025,A,ED
7/9/2025,A,EFX
7/9/2025,A,EG
7/9/2025,A,EIX
7/9/2025,A,EL
7/9/2025,A,ELV
7/9/2025,A,EMN
7/9/2025,A,EMR
7/9/2025,A,ENPH
7/9/2025,A,EOG
7/9/2025,A,EPAM
7/9/2025,A,EQIX
7/9/2025,A,EQR
7/9/2025,A,EQT
7/9/2025,A,ERIE
7/9/2025,A,ES
7/9/2025,A,ESS
7/9/2025,A,ETN
7/9/2025,A,ETR
7/9/2025,A,EVRG
7/9/2025,A,EW
7/9/2025,A,EXC
7/9/2025,A,EXE
7/9/2025,A,EXPD
7/9/2025,A,EXPE
7/9/2025,A,EXR
7/9/2025,A,F
7/9/2025,A,FANG
7/9/2025,A,FAST
7/9/2025,A,FCX
7/9/2025,A,FDS
7/9/2025,A,FDX
7/9/2025,A,FE
7/9/2025,A,FFIV
7/9/2025,A,FI
7/9/2025,A,FICO
7/9/2025,A,FIS
7/9/2025,A,FITB
7/9/2025,A,FOX
7/9/2025,A,FOXA
7/9/2025,A,FRT
7/9/2025,A,FSLR
7/9/2025,A,FTNT
7/9/2025,A,FTV
7/9/2025,A,GD
7/9/2025,A,GDDY
7/9/2025,A,GE
7/9/2025,A,GEHC
7/9/2025,A,GEN
7/9/2025,A,GEV
7/9/2025,A,GILD
7/9/2025,A,GIS
7/9/2025,A,GL
7/9/2025,A,GLW
7/9/2025,A,GM
7/9/2025,A,GNRC
7/9/2025,A,GOOG
7/9/2025,A,GOOGL
7/9/2025,A,GPC
7/9/2025,A,GPN
7/9/2025,A,GRMN
7/9/2025,A,GS
7/9/2025,A,GWW
7/9/2025,A,HAL
7/9/2025,A,HAS
7/9/2025,A,HBAN
7/9/2025,A,HCA
7/9/2025,A,HD
7/9/2025,A,HES
7/9/2025,A,HIG
7/9/2025,A,HII
7/9/2025,A,HLT
7/9/2025,A,HOLX
7/9/2025,A,HON
7/9/2025,A,HPE
7/9/2025,A,HPQ
7/9/2025,A,HRL
7/9/2025,A,HSIC
7/9/2025,A,HST
7/9/2025,A,HSY
7/9/2025,A,HUBB
7/9/2025,A,HUM
7/9/2025,A,HWM
7/9/2025,A,IBM
7/9/2025,A,ICE
7/9/2025,A,IDXX
7/9/2025,A,IEX
7/9/2025,A,IFF
7/9/2025,A,INCY
7/9/2025,A,INTC
7/9/2025,A,INTU
7/9/2025,A,INVH
7/9/2025,A,IP
7/9/2025,A,IPG
7/9/2025,A,IQV
7/9/2025,A,IR
7/9/2025,A,IRM
7/9/2025,A,ISRG
7/9/2025,A,IT
7/9/2025,A,ITW
7/9/2025,A,IVZ
7/9/2025,A,J
7/9/2025,A,JBHT
7/9/2025,A,JBL
7/9/2025,A,JCI
7/9/2025,A,JKHY
7/9/2025,A,JNJ
7/9/2025,A,JPM
7/9/2025,A,K
7/9/2025,A,KDP
7/9/2025,A,KEY
7/9/2025,A,KEYS
7/9/2025,A,KHC
7/9/2025,A,KIM
7/9/2025,A,KKR
7/9/2025,A,KLAC
7/9/2025,A,KMB
7/9/2025,A,KMI
7/9/2025,A,KMX
7/9/2025,A,KO
7/9/2025,A,KR
7/9/2025,A,KVUE
7/9/2025,A,L
7/9/2025,A,LDOS
7/9/2025,A,LEN
7/9/2025,A,LH
7/9/2025,A,LHX
7/9/2025,A,LII
7/9/2025,A,LIN
7/9/2025,A,LKQ
7/9/2025,A,LLY
7/9/2025,A,LMT
7/9/2025,A,LNT
7/9/2025,A,LOW
7/9/2025,A,LRCX
7/9/2025,A,LULU
7/9/2025,A,LUV
7/9/2025,A,LVS
7/9/2025,A,LW
7/9/2025,A,LYB
7/9/2025,A,LYV
7/9/2025,A,MA
7/9/2025,A,MAA
7/9/2025,A,MAR
7/9/2025,A,MAS
7/9/2025,A,MCD
7/9/2025,A,MCHP
7/9/2025,A,MCK
7/9/2025,A,MCO
7/9/2025,A,MDLZ
7/9/2025,A,MDT
7/9/2025,A,MET
7/9/2025,A,META
7/9/2025,A,MGM
7/9/2025,A,MHK
7/9/2025,A,MKC
7/9/2025,A,MKTX
7/9/2025,A,MLM
7/9/2025,A,MMC
7/9/2025,A,MMM
7/9/2025,A,MNST
7/9/2025,A,MO
7/9/2025,A,MOH
7/9/2025,A,MOS
7/9/2025,A,MPC
7/9/2025,A,MPWR
7/9/2025,A,MRK
7/9/2025,A,MRNA
7/9/2025,A,MS
7/9/2025,A,MSCI
7/9/2025,A,MSFT
7/9/2025,A,MSI
7/9/2025,A,MTB
7/9/2025,A,MTCH
7/9/2025,A,MTD
7/9/2025,A,MU
7/9/2025,A,NCLH
7/9/2025,A,NDAQ
7/9/2025,A,NDSN
7/9/2025,A,NEE
7/9/2025,A,NEM
7/9/2025,A,NFLX
7/9/2025,A,NI
7/9/2025,A,NKE
7/9/2025,A,NOC
7/9/2025,A,NOW
7/9/2025,A,NRG
7/9/2025,A,NSC
7/9/2025,A,NTAP
7/9/2025,A,NTRS
7/9/2025,A,NUE
7/9/2025,A,NVDA
7/9/2025,A,NVR
7/9/2025,A,NWS
7/9/2025,A,NWSA
7/9/2025,A,NXPI
7/9/2025,A,O
7/9/2025,A,ODFL
7/9/2025,A,OKE
7/9/2025,A,OMC
7/9/2025,A,ON
7/9/2025,A,ORCL
7/9/2025,A,ORLY
7/9/2025,A,OTIS
7/9/2025,A,OXY
7/9/2025,A,PANW
7/9/2025,A,PARA
7/9/2025,A,PAYC
7/9/2025,A,PAYX
7/9/2025,A,PCAR
7/9/2025,A,PCG
7/9/2025,A,PEG
7/9/2025,A,PEP
7/9/2025,A,PFE
7/9/2025,A,PFG
7/9/2025,A,PG
7/9/2025,A,PGR
7/9/2025,A,PH
7/9/2025,A,PHM
7/9/2025,A,PKG
7/9/2025,A,PLD
7/9/2025,A,PLTR
7/9/2025,A,PM
7/9/2025,A,PNC
7/9/2025,A,PNR
7/9/2025,A,PNW
7/9/2025,A,PODD
7/9/2025,A,POOL
7/9/2025,A,PPG
7/9/2025,A,PPL
7/9/2025,A,PRU
7/9/2025,A,PSA
7/9/2025,A,PSX
7/9/2025,A,PTC
7/9/2025,A,PWR
7/9/2025,A,PYPL
7/9/2025,A,QCOM
7/9/2025,A,RCL
7/9/2025,A,REG
7/9/2025,A,REGN
7/9/2025,A,RF
7/9/2025,A,RJF
7/9/2025,A,RL
7/9/2025,A,RMD
7/9/2025,A,ROK
7/9/2025,A,ROL
7/9/2025,A,ROP
7/9/2025,A,ROST
7/9/2025,A,RSG
7/9/2025,A,RTX
7/9/2025,A,RVTY
7/9/2025,A,SBAC
7/9/2025,A,SBUX
7/9/2025,A,SCHW
7/9/2025,A,SHW
7/9/2025,A,SJM
7/9/2025,A,SLB
7/9/2025,A,SMCI
7/9/2025,A,SNA
7/9/2025,A,SNPS
7/9/2025,A,SO
7/9/2025,A,SOLV
7/9/2025,A,SPG
7/9/2025,A,SPGI
7/9/2025,A,SRE
7/9/2025,A,STE
7/9/2025,A,STLD
7/9/2025,A,STT
7/9/2025,A,STX
7/9/2025,A,STZ
7/9/2025,A,SW
7/9/2025,A,SWK
7/9/2025,A,SWKS
7/9/2025,A,SYF
7/9/2025,A,SYK
7/9/2025,A,SYY
7/9/2025,A,T
7/9/2025,A,TAP
7/9/2025,A,TDG
7/9/2025,A,TDY
7/9/2025,A,TECH
7/9/2025,A,TEL
7/9/2025,A,TER
7/9/2025,A,TFC
7/9/2025,A,TGT
7/9/2025,A,TJX
7/9/2025,A,TKO
7/9/2025,A,TMO
7/9/2025,A,TMUS
7/9/2025,A,TPL
7/9/2025,A,TPR
7/9/2025,A,TRGP
7/9/2025,A,TRMB
7/9/2025,A,TROW
7/9/2025,A,TRV
7/9/2025,A,TSCO
7/9/2025,A,TSLA
7/9/2025,A,TSN
7/9/2025,A,TT
7/9/2025,A,TTWO
7/9/2025,A,TXN
7/9/2025,A,TXT
7/9/2025,A,TYL
7/9/2025,A,UAL
7/9/2025,A,UBER
7/9/2025,A,UDR
7/9/2025,A,UHS
7/9/2025,A,ULTA
7/9/2025,A,UNH
7/9/2025,A,UNP
7/9/2025,A,UPS
7/9/2025,A,URI
7/9/2025,A,USB
7/9/2025,A,V
7/9/2025,A,VICI
7/9/2025,A,VLO
7/9/2025,A,VLTO
7/9/2025,A,VMC
7/9/2025,A,VRSK
7/9/2025,A,VRSN
7/9/2025,A,VRTX
7/9/2025,A,VST
7/9/2025,A,VTR
7/9/2025,A,VTRS
7/9/2025,A,VZ
7/9/2025,A,WAB
7/9/2025,A,WAT
7/9/2025,A,WBA
7/9/2025,A,WBD
7/9/2025,A,WDAY
7/9/2025,A,WDC
7/9/2025,A,WEC
7/9/2025,A,WELL
7/9/2025,A,WFC
7/9/2025,A,WM
7/9/2025,A,WMB
7/9/2025,A,WMT
7/9/2025,A,WRB
7/9/2025,A,WSM
7/9/2025,A,WST
7/9/2025,A,WTW
7/9/2025,A,WY
7/9/2025,A,WYNN
7/9/2025,A,XEL
7/9/2025,A,XOM
7/9/2025,A,XYL
7/9/2025,A,YUM
7/9/2025,A,ZBH
7/9/2025,A,ZBRA
7/9/2025,A,ZTS
10/30/2025,A,AAPL
10/30/2025,A,ABBV
10/30/2025,A,ABNB
10/30/2025,A,ABT
10/30/2025,A,ACGL
10/30/2025,A,ACN
10/30/2025,A,ADBE
10/30/2025,A,ADI
10/30/2025,A,ADM
10/30/2025,A,ADP
10/30/2025,A,ADSK
10/30/2025,A,AEE
10/30/2025,A,AEP
10/30/2025,A,AES
10/30/2025,A,AFL
10/30/2025,A,AIG
10/30/2025,A,AIZ
10/30/2025,A,AJG
10/30/2025,A,AKAM
10/30/2025,A,ALB
10/30/2025,A,ALGN
10/30/2025,A,ALL
10/30/2025,A,ALLE
10/30/2025,A,AMAT
10/30/2025,A,AMCR
10/30/2025,A,AMD
10/30/2025,A,AME
10/30/2025,A,AMGN
10/30/2025,A,AMP
10/30/2025,A,AMT
10/30/2025,A,AMZN
10/30/2025,A,ANET
10/30/2025,A,AON
10/30/2025,A,AOS
10/30/2025,A,APA
10/30/2025,A,APD
10/30/2025,A,APH
10/30/2025,A,APO
10/30/2025,A,APP
10/30/2025,A,APTV
10/30/2025,A,ARE
10/30/2025,A,ATO
10/30/2025,A,AVB
10/30/2025,A,AVGO
10/30/2025,A,AVY
10/30/2025,A,AWK
10/30/2025,A,AXON
10/30/2025,A,AXP
10/30/2025,A,AZO
10/30/2025,A,BA
10/30/2025,A,BAC
10/30/2025,A,BALL
10/30/2025,A,BAX
10/30/2025,A,BBY
10/30/2025,A,BDX
10/30/2025,A,BEN
10/30/2025,A,BF.B
10/30/2025,A,BG
10/30/2025,A,BIIB
10/30/2025,A,BK
10/30/2025,A,BKNG
10/30/2025,A,BKR
10/30/2025,A,BLDR
10/30/2025,A,BLK
10/30/2025,A,BMY
10/30/2025,A,BR
10/30/2025,A,BRK.B
10/30/2025,A,BRO
10/30/2025,A,BSX
10/30/2025,A,BX
10/30/2025,A,BXP
10/30/2025,A,C
10/30/2025,A,CAG
10/30/2025,A,CAH
10/30/2025,A,CARR
10/30/2025,A,CAT
10/30/2025,A,CB
10/30/2025,A,CBOE
10/30/2025,A,CBRE
10/30/2025,A,CCI
10/30/2025,A,CCL
10/30/2025,A,CDNS
10/30/2025,A,CDW
10/30/2025,A,CEG
10/30/2025,A,CF
10/30/2025,A,CFG
10/30/2025,A,CHD
10/30/2025,A,CHRW
10/30/2025,A,CHTR
10/30/2025,A,CI
10/30/2025,A,CINF
10/30/2025,A,CL
10/30/2025,A,CLX
10/30/2025,A,CMCSA
10/30/2025,A,CME
10/30/2025,A,CMG
10/30/2025,A,CMI
10/30/2025,A,CMS
10/30/2025,A,CNC
10/30/2025,A,CNP
10/30/2025,A,COF
10/30/2025,A,COIN
10/30/2025,A,COO
10/30/2025,A,COP
10/30/2025,A,COR
10/30/2025,A,COST
10/30/2025,A,CPAY
10/30/2025,A,CPB
10/30/2025,A,CPRT
10/30/2025,A,CPT
10/30/2025,A,CRL
10/30/2025,A,CRM
10/30/2025,A,CRWD
10/30/2025,A,CSCO
10/30/2025,A,CSGP
10/30/2025,A,CSX
10/30/2025,A,CTAS
10/30/2025,A,CTRA
10/30/2025,A,CTSH
10/30/2025,A,CTVA
10/30/2025,A,CVS
10/30/2025,A,CVX
10/30/2025,A,D
10/30/2025,A,DAL
10/30/2025,A,DASH
10/30/2025,A,DAY
10/30/2025,A,DD
10/30/2025,A,DDOG
10/30/2025,A,DE
10/30/2025,A,DECK
10/30/2025,A,DELL
10/30/2025,A,DG
10/30/2025,A,DGX
10/30/2025,A,DHI
10/30/2025,A,DHR
10/30/2025,A,DIS
10/30/2025,A,DLR
10/30/2025,A,DLTR
10/30/2025,A,DOC
10/30/2025,A,DOV
10/30/2025,A,DOW
10/30/2025,A,DPZ
10/30/2025,A,DRI
10/30/2025,A,DTE
10/30/2025,A,DUK
10/30/2025,A,DVA
10/30/2025,A,DVN
10/30/2025,A,DXCM
10/30/2025,A,EA
10/30/2025,A,EBAY
10/30/2025,A,ECL
10/30/2025,A,ED
10/30/2025,A,EFX
10/30/2025,A,EG
10/30/2025,A,EIX
10/30/2025,A,EL
10/30/2025,A,ELV
10/30/2025,A,EME
10/30/2025,A,EMN
10/30/2025,A,EMR
10/30/2025,A,EOG
10/30/2025,A,EPAM
10/30/2025,A,EQIX
10/30/2025,A,EQR
10/30/2025,A,EQT
10/30/2025,A,ERIE
10/30/2025,A,ES
10/30/2025,A,ESS
10/30/2025,A,ETN
10/30/2025,A,ETR
10/30/2025,A,EVRG
10/30/2025,A,EW
10/30/2025,A,EXC
10/30/2025,A,EXE
10/30/2025,A,EXPD
10/30/2025,A,EXPE
10/30/2025,A,EXR
10/30/2025,A,F
10/30/2025,A,FANG
10/30/2025,A,FAST
10/30/2025,A,FCX
10/30/2025,A,FDS
10/30/2025,A,FDX
10/30/2025,A,FE
10/30/2025,A,FFIV
10/30/2025,A,FI
10/30/2025,A,FICO
10/30/2025,A,FIS
10/30/2025,A,FITB
10/30/2025,A,FOX
10/30/2025,A,FOXA
10/30/2025,A,FRT
10/30/2025,A,FSLR
10/30/2025,A,FTNT
10/30/2025,A,FTV
10/30/2025,A,GD
10/30/2025,A,GDDY
10/30/2025,A,GE
10/30/2025,A,GEHC
10/30/2025,A,GEN
10/30/2025,A,GEV
10/30/2025,A,GILD
10/30/2025,A,GIS
10/30/2025,A,GL
10/30/2025,A,GLW
10/30/2025,A,GM
10/30/2025,A,GNRC
10/30/2025,A,GOOG
10/30/2025,A,GOOGL
10/30/2025,A,GPC
10/30/2025,A,GPN
10/30/2025,A,GRMN
10/30/2025,A,GS
10/30/2025,A,GWW
10/30/2025,A,HAL
10/30/2025,A,HAS
10/30/2025,A,HBAN
10/30/2025,A,HCA
10/30/2025,A,HD
10/30/2025,A,HIG
10/30/2025,A,HII
10/30/2025,A,HLT
10/30/2025,A,HOLX
10/30/2025,A,HON
10/30/2025,A,HOOD
10/30/2025,A,HPE
10/30/2025,A,HPQ
10/30/2025,A,HRL
10/30/2025,A,HSIC
10/30/2025,A,HST
10/30/2025,A,HSY
10/30/2025,A,HUBB
10/30/2025,A,HUM
10/30/2025,A,HWM
10/30/2025,A,IBKR
10/30/2025,A,IBM
10/30/2025,A,ICE
10/30/2025,A,IDXX
10/30/2025,A,IEX
10/30/2025,A,IFF
10/30/2025,A,INCY
10/30/2025,A,INTC
10/30/2025,A,INTU
10/30/2025,A,INVH
10/30/2025,A,IP
10/30/2025,A,IPG
10/30/2025,A,IQV
10/30/2025,A,IR
10/30/2025,A,IRM
10/30/2025,A,ISRG
10/30/2025,A,IT
10/30/2025,A,ITW
10/30/2025,A,IVZ
10/30/2025,A,J
10/30/2025,A,JBHT
10/30/2025,A,JBL
10/30/2025,A,JCI
10/30/2025,A,JKHY
10/30/2025,A,JNJ
10/30/2025,A,JPM
10/30/2025,A,K
10/30/2025,A,KDP
10/30/2025,A,KEY
10/30/2025,A,KEYS
10/30/2025,A,KHC
10/30/2025,A,KIM
10/30/2025,A,KKR
10/30/2025,A,KLAC
10/30/2025,A,KMB
10/30/2025,A,KMI
10/30/2025,A,KMX
10/30/2025,A,KO
10/30/2025,A,KR
10/30/2025,A,KVUE
10/30/2025,A,L
10/30/2025,A,LDOS
10/30/2025,A,LEN
10/30/2025,A,LH
10/30/2025,A,LHX
10/30/2025,A,LII
10/30/2025,A,LIN
10/30/2025,A,LKQ
10/30/2025,A,LLY
10/30/2025,A,LMT
10/30/2025,A,LNT
10/30/2025,A,LOW
10/30/2025,A,LRCX
10/30/2025,A,LULU
10/30/2025,A,LUV
10/30/2025,A,LVS
10/30/2025,A,LW
10/30/2025,A,LYB
10/30/2025,A,LYV
10/30/2025,A,MA
10/30/2025,A,MAA
10/30/2025,A,MAR
10/30/2025,A,MAS
10/30/2025,A,MCD
10/30/2025,A,MCHP
10/30/2025,A,MCK
10/30/2025,A,MCO
10/30/2025,A,MDLZ
10/30/2025,A,MDT
10/30/2025,A,MET
10/30/2025,A,META
10/30/2025,A,MGM
10/30/2025,A,MHK
10/30/2025,A,MKC
10/30/2025,A,MLM
10/30/2025,A,MMC
10/30/2025,A,MMM
10/30/2025,A,MNST
10/30/2025,A,MO
10/30/2025,A,MOH
10/30/2025,A,MOS
10/30/2025,A,MPC
10/30/2025,A,MPWR
10/30/2025,A,MRK
10/30/2025,A,MRNA
10/30/2025,A,MS
10/30/2025,A,MSCI
10/30/2025,A,MSFT
10/30/2025,A,MSI
10/30/2025,A,MTB
10/30/2025,A,MTCH
10/30/2025,A,MTD
10/30/2025,A,MU
10/30/2025,A,NCLH
10/30/2025,A,NDAQ
10/30/2025,A,NDSN
10/30/2025,A,NEE
10/30/2025,A,NEM
10/30/2025,A,NFLX
10/30/2025,A,NI
10/30/2025,A,NKE
10/30/2025,A,NOC
10/30/2025,A,NOW
10/30/2025,A,NRG
10/30/2025,A,NSC
10/30/2025,A,NTAP
10/30/2025,A,NTRS
10/30/2025,A,NUE
10/30/2025,A,NVDA
10/30/2025,A,NVR
10/30/2025,A,NWS
10/30/2025,A,NWSA
10/30/2025,A,NXPI
10/30/2025,A,O
10/30/2025,A,ODFL
10/30/2025,A,OKE
10/30/2025,A,OMC
10/30/2025,A,ON
10/30/2025,A,ORCL
10/30/2025,A,ORLY
10/30/2025,A,OTIS
10/30/2025,A,OXY
10/30/2025,A,PANW
10/30/2025,A,PAYC
10/30/2025,A,PAYX
10/30/2025,A,PCAR
10/30/2025,A,PCG
10/30/2025,A,PEG
10/30/2025,A,PEP
10/30/2025,A,PFE
10/30/2025,A,PFG
10/30/2025,A,PG
10/30/2025,A,PGR
10/30/2025,A,PH
10/30/2025,A,PHM
10/30/2025,A,PKG
10/30/2025,A,PLD
10/30/2025,A,PLTR
10/30/2025,A,PM
10/30/2025,A,PNC
10/30/2025,A,PNR
10/30/2025,A,PNW
10/30/2025,A,PODD
10/30/2025,A,POOL
10/30/2025,A,PPG
10/30/2025,A,PPL
10/30/2025,A,PRU
10/30/2025,A,PSA
10/30/2025,A,PSKY
10/30/2025,A,PSX
10/30/2025,A,PTC
10/30/2025,A,PWR
10/30/2025,A,PYPL
10/30/2025,A,QCOM
10/30/2025,A,RCL
10/30/2025,A,REG
10/30/2025,A,REGN
10/30/2025,A,RF
10/30/2025,A,RJF
10/30/2025,A,RL
10/30/2025,A,RMD
10/30/2025,A,ROK
10/30/2025,A,ROL
10/30/2025,A,ROP
10/30/2025,A,ROST
10/30/2025,A,RSG
10/30/2025,A,RTX
10/30/2025,A,RVTY
10/30/2025,A,SBAC
10/30/2025,A,SBUX
10/30/2025,A,SCHW
10/30/2025,A,SHW
10/30/2025,A,SJM
10/30/2025,A,SLB
10/30/2025,A,SMCI
10/30/2025,A,SNA
10/30/2025,A,SNPS
10/30/2025,A,SO
10/30/2025,A,SOLS
10/30/2025,A,SOLV
10/30/2025,A,SPG
10/30/2025,A,SPGI
10/30/2025,A,SRE
10/30/2025,A,STE
10/30/2025,A,STLD
10/30/2025,A,STT
10/30/2025,A,STX
10/30/2025,A,STZ
10/30/2025,A,SW
10/30/2025,A,SWK
10/30/2025,A,SWKS
10/30/2025,A,SYF
10/30/2025,A,SYK
10/30/2025,A,SYY
10/30/2025,A,T
10/30/2025,A,TAP
10/30/2025,A,TDG
10/30/2025,A,TDY
10/30/2025,A,TECH
10/30/2025,A,TEL
10/30/2025,A,TER
10/30/2025,A,TFC
10/30/2025,A,TGT
10/30/2025,A,TJX
10/30/2025,A,TKO
10/30/2025,A,TMO
10/30/2025,A,TMUS
10/30/2025,A,TPL
10/30/2025,A,TPR
10/30/2025,A,TRGP
10/30/2025,A,TRMB
10/30/2025,A,TROW
10/30/2025,A,TRV
10/30/2025,A,TSCO
10/30/2025,A,TSLA
10/30/2025,A,TSN
10/30/2025,A,TT
10/30/2025,A,TTD
10/30/2025,A,TTWO
10/30/2025,A,TXN
10/30/2025,A,TXT
10/30/2025,A,TYL
10/30/2025,A,UAL
10/30/2025,A,UBER
10/30/2025,A,UDR
10/30/2025,A,UHS
10/30/2025,A,ULTA
10/30/2025,A,UNH
10/30/2025,A,UNP
10/30/2025,A,UPS
10/30/2025,A,URI
10/30/2025,A,USB
10/30/2025,A,V
10/30/2025,A,VICI
10/30/2025,A,VLO
10/30/2025,A,VLTO
10/30/2025,A,VMC
10/30/2025,A,VRSK
10/30/2025,A,VRSN
10/30/2025,A,VRTX
10/30/2025,A,VST
10/30/2025,A,VTR
10/30/2025,A,VTRS
10/30/2025,A,VZ
10/30/2025,A,WAB
10/30/2025,A,WAT
10/30/2025,A,WBD
10/30/2025,A,WDAY
10/30/2025,A,WDC
10/30/2025,A,WEC
10/30/2025,A,WELL
10/30/2025,A,WFC
10/30/2025,A,WM
10/30/2025,A,WMB
10/30/2025,A,WMT
10/30/2025,A,WRB
10/30/2025,A,WSM
10/30/2025,A,WST
10/30/2025,A,WTW
10/30/2025,A,WY
10/30/2025,A,WYNN
10/30/2025,A,XEL
10/30/2025,A,XOM
10/30/2025,A,XYL
10/30/2025,A,XYZ
10/30/2025,A,YUM
10/30/2025,A,ZBH
10/30/2025,A,ZBRA
10/30/2025,A,ZTS
