2020Q1,A
2020Q1,AAL
2020Q1,AAP
2020Q1,AAPL
2020Q1,ABBV
2020Q1,ABC
2020Q1,ABMD
2020Q1,ABT
2020Q1,ACN
2020Q1,ADBE
2020Q1,ADI
2020Q1,ADM
2020Q1,ADP
2020Q1,ADS
2020Q1,ADSK
2020Q1,AEE
2020Q1,AEP
2020Q1,AES
2020Q1,AFL
2020Q1,AGN
2020Q1,AIG
2020Q1,AIV
2020Q1,AIZ
2020Q1,AJG
2020Q1,AKAM
2020Q1,ALB
2020Q1,ALGN
2020Q1,ALK
2020Q1,ALL
2020Q1,ALLE
2020Q1,ALXN
2020Q1,AMAT
2020Q1,AMCR
2020Q1,AMD
2020Q1,AME
2020Q1,AMGN
2020Q1,AMP
2020Q1,AMT
2020Q1,AMZN
2020Q1,ANET
2020Q1,ANSS
2020Q1,ANTM
2020Q1,AON
2020Q1,AOS
2020Q1,APA
2020Q1,APD
2020Q1,APH
2020Q1,APTV
2020Q1,ARE
2020Q1,ARNC
2020Q1,ATO
2020Q1,ATVI
2020Q1,AVB
2020Q1,AVGO
2020Q1,AVY
2020Q1,AWK
2020Q1,AXP
2020Q1,AZO
2020Q1,BA
2020Q1,BAC
2020Q1,BAX
2020Q1,BBY
2020Q1,BDX
2020Q1,BEN
2020Q1,BF.B
2020Q1,BIIB
2020Q1,BK
2020Q1,BKNG
2020Q1,BKR
2020Q1,BLK
2020Q1,BLL
2020Q1,BMY
2020Q1,BR
2020Q1,BRK.B
2020Q1,BSX
2020Q1,BWA
2020Q1,BXP
2020Q1,C
2020Q1,CAG
2020Q1,CAH
2020Q1,CAT
2020Q1,CB
2020Q1,CBOE
2020Q1,CBRE
2020Q1,CCI
2020Q1,CCL
2020Q1,CDNS
2020Q1,CDW
2020Q1,CE
2020Q1,CERN
2020Q1,CF
2020Q1,CFG
2020Q1,CHD
2020Q1,CHRW
2020Q1,CHTR
2020Q1,CI
2020Q1,CINF
2020Q1,CL
2020Q1,CLX
2020Q1,CMA
2020Q1,CMCSA
2020Q1,CME
2020Q1,CMG
2020Q1,CMI
2020Q1,CMS
2020Q1,CNC
2020Q1,CNP
2020Q1,COF
2020Q1,COG
2020Q1,COO
2020Q1,COP
2020Q1,COST
2020Q1,COTY
2020Q1,CPB
2020Q1,CPRI
2020Q1,CPRT
2020Q1,CRM
2020Q1,CSCO
2020Q1,CSX
2020Q1,CTAS
2020Q1,CTL
2020Q1,CTSH
2020Q1,CTVA
2020Q1,CTXS
2020Q1,CVS
2020Q1,CVX
2020Q1,CXO
2020Q1,D
2020Q1,DAL
2020Q1,DD
2020Q1,DE
2020Q1,DFS
2020Q1,DG
2020Q1,DGX
2020Q1,DHI
2020Q1,DHR
2020Q1,DIS
2020Q1,DISCA
2020Q1,DISCK
2020Q1,DISH
2020Q1,DLR
2020Q1,DLTR
2020Q1,DOV
2020Q1,DOW
2020Q1,DRE
2020Q1,DRI
2020Q1,DTE
2020Q1,DUK
2020Q1,DVA
2020Q1,DVN
2020Q1,DXC
2020Q1,EA
2020Q1,EBAY
2020Q1,ECL
2020Q1,ED
2020Q1,EFX
2020Q1,EIX
2020Q1,EL
2020Q1,EMN
2020Q1,EMR
2020Q1,EOG
2020Q1,EQIX
2020Q1,EQR
2020Q1,ES
2020Q1,ESS
2020Q1,ETFC
2020Q1,ETN
2020Q1,ETR
2020Q1,EVRG
2020Q1,EW
2020Q1,EXC
2020Q1,EXPD
2020Q1,EXPE
2020Q1,EXR
2020Q1,F
2020Q1,FANG
2020Q1,FAST
2020Q1,FB
2020Q1,FBHS
2020Q1,FCX
2020Q1,FDX
2020Q1,FE
2020Q1,FFIV
2020Q1,FIS
2020Q1,FISV
2020Q1,FITB
2020Q1,FLIR
2020Q1,FLS
2020Q1,FLT
2020Q1,FMC
2020Q1,FOX
2020Q1,FOXA
2020Q1,FRC
2020Q1,FRT
2020Q1,FTI
2020Q1,FTNT
2020Q1,FTV
2020Q1,GD
2020Q1,GE
2020Q1,GILD
2020Q1,GIS
2020Q1,GL
2020Q1,GLW
2020Q1,GM
2020Q1,GOOG
2020Q1,GOOGL
2020Q1,GPC
2020Q1,GPN
2020Q1,GPS
2020Q1,GRMN
2020Q1,GS
2020Q1,GWW
2020Q1,HAL
2020Q1,HAS
2020Q1,HBAN
2020Q1,HBI
2020Q1,HCA
2020Q1,HD
2020Q1,HES
2020Q1,HFC
2020Q1,HIG
2020Q1,HII
2020Q1,HLT
2020Q1,HOG
2020Q1,HOLX
2020Q1,HON
2020Q1,HP
2020Q1,HPE
2020Q1,HPQ
2020Q1,HRB
2020Q1,HRL
2020Q1,HSIC
2020Q1,HST
2020Q1,HSY
2020Q1,HUM
2020Q1,IBM
2020Q1,ICE
2020Q1,IDXX
2020Q1,IEX
2020Q1,IFF
2020Q1,ILMN
2020Q1,INCY
2020Q1,INFO
2020Q1,INTC
2020Q1,INTU
2020Q1,IP
2020Q1,IPG
2020Q1,IPGP
2020Q1,IQV
2020Q1,IR
2020Q1,IRM
2020Q1,ISRG
2020Q1,IT
2020Q1,ITW
2020Q1,IVZ
2020Q1,J
2020Q1,JBHT
2020Q1,JCI
2020Q1,JKHY
2020Q1,JNJ
2020Q1,JNPR
2020Q1,JPM
2020Q1,JWN
2020Q1,K
2020Q1,KEY
2020Q1,KEYS
2020Q1,KHC
2020Q1,KIM
2020Q1,KLAC
2020Q1,KMB
2020Q1,KMI
2020Q1,KMX
2020Q1,KO
2020Q1,KR
2020Q1,KSS
2020Q1,KSU
2020Q1,L
2020Q1,LB
2020Q1,LDOS
2020Q1,LEG
2020Q1,LEN
2020Q1,LH
2020Q1,LHX
2020Q1,LIN
2020Q1,LKQ
2020Q1,LLY
2020Q1,LMT
2020Q1,LNC
2020Q1,LNT
2020Q1,LOW
2020Q1,LRCX
2020Q1,LUV
2020Q1,LVS
2020Q1,LW
2020Q1,LYB
2020Q1,LYV
2020Q1,M
2020Q1,MA
2020Q1,MAA
2020Q1,MAR
2020Q1,MAS
2020Q1,MCD
2020Q1,MCHP
2020Q1,MCK
2020Q1,MCO
2020Q1,MDLZ
2020Q1,MDT
2020Q1,MET
2020Q1,MGM
2020Q1,MHK
2020Q1,MKC
2020Q1,MKTX
2020Q1,MLM
2020Q1,MMC
2020Q1,MMM
2020Q1,MNST
2020Q1,MO
2020Q1,MOS
2020Q1,MPC
2020Q1,MRK
2020Q1,MRO
2020Q1,MS
2020Q1,MSCI
2020Q1,MSFT
2020Q1,MSI
2020Q1,MTB
2020Q1,MTD
2020Q1,MU
2020Q1,MXIM
2020Q1,MYL
2020Q1,NBL
2020Q1,NCLH
2020Q1,NDAQ
2020Q1,NEE
2020Q1,NEM
2020Q1,NFLX
2020Q1,NI
2020Q1,NKE
2020Q1,NLOK
2020Q1,NLSN
2020Q1,NOC
2020Q1,NOV
2020Q1,NOW
2020Q1,NRG
2020Q1,NSC
2020Q1,NTAP
2020Q1,NTRS
2020Q1,NUE
2020Q1,NVDA
2020Q1,NVR
2020Q1,NWL
2020Q1,NWS
2020Q1,NWSA
2020Q1,O
2020Q1,ODFL
2020Q1,OKE
2020Q1,OMC
2020Q1,ORCL
2020Q1,ORLY
2020Q1,OXY
2020Q1,PAYC
2020Q1,PAYX
2020Q1,PBCT
2020Q1,PCAR
2020Q1,PEAK
2020Q1,PEG
2020Q1,PEP
2020Q1,PFE
2020Q1,PFG
2020Q1,PG
2020Q1,PGR
2020Q1,PH
2020Q1,PHM
2020Q1,PKG
2020Q1,PKI
2020Q1,PLD
2020Q1,PM
2020Q1,PNC
2020Q1,PNR
2020Q1,PNW
2020Q1,PPG
2020Q1,PPL
2020Q1,PRGO
2020Q1,PRU
2020Q1,PSA
2020Q1,PSX
2020Q1,PVH
2020Q1,PWR
2020Q1,PXD
2020Q1,PYPL
2020Q1,QCOM
2020Q1,QRVO
2020Q1,RCL
2020Q1,RE
2020Q1,REG
2020Q1,REGN
2020Q1,RF
2020Q1,RHI
2020Q1,RJF
2020Q1,RL
2020Q1,RMD
2020Q1,ROK
2020Q1,ROL
2020Q1,ROP
2020Q1,ROST
2020Q1,RSG
2020Q1,RTN
2020Q1,SBAC
2020Q1,SBUX
2020Q1,SCHW
2020Q1,SEE
2020Q1,SHW
2020Q1,SIVB
2020Q1,SJM
2020Q1,SLB
2020Q1,SLG
2020Q1,SNA
2020Q1,SNPS
2020Q1,SO
2020Q1,SPG
2020Q1,SPGI
2020Q1,SRE
2020Q1,STE
2020Q1,STT
2020Q1,STX
2020Q1,STZ
2020Q1,SWK
2020Q1,SWKS
2020Q1,SYF
2020Q1,SYK
2020Q1,SYY
2020Q1,T
2020Q1,TAP
2020Q1,TDG
2020Q1,TEL
2020Q1,TFC
2020Q1,TFX
2020Q1,TGT
2020Q1,TIF
2020Q1,TJX
2020Q1,TMO
2020Q1,TMUS
2020Q1,TPR
2020Q1,TROW
2020Q1,TRV
2020Q1,TSCO
2020Q1,TSN
2020Q1,TT
2020Q1,TTWO
2020Q1,TWTR
2020Q1,TXN
2020Q1,TXT
2020Q1,UA
2020Q1,UAA
2020Q1,UAL
2020Q1,UDR
2020Q1,UHS
2020Q1,ULTA
2020Q1,UNH
2020Q1,UNM
2020Q1,UNP
2020Q1,UPS
2020Q1,URI
2020Q1,USB
2020Q1,UTX
2020Q1,V
2020Q1,VAR
2020Q1,VFC
2020Q1,VIAC
2020Q1,VLO
2020Q1,VMC
2020Q1,VNO
2020Q1,VRSK
2020Q1,VRSN
2020Q1,VRTX
2020Q1,VTR
2020Q1,VZ
2020Q1,WAB
2020Q1,WAT
2020Q1,WBA
2020Q1,WDC
2020Q1,WEC
2020Q1,WELL
2020Q1,WFC
2020Q1,WHR
2020Q1,WLTW
2020Q1,WM
2020Q1,WMB
2020Q1,WMT
2020Q1,WRB
2020Q1,WRK
2020Q1,WU
2020Q1,WY
2020Q1,WYNN
2020Q1,XEL
2020Q1,XLNX
2020Q1,XOM
2020Q1,XRAY
2020Q1,XRX
2020Q1,XYL
2020Q1,YUM
2020Q1,ZBH
2020Q1,ZBRA
2020Q1,ZION
2020Q1,ZTS
2020Q2,A
2020Q2,AAL
2020Q2,AAP
2020Q2,AAPL
2020Q2,ABBV
2020Q2,ABC
2020Q2,ABMD
2020Q2,ABT
2020Q2,ACN
2020Q2,ADBE
2020Q2,ADI
2020Q2,ADM
2020Q2,ADP
2020Q2,ADSK
2020Q2,AEE
2020Q2,AEP
2020Q2,AES
2020Q2,AFL
2020Q2,AIG
2020Q2,AIV
2020Q2,AIZ
2020Q2,AJG
2020Q2,AKAM
2020Q2,ALB
2020Q2,ALGN
2020Q2,ALK
2020Q2,ALL
2020Q2,ALLE
2020Q2,ALXN
2020Q2,AMAT
2020Q2,AMCR
2020Q2,AMD
2020Q2,AME
2020Q2,AMGN
2020Q2,AMP
2020Q2,AMT
2020Q2,AMZN
2020Q2,ANET
2020Q2,ANSS
2020Q2,ANTM
2020Q2,AON
2020Q2,AOS
2020Q2,APA
2020Q2,APD
2020Q2,APH
2020Q2,APTV
2020Q2,ARE
2020Q2,ATO
2020Q2,ATVI
2020Q2,AVB
2020Q2,AVGO
2020Q2,AVY
2020Q2,AWK
2020Q2,AXP
2020Q2,AZO
2020Q2,BA
2020Q2,BAC
2020Q2,BAX
2020Q2,BBY
2020Q2,BDX
2020Q2,BEN
2020Q2,BF.B
2020Q2,BIIB
2020Q2,BIO
2020Q2,BK
2020Q2,BKNG
2020Q2,BKR
2020Q2,BLK
2020Q2,BLL
2020Q2,BMY
2020Q2,BR
2020Q2,BRK.B
2020Q2,BSX
2020Q2,BWA
2020Q2,BXP
2020Q2,C
2020Q2,CAG
2020Q2,CAH
2020Q2,CARR
2020Q2,CAT
2020Q2,CB
2020Q2,CBOE
2020Q2,CBRE
2020Q2,CCI
2020Q2,CCL
2020Q2,CDNS
2020Q2,CDW
2020Q2,CE
2020Q2,CERN
2020Q2,CF
2020Q2,CFG
2020Q2,CHD
2020Q2,CHRW
2020Q2,CHTR
2020Q2,CI
2020Q2,CINF
2020Q2,CL
2020Q2,CLX
2020Q2,CMA
2020Q2,CMCSA
2020Q2,CME
2020Q2,CMG
2020Q2,CMI
2020Q2,CMS
2020Q2,CNC
2020Q2,CNP
2020Q2,COF
2020Q2,COG
2020Q2,COO
2020Q2,COP
2020Q2,COST
2020Q2,COTY
2020Q2,CPB
2020Q2,CPRT
2020Q2,CRM
2020Q2,CSCO
2020Q2,CSX
2020Q2,CTAS
2020Q2,CTL
2020Q2,CTSH
2020Q2,CTVA
2020Q2,CTXS
2020Q2,CVS
2020Q2,CVX
2020Q2,CXO
2020Q2,D
2020Q2,DAL
2020Q2,DD
2020Q2,DE
2020Q2,DFS
2020Q2,DG
2020Q2,DGX
2020Q2,DHI
2020Q2,DHR
2020Q2,DIS
2020Q2,DISCA
2020Q2,DISCK
2020Q2,DISH
2020Q2,DLR
2020Q2,DLTR
2020Q2,DOV
2020Q2,DOW
2020Q2,DPZ
2020Q2,DRE
2020Q2,DRI
2020Q2,DTE
2020Q2,DUK
2020Q2,DVA
2020Q2,DVN
2020Q2,DXC
2020Q2,DXCM
2020Q2,EA
2020Q2,EBAY
2020Q2,ECL
2020Q2,ED
2020Q2,EFX
2020Q2,EIX
2020Q2,EL
2020Q2,EMN
2020Q2,EMR
2020Q2,EOG
2020Q2,EQIX
2020Q2,EQR
2020Q2,ES
2020Q2,ESS
2020Q2,ETFC
2020Q2,ETN
2020Q2,ETR
2020Q2,EVRG
2020Q2,EW
2020Q2,EXC
2020Q2,EXPD
2020Q2,EXPE
2020Q2,EXR
2020Q2,F
2020Q2,FANG
2020Q2,FAST
2020Q2,FB
2020Q2,FBHS
2020Q2,FCX
2020Q2,FDX
2020Q2,FE
2020Q2,FFIV
2020Q2,FIS
2020Q2,FISV
2020Q2,FITB
2020Q2,FLIR
2020Q2,FLS
2020Q2,FLT
2020Q2,FMC
2020Q2,FOX
2020Q2,FOXA
2020Q2,FRC
2020Q2,FRT
2020Q2,FTI
2020Q2,FTNT
2020Q2,FTV
2020Q2,GD
2020Q2,GE
2020Q2,GILD
2020Q2,GIS
2020Q2,GL
2020Q2,GLW
2020Q2,GM
2020Q2,GOOG
2020Q2,GOOGL
2020Q2,GPC
2020Q2,GPN
2020Q2,GPS
2020Q2,GRMN
2020Q2,GS
2020Q2,GWW
2020Q2,HAL
2020Q2,HAS
2020Q2,HBAN
2020Q2,HBI
2020Q2,HCA
2020Q2,HD
2020Q2,HES
2020Q2,HFC
2020Q2,HIG
2020Q2,HII
2020Q2,HLT
2020Q2,HOLX
2020Q2,HON
2020Q2,HPE
2020Q2,HPQ
2020Q2,HRB
2020Q2,HRL
2020Q2,HSIC
2020Q2,HST
2020Q2,HSY
2020Q2,HUM
2020Q2,HWM
2020Q2,IBM
2020Q2,ICE
2020Q2,IDXX
2020Q2,IEX
2020Q2,IFF
2020Q2,ILMN
2020Q2,INCY
2020Q2,INFO
2020Q2,INTC
2020Q2,INTU
2020Q2,IP
2020Q2,IPG
2020Q2,IPGP
2020Q2,IQV
2020Q2,IR
2020Q2,IRM
2020Q2,ISRG
2020Q2,IT
2020Q2,ITW
2020Q2,IVZ
2020Q2,J
2020Q2,JBHT
2020Q2,JCI
2020Q2,JKHY
2020Q2,JNJ
2020Q2,JNPR
2020Q2,JPM
2020Q2,K
2020Q2,KEY
2020Q2,KEYS
2020Q2,KHC
2020Q2,KIM
2020Q2,KLAC
2020Q2,KMB
2020Q2,KMI
2020Q2,KMX
2020Q2,KO
2020Q2,KR
2020Q2,KSS
2020Q2,KSU
2020Q2,L
2020Q2,LB
2020Q2,LDOS
2020Q2,LEG
2020Q2,LEN
2020Q2,LH
2020Q2,LHX
2020Q2,LIN
2020Q2,LKQ
2020Q2,LLY
2020Q2,LMT
2020Q2,LNC
2020Q2,LNT
2020Q2,LOW
2020Q2,LRCX
2020Q2,LUV
2020Q2,LVS
2020Q2,LW
2020Q2,LYB
2020Q2,LYV
2020Q2,MA
2020Q2,MAA
2020Q2,MAR
2020Q2,MAS
2020Q2,MCD
2020Q2,MCHP
2020Q2,MCK
2020Q2,MCO
2020Q2,MDLZ
2020Q2,MDT
2020Q2,MET
2020Q2,MGM
2020Q2,MHK
2020Q2,MKC
2020Q2,MKTX
2020Q2,MLM
2020Q2,MMC
2020Q2,MMM
2020Q2,MNST
2020Q2,MO
2020Q2,MOS
2020Q2,MPC
2020Q2,MRK
2020Q2,MRO
2020Q2,MS
2020Q2,MSCI
2020Q2,MSFT
2020Q2,MSI
2020Q2,MTB
2020Q2,MTD
2020Q2,MU
2020Q2,MXIM
2020Q2,MYL
2020Q2,NBL
2020Q2,NCLH
2020Q2,NDAQ
2020Q2,NEE
2020Q2,NEM
2020Q2,NFLX
2020Q2,NI
2020Q2,NKE
2020Q2,NLOK
2020Q2,NLSN
2020Q2,NOC
2020Q2,NOV
2020Q2,NOW
2020Q2,NRG
2020Q2,NSC
2020Q2,NTAP
2020Q2,NTRS
2020Q2,NUE
2020Q2,NVDA
2020Q2,NVR
2020Q2,NWL
2020Q2,NWS
2020Q2,NWSA
2020Q2,O
2020Q2,ODFL
2020Q2,OKE
2020Q2,OMC
2020Q2,ORCL
2020Q2,ORLY
2020Q2,OTIS
2020Q2,OXY
2020Q2,PAYC
2020Q2,PAYX
2020Q2,PBCT
2020Q2,PCAR
2020Q2,PEAK
2020Q2,PEG
2020Q2,PEP
2020Q2,PFE
2020Q2,PFG
2020Q2,PG
2020Q2,PGR
2020Q2,PH
2020Q2,PHM
2020Q2,PKG
2020Q2,PKI
2020Q2,PLD
2020Q2,PM
2020Q2,PNC
2020Q2,PNR
2020Q2,PNW
2020Q2,PPG
2020Q2,PPL
2020Q2,PRGO
2020Q2,PRU
2020Q2,PSA
2020Q2,PSX
2020Q2,PVH
2020Q2,PWR
2020Q2,PXD
2020Q2,PYPL
2020Q2,QCOM
2020Q2,QRVO
2020Q2,RCL
2020Q2,RE
2020Q2,REG
2020Q2,REGN
2020Q2,RF
2020Q2,RHI
2020Q2,RJF
2020Q2,RL
2020Q2,RMD
2020Q2,ROK
2020Q2,ROL
2020Q2,ROP
2020Q2,ROST
2020Q2,RSG
2020Q2,RTX
2020Q2,SBAC
2020Q2,SBUX
2020Q2,SCHW
2020Q2,SEE
2020Q2,SHW
2020Q2,SIVB
2020Q2,SJM
2020Q2,SLB
2020Q2,SLG
2020Q2,SNA
2020Q2,SNPS
2020Q2,SO
2020Q2,SPG
2020Q2,SPGI
2020Q2,SRE
2020Q2,STE
2020Q2,STT
2020Q2,STX
2020Q2,STZ
2020Q2,SWK
2020Q2,SWKS
2020Q2,SYF
2020Q2,SYK
2020Q2,SYY
2020Q2,T
2020Q2,TAP
2020Q2,TDG
2020Q2,TDY
2020Q2,TEL
2020Q2,TFC
2020Q2,TFX
2020Q2,TGT
2020Q2,TIF
2020Q2,TJX
2020Q2,TMO
2020Q2,TMUS
2020Q2,TPR
2020Q2,TROW
2020Q2,TRV
2020Q2,TSCO
2020Q2,TSN
2020Q2,TT
2020Q2,TTWO
2020Q2,TWTR
2020Q2,TXN
2020Q2,TXT
2020Q2,TYL
2020Q2,UA
2020Q2,UAA
2020Q2,UAL
2020Q2,UDR
2020Q2,UHS
2020Q2,ULTA
2020Q2,UNH
2020Q2,UNM
2020Q2,UNP
2020Q2,UPS
2020Q2,URI
2020Q2,USB
2020Q2,V
2020Q2,VAR
2020Q2,VFC
2020Q2,VIAC
2020Q2,VLO
2020Q2,VMC
2020Q2,VNO
2020Q2,VRSK
2020Q2,VRSN
2020Q2,VRTX
2020Q2,VTR
2020Q2,VZ
2020Q2,WAB
2020Q2,WAT
2020Q2,WBA
2020Q2,WDC
2020Q2,WEC
2020Q2,WELL
2020Q2,WFC
2020Q2,WHR
2020Q2,WLTW
2020Q2,WM
2020Q2,WMB
2020Q2,WMT
2020Q2,WRB
2020Q2,WRK
2020Q2,WST
2020Q2,WU
2020Q2,WY
2020Q2,WYNN
2020Q2,XEL
2020Q2,XLNX
2020Q2,XOM
2020Q2,XRAY
2020Q2,XRX
2020Q2,XYL
2020Q2,YUM
2020Q2,ZBH
2020Q2,ZBRA
2020Q2,ZION
2020Q2,ZTS
2020Q3,A
2020Q3,AAL
2020Q3,AAP
2020Q3,AAPL
2020Q3,ABBV
2020Q3,ABC
2020Q3,ABMD
2020Q3,ABT
2020Q3,ACN
2020Q3,ADBE
2020Q3,ADI
2020Q3,ADM
2020Q3,ADP
2020Q3,ADSK
2020Q3,AEE
2020Q3,AEP
2020Q3,AES
2020Q3,AFL
2020Q3,AIG
2020Q3,AIV
2020Q3,AIZ
2020Q3,AJG
2020Q3,AKAM
2020Q3,ALB
2020Q3,ALGN
2020Q3,ALK
2020Q3,ALL
2020Q3,ALLE
2020Q3,ALXN
2020Q3,AMAT
2020Q3,AMCR
2020Q3,AMD
2020Q3,AME
2020Q3,AMGN
2020Q3,AMP
2020Q3,AMT
2020Q3,AMZN
2020Q3,ANET
2020Q3,ANSS
2020Q3,ANTM
2020Q3,AON
2020Q3,AOS
2020Q3,APA
2020Q3,APD
2020Q3,APH
2020Q3,APTV
2020Q3,ARE
2020Q3,ATO
2020Q3,ATVI
2020Q3,AVB
2020Q3,AVGO
2020Q3,AVY
2020Q3,AWK
2020Q3,AXP
2020Q3,AZO
2020Q3,BA
2020Q3,BAC
2020Q3,BAX
2020Q3,BBY
2020Q3,BDX
2020Q3,BEN
2020Q3,BF.B
2020Q3,BIIB
2020Q3,BIO
2020Q3,BK
2020Q3,BKNG
2020Q3,BKR
2020Q3,BLK
2020Q3,BLL
2020Q3,BMY
2020Q3,BR
2020Q3,BRK.B
2020Q3,BSX
2020Q3,BWA
2020Q3,BXP
2020Q3,C
2020Q3,CAG
2020Q3,CAH
2020Q3,CARR
2020Q3,CAT
2020Q3,CB
2020Q3,CBOE
2020Q3,CBRE
2020Q3,CCI
2020Q3,CCL
2020Q3,CDNS
2020Q3,CDW
2020Q3,CE
2020Q3,CERN
2020Q3,CF
2020Q3,CFG
2020Q3,CHD
2020Q3,CHRW
2020Q3,CHTR
2020Q3,CI
2020Q3,CINF
2020Q3,CL
2020Q3,CLX
2020Q3,CMA
2020Q3,CMCSA
2020Q3,CME
2020Q3,CMG
2020Q3,CMI
2020Q3,CMS
2020Q3,CNC
2020Q3,CNP
2020Q3,COF
2020Q3,COG
2020Q3,COO
2020Q3,COP
2020Q3,COST
2020Q3,CPB
2020Q3,CPRT
2020Q3,CRM
2020Q3,CSCO
2020Q3,CSX
2020Q3,CTAS
2020Q3,CTLT
2020Q3,CTSH
2020Q3,CTVA
2020Q3,CTXS
2020Q3,CVS
2020Q3,CVX
2020Q3,CXO
2020Q3,D
2020Q3,DAL
2020Q3,DD
2020Q3,DE
2020Q3,DFS
2020Q3,DG
2020Q3,DGX
2020Q3,DHI
2020Q3,DHR
2020Q3,DIS
2020Q3,DISCA
2020Q3,DISCK
2020Q3,DISH
2020Q3,DLR
2020Q3,DLTR
2020Q3,DOV
2020Q3,DOW
2020Q3,DPZ
2020Q3,DRE
2020Q3,DRI
2020Q3,DTE
2020Q3,DUK
2020Q3,DVA
2020Q3,DVN
2020Q3,DXC
2020Q3,DXCM
2020Q3,EA
2020Q3,EBAY
2020Q3,ECL
2020Q3,ED
2020Q3,EFX
2020Q3,EIX
2020Q3,EL
2020Q3,EMN
2020Q3,EMR
2020Q3,EOG
2020Q3,EQIX
2020Q3,EQR
2020Q3,ES
2020Q3,ESS
2020Q3,ETFC
2020Q3,ETN
2020Q3,ETR
2020Q3,ETSY
2020Q3,EVRG
2020Q3,EW
2020Q3,EXC
2020Q3,EXPD
2020Q3,EXPE
2020Q3,EXR
2020Q3,F
2020Q3,FANG
2020Q3,FAST
2020Q3,FB
2020Q3,FBHS
2020Q3,FCX
2020Q3,FDX
2020Q3,FE
2020Q3,FFIV
2020Q3,FIS
2020Q3,FISV
2020Q3,FITB
2020Q3,FLIR
2020Q3,FLS
2020Q3,FLT
2020Q3,FMC
2020Q3,FOX
2020Q3,FOXA
2020Q3,FRC
2020Q3,FRT
2020Q3,FTI
2020Q3,FTNT
2020Q3,FTV
2020Q3,GD
2020Q3,GE
2020Q3,GILD
2020Q3,GIS
2020Q3,GL
2020Q3,GLW
2020Q3,GM
2020Q3,GOOG
2020Q3,GOOGL
2020Q3,GPC
2020Q3,GPN
2020Q3,GPS
2020Q3,GRMN
2020Q3,GS
2020Q3,GWW
2020Q3,HAL
2020Q3,HAS
2020Q3,HBAN
2020Q3,HBI
2020Q3,HCA
2020Q3,HD
2020Q3,HES
2020Q3,HFC
2020Q3,HIG
2020Q3,HII
2020Q3,HLT
2020Q3,HOLX
2020Q3,HON
2020Q3,HPE
2020Q3,HPQ
2020Q3,HRL
2020Q3,HSIC
2020Q3,HST
2020Q3,HSY
2020Q3,HUM
2020Q3,HWM
2020Q3,IBM
2020Q3,ICE
2020Q3,IDXX
2020Q3,IEX
2020Q3,IFF
2020Q3,ILMN
2020Q3,INCY
2020Q3,INFO
2020Q3,INTC
2020Q3,INTU
2020Q3,IP
2020Q3,IPG
2020Q3,IPGP
2020Q3,IQV
2020Q3,IR
2020Q3,IRM
2020Q3,ISRG
2020Q3,IT
2020Q3,ITW
2020Q3,IVZ
2020Q3,J
2020Q3,JBHT
2020Q3,JCI
2020Q3,JKHY
2020Q3,JNJ
2020Q3,JNPR
2020Q3,JPM
2020Q3,K
2020Q3,KEY
2020Q3,KEYS
2020Q3,KHC
2020Q3,KIM
2020Q3,KLAC
2020Q3,KMB
2020Q3,KMI
2020Q3,KMX
2020Q3,KO
2020Q3,KR
2020Q3,KSU
2020Q3,L
2020Q3,LB
2020Q3,LDOS
2020Q3,LEG
2020Q3,LEN
2020Q3,LH
2020Q3,LHX
2020Q3,LIN
2020Q3,LKQ
2020Q3,LLY
2020Q3,LMT
2020Q3,LNC
2020Q3,LNT
2020Q3,LOW
2020Q3,LRCX
2020Q3,LUMN
2020Q3,LUV
2020Q3,LVS
2020Q3,LW
2020Q3,LYB
2020Q3,LYV
2020Q3,MA
2020Q3,MAA
2020Q3,MAR
2020Q3,MAS
2020Q3,MCD
2020Q3,MCHP
2020Q3,MCK
2020Q3,MCO
2020Q3,MDLZ
2020Q3,MDT
2020Q3,MET
2020Q3,MGM
2020Q3,MHK
2020Q3,MKC
2020Q3,MKTX
2020Q3,MLM
2020Q3,MMC
2020Q3,MMM
2020Q3,MNST
2020Q3,MO
2020Q3,MOS
2020Q3,MPC
2020Q3,MRK
2020Q3,MRO
2020Q3,MS
2020Q3,MSCI
2020Q3,MSFT
2020Q3,MSI
2020Q3,MTB
2020Q3,MTD
2020Q3,MU
2020Q3,MXIM
2020Q3,MYL
2020Q3,NBL
2020Q3,NCLH
2020Q3,NDAQ
2020Q3,NEE
2020Q3,NEM
2020Q3,NFLX
2020Q3,NI
2020Q3,NKE
2020Q3,NLOK
2020Q3,NLSN
2020Q3,NOC
2020Q3,NOV
2020Q3,NOW
2020Q3,NRG
2020Q3,NSC
2020Q3,NTAP
2020Q3,NTRS
2020Q3,NUE
2020Q3,NVDA
2020Q3,NVR
2020Q3,NWL
2020Q3,NWS
2020Q3,NWSA
2020Q3,O
2020Q3,ODFL
2020Q3,OKE
2020Q3,OMC
2020Q3,ORCL
2020Q3,ORLY
2020Q3,OTIS
2020Q3,OXY
2020Q3,PAYC
2020Q3,PAYX
2020Q3,PBCT
2020Q3,PCAR
2020Q3,PEAK
2020Q3,PEG
2020Q3,PEP
2020Q3,PFE
2020Q3,PFG
2020Q3,PG
2020Q3,PGR
2020Q3,PH
2020Q3,PHM
2020Q3,PKG
2020Q3,PKI
2020Q3,PLD
2020Q3,PM
2020Q3,PNC
2020Q3,PNR
2020Q3,PNW
2020Q3,PPG
2020Q3,PPL
2020Q3,PRGO
2020Q3,PRU
2020Q3,PSA
2020Q3,PSX
2020Q3,PVH
2020Q3,PWR
2020Q3,PXD
2020Q3,PYPL
2020Q3,QCOM
2020Q3,QRVO
2020Q3,RCL
2020Q3,RE
2020Q3,REG
2020Q3,REGN
2020Q3,RF
2020Q3,RHI
2020Q3,RJF
2020Q3,RL
2020Q3,RMD
2020Q3,ROK
2020Q3,ROL
2020Q3,ROP
2020Q3,ROST
2020Q3,RSG
2020Q3,RTX
2020Q3,SBAC
2020Q3,SBUX
2020Q3,SCHW
2020Q3,SEE
2020Q3,SHW
2020Q3,SIVB
2020Q3,SJM
2020Q3,SLB
2020Q3,SLG
2020Q3,SNA
2020Q3,SNPS
2020Q3,SO
2020Q3,SPG
2020Q3,SPGI
2020Q3,SRE
2020Q3,STE
2020Q3,STT
2020Q3,STX
2020Q3,STZ
2020Q3,SWK
2020Q3,SWKS
2020Q3,SYF
2020Q3,SYK
2020Q3,SYY
2020Q3,T
2020Q3,TAP
2020Q3,TDG
2020Q3,TDY
2020Q3,TEL
2020Q3,TER
2020Q3,TFC
2020Q3,TFX
2020Q3,TGT
2020Q3,TIF
2020Q3,TJX
2020Q3,TMO
2020Q3,TMUS
2020Q3,TPR
2020Q3,TROW
2020Q3,TRV
2020Q3,TSCO
2020Q3,TSN
2020Q3,TT
2020Q3,TTWO
2020Q3,TWTR
2020Q3,TXN
2020Q3,TXT
2020Q3,TYL
2020Q3,UA
2020Q3,UAA
2020Q3,UAL
2020Q3,UDR
2020Q3,UHS
2020Q3,ULTA
2020Q3,UNH
2020Q3,UNM
2020Q3,UNP
2020Q3,UPS
2020Q3,URI
2020Q3,USB
2020Q3,V
2020Q3,VAR
2020Q3,VFC
2020Q3,VIAC
2020Q3,VLO
2020Q3,VMC
2020Q3,VNO
2020Q3,VRSK
2020Q3,VRSN
2020Q3,VRTX
2020Q3,VTR
2020Q3,VZ
2020Q3,WAB
2020Q3,WAT
2020Q3,WBA
2020Q3,WDC
2020Q3,WEC
2020Q3,WELL
2020Q3,WFC
2020Q3,WHR
2020Q3,WLTW
2020Q3,WM
2020Q3,WMB
2020Q3,WMT
2020Q3,WRB
2020Q3,WRK
2020Q3,WST
2020Q3,WU
2020Q3,WY
2020Q3,WYNN
2020Q3,XEL
2020Q3,XLNX
2020Q3,XOM
2020Q3,XRAY
2020Q3,XRX
2020Q3,XYL
2020Q3,YUM
2020Q3,ZBH
2020Q3,ZBRA
2020Q3,ZION
2020Q3,ZTS
2021Q1,A
2021Q1,AAL
2021Q1,AAP
2021Q1,AAPL
2021Q1,ABBV
2021Q1,ABC
2021Q1,ABMD
2021Q1,ABT
2021Q1,ACN
2021Q1,ADBE
2021Q1,ADI
2021Q1,ADM
2021Q1,ADP
2021Q1,ADSK
2021Q1,AEE
2021Q1,AEP
2021Q1,AES
2021Q1,AFL
2021Q1,AIG
2021Q1,AIZ
2021Q1,AJG
2021Q1,AKAM
2021Q1,ALB
2021Q1,ALGN
2021Q1,ALK
2021Q1,ALL
2021Q1,ALLE
2021Q1,ALXN
2021Q1,AMAT
2021Q1,AMCR
2021Q1,AMD
2021Q1,AME
2021Q1,AMGN
2021Q1,AMP
2021Q1,AMT
2021Q1,AMZN
2021Q1,ANET
2021Q1,ANSS
2021Q1,ANTM
2021Q1,AON
2021Q1,AOS
2021Q1,APA
2021Q1,APD
2021Q1,APH
2021Q1,APTV
2021Q1,ARE
2021Q1,ATO
2021Q1,ATVI
2021Q1,AVB
2021Q1,AVGO
2021Q1,AVY
2021Q1,AWK
2021Q1,AXP
2021Q1,AZO
2021Q1,BA
2021Q1,BAC
2021Q1,BAX
2021Q1,BBY
2021Q1,BDX
2021Q1,BEN
2021Q1,BF.B
2021Q1,BIIB
2021Q1,BIO
2021Q1,BK
2021Q1,BKNG
2021Q1,BKR
2021Q1,BLK
2021Q1,BLL
2021Q1,BMY
2021Q1,BR
2021Q1,BRK.B
2021Q1,BSX
2021Q1,BWA
2021Q1,BXP
2021Q1,C
2021Q1,CAG
2021Q1,CAH
2021Q1,CARR
2021Q1,CAT
2021Q1,CB
2021Q1,CBOE
2021Q1,CBRE
2021Q1,CCI
2021Q1,CCL
2021Q1,CDNS
2021Q1,CDW
2021Q1,CE
2021Q1,CERN
2021Q1,CF
2021Q1,CFG
2021Q1,CHD
2021Q1,CHRW
2021Q1,CHTR
2021Q1,CI
2021Q1,CINF
2021Q1,CL
2021Q1,CLX
2021Q1,CMA
2021Q1,CMCSA
2021Q1,CME
2021Q1,CMG
2021Q1,CMI
2021Q1,CMS
2021Q1,CNC
2021Q1,CNP
2021Q1,COF
2021Q1,COG
2021Q1,COO
2021Q1,COP
2021Q1,COST
2021Q1,CPB
2021Q1,CPRT
2021Q1,CRM
2021Q1,CSCO
2021Q1,CSX
2021Q1,CTAS
2021Q1,CTLT
2021Q1,CTSH
2021Q1,CTVA
2021Q1,CTXS
2021Q1,CVS
2021Q1,CVX
2021Q1,CXO
2021Q1,D
2021Q1,DAL
2021Q1,DD
2021Q1,DE
2021Q1,DFS
2021Q1,DG
2021Q1,DGX
2021Q1,DHI
2021Q1,DHR
2021Q1,DIS
2021Q1,DISCA
2021Q1,DISCK
2021Q1,DISH
2021Q1,DLR
2021Q1,DLTR
2021Q1,DOV
2021Q1,DOW
2021Q1,DPZ
2021Q1,DRE
2021Q1,DRI
2021Q1,DTE
2021Q1,DUK
2021Q1,DVA
2021Q1,DVN
2021Q1,DXC
2021Q1,DXCM
2021Q1,EA
2021Q1,EBAY
2021Q1,ECL
2021Q1,ED
2021Q1,EFX
2021Q1,EIX
2021Q1,EL
2021Q1,EMN
2021Q1,EMR
2021Q1,ENPH
2021Q1,EOG
2021Q1,EQIX
2021Q1,EQR
2021Q1,ES
2021Q1,ESS
2021Q1,ETN
2021Q1,ETR
2021Q1,ETSY
2021Q1,EVRG
2021Q1,EW
2021Q1,EXC
2021Q1,EXPD
2021Q1,EXPE
2021Q1,EXR
2021Q1,F
2021Q1,FANG
2021Q1,FAST
2021Q1,FB
2021Q1,FBHS
2021Q1,FCX
2021Q1,FDX
2021Q1,FE
2021Q1,FFIV
2021Q1,FIS
2021Q1,FISV
2021Q1,FITB
2021Q1,FLIR
2021Q1,FLS
2021Q1,FLT
2021Q1,FMC
2021Q1,FOX
2021Q1,FOXA
2021Q1,FRC
2021Q1,FRT
2021Q1,FTI
2021Q1,FTNT
2021Q1,FTV
2021Q1,GD
2021Q1,GE
2021Q1,GILD
2021Q1,GIS
2021Q1,GL
2021Q1,GLW
2021Q1,GM
2021Q1,GOOG
2021Q1,GOOGL
2021Q1,GPC
2021Q1,GPN
2021Q1,GPS
2021Q1,GRMN
2021Q1,GS
2021Q1,GWW
2021Q1,HAL
2021Q1,HAS
2021Q1,HBAN
2021Q1,HBI
2021Q1,HCA
2021Q1,HD
2021Q1,HES
2021Q1,HFC
2021Q1,HIG
2021Q1,HII
2021Q1,HLT
2021Q1,HOLX
2021Q1,HON
2021Q1,HPE
2021Q1,HPQ
2021Q1,HRL
2021Q1,HSIC
2021Q1,HST
2021Q1,HSY
2021Q1,HUM
2021Q1,HWM
2021Q1,IBM
2021Q1,ICE
2021Q1,IDXX
2021Q1,IEX
2021Q1,IFF
2021Q1,ILMN
2021Q1,INCY
2021Q1,INFO
2021Q1,INTC
2021Q1,INTU
2021Q1,IP
2021Q1,IPG
2021Q1,IPGP
2021Q1,IQV
2021Q1,IR
2021Q1,IRM
2021Q1,ISRG
2021Q1,IT
2021Q1,ITW
2021Q1,IVZ
2021Q1,J
2021Q1,JBHT
2021Q1,JCI
2021Q1,JKHY
2021Q1,JNJ
2021Q1,JNPR
2021Q1,JPM
2021Q1,K
2021Q1,KEY
2021Q1,KEYS
2021Q1,KHC
2021Q1,KIM
2021Q1,KLAC
2021Q1,KMB
2021Q1,KMI
2021Q1,KMX
2021Q1,KO
2021Q1,KR
2021Q1,KSU
2021Q1,L
2021Q1,LB
2021Q1,LDOS
2021Q1,LEG
2021Q1,LEN
2021Q1,LH
2021Q1,LHX
2021Q1,LIN
2021Q1,LKQ
2021Q1,LLY
2021Q1,LMT
2021Q1,LNC
2021Q1,LNT
2021Q1,LOW
2021Q1,LRCX
2021Q1,LUMN
2021Q1,LUV
2021Q1,LVS
2021Q1,LW
2021Q1,LYB
2021Q1,LYV
2021Q1,MA
2021Q1,MAA
2021Q1,MAR
2021Q1,MAS
2021Q1,MCD
2021Q1,MCHP
2021Q1,MCK
2021Q1,MCO
2021Q1,MDLZ
2021Q1,MDT
2021Q1,MET
2021Q1,MGM
2021Q1,MHK
2021Q1,MKC
2021Q1,MKTX
2021Q1,MLM
2021Q1,MMC
2021Q1,MMM
2021Q1,MNST
2021Q1,MO
2021Q1,MOS
2021Q1,MPC
2021Q1,MRK
2021Q1,MRO
2021Q1,MS
2021Q1,MSCI
2021Q1,MSFT
2021Q1,MSI
2021Q1,MTB
2021Q1,MTD
2021Q1,MU
2021Q1,MXIM
2021Q1,NCLH
2021Q1,NDAQ
2021Q1,NEE
2021Q1,NEM
2021Q1,NFLX
2021Q1,NI
2021Q1,NKE
2021Q1,NLOK
2021Q1,NLSN
2021Q1,NOC
2021Q1,NOV
2021Q1,NOW
2021Q1,NRG
2021Q1,NSC
2021Q1,NTAP
2021Q1,NTRS
2021Q1,NUE
2021Q1,NVDA
2021Q1,NVR
2021Q1,NWL
2021Q1,NWS
2021Q1,NWSA
2021Q1,O
2021Q1,ODFL
2021Q1,OKE
2021Q1,OMC
2021Q1,ORCL
2021Q1,ORLY
2021Q1,OTIS
2021Q1,OXY
2021Q1,PAYC
2021Q1,PAYX
2021Q1,PBCT
2021Q1,PCAR
2021Q1,PEAK
2021Q1,PEG
2021Q1,PEP
2021Q1,PFE
2021Q1,PFG
2021Q1,PG
2021Q1,PGR
2021Q1,PH
2021Q1,PHM
2021Q1,PKG
2021Q1,PKI
2021Q1,PLD
2021Q1,PM
2021Q1,PNC
2021Q1,PNR
2021Q1,PNW
2021Q1,POOL
2021Q1,PPG
2021Q1,PPL
2021Q1,PRGO
2021Q1,PRU
2021Q1,PSA
2021Q1,PSX
2021Q1,PVH
2021Q1,PWR
2021Q1,PXD
2021Q1,PYPL
2021Q1,QCOM
2021Q1,QRVO
2021Q1,RCL
2021Q1,RE
2021Q1,REG
2021Q1,REGN
2021Q1,RF
2021Q1,RHI
2021Q1,RJF
2021Q1,RL
2021Q1,RMD
2021Q1,ROK
2021Q1,ROL
2021Q1,ROP
2021Q1,ROST
2021Q1,RSG
2021Q1,RTX
2021Q1,SBAC
2021Q1,SBUX
2021Q1,SCHW
2021Q1,SEE
2021Q1,SHW
2021Q1,SIVB
2021Q1,SJM
2021Q1,SLB
2021Q1,SLG
2021Q1,SNA
2021Q1,SNPS
2021Q1,SO
2021Q1,SPG
2021Q1,SPGI
2021Q1,SRE
2021Q1,STE
2021Q1,STT
2021Q1,STX
2021Q1,STZ
2021Q1,SWK
2021Q1,SWKS
2021Q1,SYF
2021Q1,SYK
2021Q1,SYY
2021Q1,T
2021Q1,TAP
2021Q1,TDG
2021Q1,TDY
2021Q1,TEL
2021Q1,TER
2021Q1,TFC
2021Q1,TFX
2021Q1,TGT
2021Q1,TJX
2021Q1,TMO
2021Q1,TMUS
2021Q1,TPR
2021Q1,TROW
2021Q1,TRV
2021Q1,TSCO
2021Q1,TSLA
2021Q1,TSN
2021Q1,TT
2021Q1,TTWO
2021Q1,TWTR
2021Q1,TXN
2021Q1,TXT
2021Q1,TYL
2021Q1,UA
2021Q1,UAA
2021Q1,UAL
2021Q1,UDR
2021Q1,UHS
2021Q1,ULTA
2021Q1,UNH
2021Q1,UNM
2021Q1,UNP
2021Q1,UPS
2021Q1,URI
2021Q1,USB
2021Q1,V
2021Q1,VAR
2021Q1,VFC
2021Q1,VIAC
2021Q1,VLO
2021Q1,VMC
2021Q1,VNO
2021Q1,VNT
2021Q1,VRSK
2021Q1,VRSN
2021Q1,VRTX
2021Q1,VTR
2021Q1,VTRS
2021Q1,VZ
2021Q1,WAB
2021Q1,WAT
2021Q1,WBA
2021Q1,WDC
2021Q1,WEC
2021Q1,WELL
2021Q1,WFC
2021Q1,WHR
2021Q1,WLTW
2021Q1,WM
2021Q1,WMB
2021Q1,WMT
2021Q1,WRB
2021Q1,WRK
2021Q1,WST
2021Q1,WU
2021Q1,WY
2021Q1,WYNN
2021Q1,XEL
2021Q1,XLNX
2021Q1,XOM
2021Q1,XRAY
2021Q1,XRX
2021Q1,XYL
2021Q1,YUM
2021Q1,ZBH
2021Q1,ZBRA
2021Q1,ZION
2021Q1,ZTS
2021Q2,A
2021Q2,AAL
2021Q2,AAP
2021Q2,AAPL
2021Q2,ABBV
2021Q2,ABC
2021Q2,ABMD
2021Q2,ABT
2021Q2,ACN
2021Q2,ADBE
2021Q2,ADI
2021Q2,ADM
2021Q2,ADP
2021Q2,ADSK
2021Q2,AEE
2021Q2,AEP
2021Q2,AES
2021Q2,AFL
2021Q2,AIG
2021Q2,AIZ
2021Q2,AJG
2021Q2,AKAM
2021Q2,ALB
2021Q2,ALGN
2021Q2,ALK
2021Q2,ALL
2021Q2,ALLE
2021Q2,ALXN
2021Q2,AMAT
2021Q2,AMCR
2021Q2,AMD
2021Q2,AME
2021Q2,AMGN
2021Q2,AMP
2021Q2,AMT
2021Q2,AMZN
2021Q2,ANET
2021Q2,ANSS
2021Q2,ANTM
2021Q2,AON
2021Q2,AOS
2021Q2,APA
2021Q2,APD
2021Q2,APH
2021Q2,APTV
2021Q2,ARE
2021Q2,ATO
2021Q2,ATVI
2021Q2,AVB
2021Q2,AVGO
2021Q2,AVY
2021Q2,AWK
2021Q2,AXP
2021Q2,AZO
2021Q2,BA
2021Q2,BAC
2021Q2,BAX
2021Q2,BBY
2021Q2,BDX
2021Q2,BEN
2021Q2,BF.B
2021Q2,BIIB
2021Q2,BIO
2021Q2,BK
2021Q2,BKNG
2021Q2,BKR
2021Q2,BLK
2021Q2,BLL
2021Q2,BMY
2021Q2,BR
2021Q2,BRK.B
2021Q2,BSX
2021Q2,BWA
2021Q2,BXP
2021Q2,C
2021Q2,CAG
2021Q2,CAH
2021Q2,CARR
2021Q2,CAT
2021Q2,CB
2021Q2,CBOE
2021Q2,CBRE
2021Q2,CCI
2021Q2,CCL
2021Q2,CDNS
2021Q2,CDW
2021Q2,CE
2021Q2,CERN
2021Q2,CF
2021Q2,CFG
2021Q2,CHD
2021Q2,CHRW
2021Q2,CHTR
2021Q2,CI
2021Q2,CINF
2021Q2,CL
2021Q2,CLX
2021Q2,CMA
2021Q2,CMCSA
2021Q2,CME
2021Q2,CMG
2021Q2,CMI
2021Q2,CMS
2021Q2,CNC
2021Q2,CNP
2021Q2,COF
2021Q2,COG
2021Q2,COO
2021Q2,COP
2021Q2,COST
2021Q2,CPB
2021Q2,CPRT
2021Q2,CRM
2021Q2,CSCO
2021Q2,CSX
2021Q2,CTAS
2021Q2,CTLT
2021Q2,CTSH
2021Q2,CTVA
2021Q2,CTXS
2021Q2,CVS
2021Q2,CVX
2021Q2,CZR
2021Q2,D
2021Q2,DAL
2021Q2,DD
2021Q2,DE
2021Q2,DFS
2021Q2,DG
2021Q2,DGX
2021Q2,DHI
2021Q2,DHR
2021Q2,DIS
2021Q2,DISCA
2021Q2,DISCK
2021Q2,DISH
2021Q2,DLR
2021Q2,DLTR
2021Q2,DOV
2021Q2,DOW
2021Q2,DPZ
2021Q2,DRE
2021Q2,DRI
2021Q2,DTE
2021Q2,DUK
2021Q2,DVA
2021Q2,DVN
2021Q2,DXC
2021Q2,DXCM
2021Q2,EA
2021Q2,EBAY
2021Q2,ECL
2021Q2,ED
2021Q2,EFX
2021Q2,EIX
2021Q2,EL
2021Q2,EMN
2021Q2,EMR
2021Q2,ENPH
2021Q2,EOG
2021Q2,EQIX
2021Q2,EQR
2021Q2,ES
2021Q2,ESS
2021Q2,ETN
2021Q2,ETR
2021Q2,ETSY
2021Q2,EVRG
2021Q2,EW
2021Q2,EXC
2021Q2,EXPD
2021Q2,EXPE
2021Q2,EXR
2021Q2,F
2021Q2,FANG
2021Q2,FAST
2021Q2,FB
2021Q2,FBHS
2021Q2,FCX
2021Q2,FDX
2021Q2,FE
2021Q2,FFIV
2021Q2,FIS
2021Q2,FISV
2021Q2,FITB
2021Q2,FLIR
2021Q2,FLT
2021Q2,FMC
2021Q2,FOX
2021Q2,FOXA
2021Q2,FRC
2021Q2,FRT
2021Q2,FTNT
2021Q2,FTV
2021Q2,GD
2021Q2,GE
2021Q2,GILD
2021Q2,GIS
2021Q2,GL
2021Q2,GLW
2021Q2,GM
2021Q2,GNRC
2021Q2,GOOG
2021Q2,GOOGL
2021Q2,GPC
2021Q2,GPN
2021Q2,GPS
2021Q2,GRMN
2021Q2,GS
2021Q2,GWW
2021Q2,HAL
2021Q2,HAS
2021Q2,HBAN
2021Q2,HBI
2021Q2,HCA
2021Q2,HD
2021Q2,HES
2021Q2,HFC
2021Q2,HIG
2021Q2,HII
2021Q2,HLT
2021Q2,HOLX
2021Q2,HON
2021Q2,HPE
2021Q2,HPQ
2021Q2,HRL
2021Q2,HSIC
2021Q2,HST
2021Q2,HSY
2021Q2,HUM
2021Q2,HWM
2021Q2,IBM
2021Q2,ICE
2021Q2,IDXX
2021Q2,IEX
2021Q2,IFF
2021Q2,ILMN
2021Q2,INCY
2021Q2,INFO
2021Q2,INTC
2021Q2,INTU
2021Q2,IP
2021Q2,IPG
2021Q2,IPGP
2021Q2,IQV
2021Q2,IR
2021Q2,IRM
2021Q2,ISRG
2021Q2,IT
2021Q2,ITW
2021Q2,IVZ
2021Q2,J
2021Q2,JBHT
2021Q2,JCI
2021Q2,JKHY
2021Q2,JNJ
2021Q2,JNPR
2021Q2,JPM
2021Q2,K
2021Q2,KEY
2021Q2,KEYS
2021Q2,KHC
2021Q2,KIM
2021Q2,KLAC
2021Q2,KMB
2021Q2,KMI
2021Q2,KMX
2021Q2,KO
2021Q2,KR
2021Q2,KSU
2021Q2,L
2021Q2,LB
2021Q2,LDOS
2021Q2,LEG
2021Q2,LEN
2021Q2,LH
2021Q2,LHX
2021Q2,LIN
2021Q2,LKQ
2021Q2,LLY
2021Q2,LMT
2021Q2,LNC
2021Q2,LNT
2021Q2,LOW
2021Q2,LRCX
2021Q2,LUMN
2021Q2,LUV
2021Q2,LVS
2021Q2,LW
2021Q2,LYB
2021Q2,LYV
2021Q2,MA
2021Q2,MAA
2021Q2,MAR
2021Q2,MAS
2021Q2,MCD
2021Q2,MCHP
2021Q2,MCK
2021Q2,MCO
2021Q2,MDLZ
2021Q2,MDT
2021Q2,MET
2021Q2,MGM
2021Q2,MHK
2021Q2,MKC
2021Q2,MKTX
2021Q2,MLM
2021Q2,MMC
2021Q2,MMM
2021Q2,MNST
2021Q2,MO
2021Q2,MOS
2021Q2,MPC
2021Q2,MPWR
2021Q2,MRK
2021Q2,MRO
2021Q2,MS
2021Q2,MSCI
2021Q2,MSFT
2021Q2,MSI
2021Q2,MTB
2021Q2,MTD
2021Q2,MU
2021Q2,MXIM
2021Q2,NCLH
2021Q2,NDAQ
2021Q2,NEE
2021Q2,NEM
2021Q2,NFLX
2021Q2,NI
2021Q2,NKE
2021Q2,NLOK
2021Q2,NLSN
2021Q2,NOC
2021Q2,NOV
2021Q2,NOW
2021Q2,NRG
2021Q2,NSC
2021Q2,NTAP
2021Q2,NTRS
2021Q2,NUE
2021Q2,NVDA
2021Q2,NVR
2021Q2,NWL
2021Q2,NWS
2021Q2,NWSA
2021Q2,NXPI
2021Q2,O
2021Q2,ODFL
2021Q2,OKE
2021Q2,OMC
2021Q2,ORCL
2021Q2,ORLY
2021Q2,OTIS
2021Q2,OXY
2021Q2,PAYC
2021Q2,PAYX
2021Q2,PBCT
2021Q2,PCAR
2021Q2,PEAK
2021Q2,PEG
2021Q2,PENN
2021Q2,PEP
2021Q2,PFE
2021Q2,PFG
2021Q2,PG
2021Q2,PGR
2021Q2,PH
2021Q2,PHM
2021Q2,PKG
2021Q2,PKI
2021Q2,PLD
2021Q2,PM
2021Q2,PNC
2021Q2,PNR
2021Q2,PNW
2021Q2,POOL
2021Q2,PPG
2021Q2,PPL
2021Q2,PRGO
2021Q2,PRU
2021Q2,PSA
2021Q2,PSX
2021Q2,PTC
2021Q2,PVH
2021Q2,PWR
2021Q2,PXD
2021Q2,PYPL
2021Q2,QCOM
2021Q2,QRVO
2021Q2,RCL
2021Q2,RE
2021Q2,REG
2021Q2,REGN
2021Q2,RF
2021Q2,RHI
2021Q2,RJF
2021Q2,RL
2021Q2,RMD
2021Q2,ROK
2021Q2,ROL
2021Q2,ROP
2021Q2,ROST
2021Q2,RSG
2021Q2,RTX
2021Q2,SBAC
2021Q2,SBUX
2021Q2,SCHW
2021Q2,SEE
2021Q2,SHW
2021Q2,SIVB
2021Q2,SJM
2021Q2,SLB
2021Q2,SNA
2021Q2,SNPS
2021Q2,SO
2021Q2,SPG
2021Q2,SPGI
2021Q2,SRE
2021Q2,STE
2021Q2,STT
2021Q2,STX
2021Q2,STZ
2021Q2,SWK
2021Q2,SWKS
2021Q2,SYF
2021Q2,SYK
2021Q2,SYY
2021Q2,T
2021Q2,TAP
2021Q2,TDG
2021Q2,TDY
2021Q2,TEL
2021Q2,TER
2021Q2,TFC
2021Q2,TFX
2021Q2,TGT
2021Q2,TJX
2021Q2,TMO
2021Q2,TMUS
2021Q2,TPR
2021Q2,TRMB
2021Q2,TROW
2021Q2,TRV
2021Q2,TSCO
2021Q2,TSLA
2021Q2,TSN
2021Q2,TT
2021Q2,TTWO
2021Q2,TWTR
2021Q2,TXN
2021Q2,TXT
2021Q2,TYL
2021Q2,UA
2021Q2,UAA
2021Q2,UAL
2021Q2,UDR
2021Q2,UHS
2021Q2,ULTA
2021Q2,UNH
2021Q2,UNM
2021Q2,UNP
2021Q2,UPS
2021Q2,URI
2021Q2,USB
2021Q2,V
2021Q2,VFC
2021Q2,VIAC
2021Q2,VLO
2021Q2,VMC
2021Q2,VNO
2021Q2,VRSK
2021Q2,VRSN
2021Q2,VRTX
2021Q2,VTR
2021Q2,VTRS
2021Q2,VZ
2021Q2,WAB
2021Q2,WAT
2021Q2,WBA
2021Q2,WDC
2021Q2,WEC
2021Q2,WELL
2021Q2,WFC
2021Q2,WHR
2021Q2,WLTW
2021Q2,WM
2021Q2,WMB
2021Q2,WMT
2021Q2,WRB
2021Q2,WRK
2021Q2,WST
2021Q2,WU
2021Q2,WY
2021Q2,WYNN
2021Q2,XEL
2021Q2,XLNX
2021Q2,XOM
2021Q2,XRAY
2021Q2,XYL
2021Q2,YUM
2021Q2,ZBH
2021Q2,ZBRA
2021Q2,ZION
2021Q2,ZTS
2021Q3,A
2021Q3,AAL
2021Q3,AAP
2021Q3,AAPL
2021Q3,ABBV
2021Q3,ABC
2021Q3,ABMD
2021Q3,ABT
2021Q3,ACN
2021Q3,ADBE
2021Q3,ADI
2021Q3,ADM
2021Q3,ADP
2021Q3,ADSK
2021Q3,AEE
2021Q3,AEP
2021Q3,AES
2021Q3,AFL
2021Q3,AIG
2021Q3,AIZ
2021Q3,AJG
2021Q3,AKAM
2021Q3,ALB
2021Q3,ALGN
2021Q3,ALK
2021Q3,ALL
2021Q3,ALLE
2021Q3,AMAT
2021Q3,AMCR
2021Q3,AMD
2021Q3,AME
2021Q3,AMGN
2021Q3,AMP
2021Q3,AMT
2021Q3,AMZN
2021Q3,ANET
2021Q3,ANSS
2021Q3,ANTM
2021Q3,AON
2021Q3,AOS
2021Q3,APA
2021Q3,APD
2021Q3,APH
2021Q3,APTV
2021Q3,ARE
2021Q3,ATO
2021Q3,ATVI
2021Q3,AVB
2021Q3,AVGO
2021Q3,AVY
2021Q3,AWK
2021Q3,AXP
2021Q3,AZO
2021Q3,BA
2021Q3,BAC
2021Q3,BAX
2021Q3,BBY
2021Q3,BDX
2021Q3,BEN
2021Q3,BF.B
2021Q3,BIIB
2021Q3,BIO
2021Q3,BK
2021Q3,BKNG
2021Q3,BKR
2021Q3,BLK
2021Q3,BLL
2021Q3,BMY
2021Q3,BR
2021Q3,BRK.B
2021Q3,BSX
2021Q3,BWA
2021Q3,BXP
2021Q3,C
2021Q3,CAG
2021Q3,CAH
2021Q3,CARR
2021Q3,CAT
2021Q3,CB
2021Q3,CBOE
2021Q3,CBRE
2021Q3,CCI
2021Q3,CCL
2021Q3,CDNS
2021Q3,CDW
2021Q3,CE
2021Q3,CERN
2021Q3,CF
2021Q3,CFG
2021Q3,CHD
2021Q3,CHRW
2021Q3,CHTR
2021Q3,CI
2021Q3,CINF
2021Q3,CL
2021Q3,CLX
2021Q3,CMA
2021Q3,CMCSA
2021Q3,CME
2021Q3,CMG
2021Q3,CMI
2021Q3,CMS
2021Q3,CNC
2021Q3,CNP
2021Q3,COF
2021Q3,COG
2021Q3,COO
2021Q3,COP
2021Q3,COST
2021Q3,CPB
2021Q3,CPRT
2021Q3,CRL
2021Q3,CRM
2021Q3,CSCO
2021Q3,CSX
2021Q3,CTAS
2021Q3,CTLT
2021Q3,CTSH
2021Q3,CTVA
2021Q3,CTXS
2021Q3,CVS
2021Q3,CVX
2021Q3,CZR
2021Q3,D
2021Q3,DAL
2021Q3,DD
2021Q3,DE
2021Q3,DFS
2021Q3,DG
2021Q3,DGX
2021Q3,DHI
2021Q3,DHR
2021Q3,DIS
2021Q3,DISCA
2021Q3,DISCK
2021Q3,DISH
2021Q3,DLR
2021Q3,DLTR
2021Q3,DOV
2021Q3,DOW
2021Q3,DPZ
2021Q3,DRE
2021Q3,DRI
2021Q3,DTE
2021Q3,DUK
2021Q3,DVA
2021Q3,DVN
2021Q3,DXC
2021Q3,DXCM
2021Q3,EA
2021Q3,EBAY
2021Q3,ECL
2021Q3,ED
2021Q3,EFX
2021Q3,EIX
2021Q3,EL
2021Q3,EMN
2021Q3,EMR
2021Q3,ENPH
2021Q3,EOG
2021Q3,EQIX
2021Q3,EQR
2021Q3,ES
2021Q3,ESS
2021Q3,ETN
2021Q3,ETR
2021Q3,ETSY
2021Q3,EVRG
2021Q3,EW
2021Q3,EXC
2021Q3,EXPD
2021Q3,EXPE
2021Q3,EXR
2021Q3,F
2021Q3,FANG
2021Q3,FAST
2021Q3,FB
2021Q3,FBHS
2021Q3,FCX
2021Q3,FDX
2021Q3,FE
2021Q3,FFIV
2021Q3,FIS
2021Q3,FISV
2021Q3,FITB
2021Q3,FLT
2021Q3,FMC
2021Q3,FOX
2021Q3,FOXA
2021Q3,FRC
2021Q3,FRT
2021Q3,FTNT
2021Q3,FTV
2021Q3,GD
2021Q3,GE
2021Q3,GILD
2021Q3,GIS
2021Q3,GL
2021Q3,GLW
2021Q3,GM
2021Q3,GNRC
2021Q3,GOOG
2021Q3,GOOGL
2021Q3,GPC
2021Q3,GPN
2021Q3,GPS
2021Q3,GRMN
2021Q3,GS
2021Q3,GWW
2021Q3,HAL
2021Q3,HAS
2021Q3,HBAN
2021Q3,HBI
2021Q3,HCA
2021Q3,HD
2021Q3,HES
2021Q3,HIG
2021Q3,HII
2021Q3,HLT
2021Q3,HOLX
2021Q3,HON
2021Q3,HPE
2021Q3,HPQ
2021Q3,HRL
2021Q3,HSIC
2021Q3,HST
2021Q3,HSY
2021Q3,HUM
2021Q3,HWM
2021Q3,IBM
2021Q3,ICE
2021Q3,IDXX
2021Q3,IEX
2021Q3,IFF
2021Q3,ILMN
2021Q3,INCY
2021Q3,INFO
2021Q3,INTC
2021Q3,INTU
2021Q3,IP
2021Q3,IPG
2021Q3,IPGP
2021Q3,IQV
2021Q3,IR
2021Q3,IRM
2021Q3,ISRG
2021Q3,IT
2021Q3,ITW
2021Q3,IVZ
2021Q3,J
2021Q3,JBHT
2021Q3,JCI
2021Q3,JKHY
2021Q3,JNJ
2021Q3,JNPR
2021Q3,JPM
2021Q3,K
2021Q3,KEY
2021Q3,KEYS
2021Q3,KHC
2021Q3,KIM
2021Q3,KLAC
2021Q3,KMB
2021Q3,KMI
2021Q3,KMX
2021Q3,KO
2021Q3,KR
2021Q3,KSU
2021Q3,L
2021Q3,LB
2021Q3,LDOS
2021Q3,LEG
2021Q3,LEN
2021Q3,LH
2021Q3,LHX
2021Q3,LIN
2021Q3,LKQ
2021Q3,LLY
2021Q3,LMT
2021Q3,LNC
2021Q3,LNT
2021Q3,LOW
2021Q3,LRCX
2021Q3,LUMN
2021Q3,LUV
2021Q3,LVS
2021Q3,LW
2021Q3,LYB
2021Q3,LYV
2021Q3,MA
2021Q3,MAA
2021Q3,MAR
2021Q3,MAS
2021Q3,MCD
2021Q3,MCHP
2021Q3,MCK
2021Q3,MCO
2021Q3,MDLZ
2021Q3,MDT
2021Q3,MET
2021Q3,MGM
2021Q3,MHK
2021Q3,MKC
2021Q3,MKTX
2021Q3,MLM
2021Q3,MMC
2021Q3,MMM
2021Q3,MNST
2021Q3,MO
2021Q3,MOS
2021Q3,MPC
2021Q3,MPWR
2021Q3,MRK
2021Q3,MRNA
2021Q3,MRO
2021Q3,MS
2021Q3,MSCI
2021Q3,MSFT
2021Q3,MSI
2021Q3,MTB
2021Q3,MTD
2021Q3,MU
2021Q3,MXIM
2021Q3,NCLH
2021Q3,NDAQ
2021Q3,NEE
2021Q3,NEM
2021Q3,NFLX
2021Q3,NI
2021Q3,NKE
2021Q3,NLOK
2021Q3,NLSN
2021Q3,NOC
2021Q3,NOV
2021Q3,NOW
2021Q3,NRG
2021Q3,NSC
2021Q3,NTAP
2021Q3,NTRS
2021Q3,NUE
2021Q3,NVDA
2021Q3,NVR
2021Q3,NWL
2021Q3,NWS
2021Q3,NWSA
2021Q3,NXPI
2021Q3,O
2021Q3,ODFL
2021Q3,OGN
2021Q3,OKE
2021Q3,OMC
2021Q3,ORCL
2021Q3,ORLY
2021Q3,OTIS
2021Q3,OXY
2021Q3,PAYC
2021Q3,PAYX
2021Q3,PBCT
2021Q3,PCAR
2021Q3,PEAK
2021Q3,PEG
2021Q3,PENN
2021Q3,PEP
2021Q3,PFE
2021Q3,PFG
2021Q3,PG
2021Q3,PGR
2021Q3,PH
2021Q3,PHM
2021Q3,PKG
2021Q3,PKI
2021Q3,PLD
2021Q3,PM
2021Q3,PNC
2021Q3,PNR
2021Q3,PNW
2021Q3,POOL
2021Q3,PPG
2021Q3,PPL
2021Q3,PRGO
2021Q3,PRU
2021Q3,PSA
2021Q3,PSX
2021Q3,PTC
2021Q3,PVH
2021Q3,PWR
2021Q3,PXD
2021Q3,PYPL
2021Q3,QCOM
2021Q3,QRVO
2021Q3,RCL
2021Q3,RE
2021Q3,REG
2021Q3,REGN
2021Q3,RF
2021Q3,RHI
2021Q3,RJF
2021Q3,RL
2021Q3,RMD
2021Q3,ROK
2021Q3,ROL
2021Q3,ROP
2021Q3,ROST
2021Q3,RSG
2021Q3,RTX
2021Q3,SBAC
2021Q3,SBUX
2021Q3,SCHW
2021Q3,SEE
2021Q3,SHW
2021Q3,SIVB
2021Q3,SJM
2021Q3,SLB
2021Q3,SNA
2021Q3,SNPS
2021Q3,SO
2021Q3,SPG
2021Q3,SPGI
2021Q3,SRE
2021Q3,STE
2021Q3,STT
2021Q3,STX
2021Q3,STZ
2021Q3,SWK
2021Q3,SWKS
2021Q3,SYF
2021Q3,SYK
2021Q3,SYY
2021Q3,T
2021Q3,TAP
2021Q3,TDG
2021Q3,TDY
2021Q3,TEL
2021Q3,TER
2021Q3,TFC
2021Q3,TFX
2021Q3,TGT
2021Q3,TJX
2021Q3,TMO
2021Q3,TMUS
2021Q3,TPR
2021Q3,TRMB
2021Q3,TROW
2021Q3,TRV
2021Q3,TSCO
2021Q3,TSLA
2021Q3,TSN
2021Q3,TT
2021Q3,TTWO
2021Q3,TWTR
2021Q3,TXN
2021Q3,TXT
2021Q3,TYL
2021Q3,UA
2021Q3,UAA
2021Q3,UAL
2021Q3,UDR
2021Q3,UHS
2021Q3,ULTA
2021Q3,UNH
2021Q3,UNM
2021Q3,UNP
2021Q3,UPS
2021Q3,URI
2021Q3,USB
2021Q3,V
2021Q3,VFC
2021Q3,VIAC
2021Q3,VLO
2021Q3,VMC
2021Q3,VNO
2021Q3,VRSK
2021Q3,VRSN
2021Q3,VRTX
2021Q3,VTR
2021Q3,VTRS
2021Q3,VZ
2021Q3,WAB
2021Q3,WAT
2021Q3,WBA
2021Q3,WDC
2021Q3,WEC
2021Q3,WELL
2021Q3,WFC
2021Q3,WHR
2021Q3,WLTW
2021Q3,WM
2021Q3,WMB
2021Q3,WMT
2021Q3,WRB
2021Q3,WRK
2021Q3,WST
2021Q3,WU
2021Q3,WY
2021Q3,WYNN
2021Q3,XEL
2021Q3,XLNX
2021Q3,XOM
2021Q3,XRAY
2021Q3,XYL
2021Q3,YUM
2021Q3,ZBH
2021Q3,ZBRA
2021Q3,ZION
2021Q3,ZTS
2021Q4,A
2021Q4,AAL
2021Q4,AAP
2021Q4,AAPL
2021Q4,ABBV
2021Q4,ABC
2021Q4,ABMD
2021Q4,ABT
2021Q4,ACN
2021Q4,ADBE
2021Q4,ADI
2021Q4,ADM
2021Q4,ADP
2021Q4,ADSK
2021Q4,AEE
2021Q4,AEP
2021Q4,AES
2021Q4,AFL
2021Q4,AIG
2021Q4,AIZ
2021Q4,AJG
2021Q4,AKAM
2021Q4,ALB
2021Q4,ALGN
2021Q4,ALK
2021Q4,ALL
2021Q4,ALLE
2021Q4,AMAT
2021Q4,AMCR
2021Q4,AMD
2021Q4,AME
2021Q4,AMGN
2021Q4,AMP
2021Q4,AMT
2021Q4,AMZN
2021Q4,ANET
2021Q4,ANSS
2021Q4,ANTM
2021Q4,AON
2021Q4,AOS
2021Q4,APA
2021Q4,APD
2021Q4,APH
2021Q4,APTV
2021Q4,ARE
2021Q4,ATO
2021Q4,ATVI
2021Q4,AVB
2021Q4,AVGO
2021Q4,AVY
2021Q4,AWK
2021Q4,AXP
2021Q4,AZO
2021Q4,BA
2021Q4,BAC
2021Q4,BAX
2021Q4,BBWI
2021Q4,BBY
2021Q4,BDX
2021Q4,BEN
2021Q4,BF.B
2021Q4,BIIB
2021Q4,BIO
2021Q4,BK
2021Q4,BKNG
2021Q4,BKR
2021Q4,BLK
2021Q4,BLL
2021Q4,BMY
2021Q4,BR
2021Q4,BRK.B
2021Q4,BRO
2021Q4,BSX
2021Q4,BWA
2021Q4,BXP
2021Q4,C
2021Q4,CAG
2021Q4,CAH
2021Q4,CARR
2021Q4,CAT
2021Q4,CB
2021Q4,CBOE
2021Q4,CBRE
2021Q4,CCI
2021Q4,CCL
2021Q4,CDAY
2021Q4,CDNS
2021Q4,CDW
2021Q4,CE
2021Q4,CERN
2021Q4,CF
2021Q4,CFG
2021Q4,CHD
2021Q4,CHRW
2021Q4,CHTR
2021Q4,CI
2021Q4,CINF
2021Q4,CL
2021Q4,CLX
2021Q4,CMA
2021Q4,CMCSA
2021Q4,CME
2021Q4,CMG
2021Q4,CMI
2021Q4,CMS
2021Q4,CNC
2021Q4,CNP
2021Q4,COF
2021Q4,COO
2021Q4,COP
2021Q4,COST
2021Q4,CPB
2021Q4,CPRT
2021Q4,CRL
2021Q4,CRM
2021Q4,CSCO
2021Q4,CSX
2021Q4,CTAS
2021Q4,CTLT
2021Q4,CTRA
2021Q4,CTSH
2021Q4,CTVA
2021Q4,CTXS
2021Q4,CVS
2021Q4,CVX
2021Q4,CZR
2021Q4,D
2021Q4,DAL
2021Q4,DD
2021Q4,DE
2021Q4,DFS
2021Q4,DG
2021Q4,DGX
2021Q4,DHI
2021Q4,DHR
2021Q4,DIS
2021Q4,DISCA
2021Q4,DISCK
2021Q4,DISH
2021Q4,DLR
2021Q4,DLTR
2021Q4,DOV
2021Q4,DOW
2021Q4,DPZ
2021Q4,DRE
2021Q4,DRI
2021Q4,DTE
2021Q4,DUK
2021Q4,DVA
2021Q4,DVN
2021Q4,DXC
2021Q4,DXCM
2021Q4,EA
2021Q4,EBAY
2021Q4,ECL
2021Q4,ED
2021Q4,EFX
2021Q4,EIX
2021Q4,EL
2021Q4,EMN
2021Q4,EMR
2021Q4,ENPH
2021Q4,EOG
2021Q4,EQIX
2021Q4,EQR
2021Q4,ES
2021Q4,ESS
2021Q4,ETN
2021Q4,ETR
2021Q4,ETSY
2021Q4,EVRG
2021Q4,EW
2021Q4,EXC
2021Q4,EXPD
2021Q4,EXPE
2021Q4,EXR
2021Q4,F
2021Q4,FANG
2021Q4,FAST
2021Q4,FB
2021Q4,FBHS
2021Q4,FCX
2021Q4,FDX
2021Q4,FE
2021Q4,FFIV
2021Q4,FIS
2021Q4,FISV
2021Q4,FITB
2021Q4,FLT
2021Q4,FMC
2021Q4,FOX
2021Q4,FOXA
2021Q4,FRC
2021Q4,FRT
2021Q4,FTNT
2021Q4,FTV
2021Q4,GD
2021Q4,GE
2021Q4,GILD
2021Q4,GIS
2021Q4,GL
2021Q4,GLW
2021Q4,GM
2021Q4,GNRC
2021Q4,GOOG
2021Q4,GOOGL
2021Q4,GPC
2021Q4,GPN
2021Q4,GPS
2021Q4,GRMN
2021Q4,GS
2021Q4,GWW
2021Q4,HAL
2021Q4,HAS
2021Q4,HBAN
2021Q4,HBI
2021Q4,HCA
2021Q4,HD
2021Q4,HES
2021Q4,HIG
2021Q4,HII
2021Q4,HLT
2021Q4,HOLX
2021Q4,HON
2021Q4,HPE
2021Q4,HPQ
2021Q4,HRL
2021Q4,HSIC
2021Q4,HST
2021Q4,HSY
2021Q4,HUM
2021Q4,HWM
2021Q4,IBM
2021Q4,ICE
2021Q4,IDXX
2021Q4,IEX
2021Q4,IFF
2021Q4,ILMN
2021Q4,INCY
2021Q4,INFO
2021Q4,INTC
2021Q4,INTU
2021Q4,IP
2021Q4,IPG
2021Q4,IPGP
2021Q4,IQV
2021Q4,IR
2021Q4,IRM
2021Q4,ISRG
2021Q4,IT
2021Q4,ITW
2021Q4,IVZ
2021Q4,J
2021Q4,JBHT
2021Q4,JCI
2021Q4,JKHY
2021Q4,JNJ
2021Q4,JNPR
2021Q4,JPM
2021Q4,K
2021Q4,KEY
2021Q4,KEYS
2021Q4,KHC
2021Q4,KIM
2021Q4,KLAC
2021Q4,KMB
2021Q4,KMI
2021Q4,KMX
2021Q4,KO
2021Q4,KR
2021Q4,KSU
2021Q4,L
2021Q4,LDOS
2021Q4,LEG
2021Q4,LEN
2021Q4,LH
2021Q4,LHX
2021Q4,LIN
2021Q4,LKQ
2021Q4,LLY
2021Q4,LMT
2021Q4,LNC
2021Q4,LNT
2021Q4,LOW
2021Q4,LRCX
2021Q4,LUMN
2021Q4,LUV
2021Q4,LVS
2021Q4,LW
2021Q4,LYB
2021Q4,LYV
2021Q4,MA
2021Q4,MAA
2021Q4,MAR
2021Q4,MAS
2021Q4,MCD
2021Q4,MCHP
2021Q4,MCK
2021Q4,MCO
2021Q4,MDLZ
2021Q4,MDT
2021Q4,MET
2021Q4,MGM
2021Q4,MHK
2021Q4,MKC
2021Q4,MKTX
2021Q4,MLM
2021Q4,MMC
2021Q4,MMM
2021Q4,MNST
2021Q4,MO
2021Q4,MOS
2021Q4,MPC
2021Q4,MPWR
2021Q4,MRK
2021Q4,MRNA
2021Q4,MRO
2021Q4,MS
2021Q4,MSCI
2021Q4,MSFT
2021Q4,MSI
2021Q4,MTB
2021Q4,MTCH
2021Q4,MTD
2021Q4,MU
2021Q4,NCLH
2021Q4,NDAQ
2021Q4,NEE
2021Q4,NEM
2021Q4,NFLX
2021Q4,NI
2021Q4,NKE
2021Q4,NLOK
2021Q4,NLSN
2021Q4,NOC
2021Q4,NOW
2021Q4,NRG
2021Q4,NSC
2021Q4,NTAP
2021Q4,NTRS
2021Q4,NUE
2021Q4,NVDA
2021Q4,NVR
2021Q4,NWL
2021Q4,NWS
2021Q4,NWSA
2021Q4,NXPI
2021Q4,O
2021Q4,ODFL
2021Q4,OGN
2021Q4,OKE
2021Q4,OMC
2021Q4,ORCL
2021Q4,ORLY
2021Q4,OTIS
2021Q4,OXY
2021Q4,PAYC
2021Q4,PAYX
2021Q4,PBCT
2021Q4,PCAR
2021Q4,PEAK
2021Q4,PEG
2021Q4,PENN
2021Q4,PEP
2021Q4,PFE
2021Q4,PFG
2021Q4,PG
2021Q4,PGR
2021Q4,PH
2021Q4,PHM
2021Q4,PKG
2021Q4,PKI
2021Q4,PLD
2021Q4,PM
2021Q4,PNC
2021Q4,PNR
2021Q4,PNW
2021Q4,POOL
2021Q4,PPG
2021Q4,PPL
2021Q4,PRU
2021Q4,PSA
2021Q4,PSX
2021Q4,PTC
2021Q4,PVH
2021Q4,PWR
2021Q4,PXD
2021Q4,PYPL
2021Q4,QCOM
2021Q4,QRVO
2021Q4,RCL
2021Q4,RE
2021Q4,REG
2021Q4,REGN
2021Q4,RF
2021Q4,RHI
2021Q4,RJF
2021Q4,RL
2021Q4,RMD
2021Q4,ROK
2021Q4,ROL
2021Q4,ROP
2021Q4,ROST
2021Q4,RSG
2021Q4,RTX
2021Q4,SBAC
2021Q4,SBUX
2021Q4,SCHW
2021Q4,SEE
2021Q4,SHW
2021Q4,SIVB
2021Q4,SJM
2021Q4,SLB
2021Q4,SNA
2021Q4,SNPS
2021Q4,SO
2021Q4,SPG
2021Q4,SPGI
2021Q4,SRE
2021Q4,STE
2021Q4,STT
2021Q4,STX
2021Q4,STZ
2021Q4,SWK
2021Q4,SWKS
2021Q4,SYF
2021Q4,SYK
2021Q4,SYY
2021Q4,T
2021Q4,TAP
2021Q4,TDG
2021Q4,TDY
2021Q4,TECH
2021Q4,TEL
2021Q4,TER
2021Q4,TFC
2021Q4,TFX
2021Q4,TGT
2021Q4,TJX
2021Q4,TMO
2021Q4,TMUS
2021Q4,TPR
2021Q4,TRMB
2021Q4,TROW
2021Q4,TRV
2021Q4,TSCO
2021Q4,TSLA
2021Q4,TSN
2021Q4,TT
2021Q4,TTWO
2021Q4,TWTR
2021Q4,TXN
2021Q4,TXT
2021Q4,TYL
2021Q4,UA
2021Q4,UAA
2021Q4,UAL
2021Q4,UDR
2021Q4,UHS
2021Q4,ULTA
2021Q4,UNH
2021Q4,UNP
2021Q4,UPS
2021Q4,URI
2021Q4,USB
2021Q4,V
2021Q4,VFC
2021Q4,VIAC
2021Q4,VLO
2021Q4,VMC
2021Q4,VNO
2021Q4,VRSK
2021Q4,VRSN
2021Q4,VRTX
2021Q4,VTR
2021Q4,VTRS
2021Q4,VZ
2021Q4,WAB
2021Q4,WAT
2021Q4,WBA
2021Q4,WDC
2021Q4,WEC
2021Q4,WELL
2021Q4,WFC
2021Q4,WHR
2021Q4,WLTW
2021Q4,WM
2021Q4,WMB
2021Q4,WMT
2021Q4,WRB
2021Q4,WRK
2021Q4,WST
2021Q4,WU
2021Q4,WY
2021Q4,WYNN
2021Q4,XEL
2021Q4,XLNX
2021Q4,XOM
2021Q4,XRAY
2021Q4,XYL
2021Q4,YUM
2021Q4,ZBH
2021Q4,ZBRA
2021Q4,ZION
2021Q4,ZTS
2022Q1,A
2022Q1,AAL
2022Q1,AAP
2022Q1,AAPL
2022Q1,ABBV
2022Q1,ABC
2022Q1,ABMD
2022Q1,ABT
2022Q1,ACN
2022Q1,ADBE
2022Q1,ADI
2022Q1,ADM
2022Q1,ADP
2022Q1,ADSK
2022Q1,AEE
2022Q1,AEP
2022Q1,AES
2022Q1,AFL
2022Q1,AIG
2022Q1,AIZ
2022Q1,AJG
2022Q1,AKAM
2022Q1,ALB
2022Q1,ALGN
2022Q1,ALK
2022Q1,ALL
2022Q1,ALLE
2022Q1,AMAT
2022Q1,AMCR
2022Q1,AMD
2022Q1,AME
2022Q1,AMGN
2022Q1,AMP
2022Q1,AMT
2022Q1,AMZN
2022Q1,ANET
2022Q1,ANSS
2022Q1,ANTM
2022Q1,AON
2022Q1,AOS
2022Q1,APA
2022Q1,APD
2022Q1,APH
2022Q1,APTV
2022Q1,ARE
2022Q1,ATO
2022Q1,ATVI
2022Q1,AVB
2022Q1,AVGO
2022Q1,AVY
2022Q1,AWK
2022Q1,AXP
2022Q1,AZO
2022Q1,BA
2022Q1,BAC
2022Q1,BAX
2022Q1,BBWI
2022Q1,BBY
2022Q1,BDX
2022Q1,BEN
2022Q1,BF.B
2022Q1,BIIB
2022Q1,BIO
2022Q1,BK
2022Q1,BKNG
2022Q1,BKR
2022Q1,BLK
2022Q1,BLL
2022Q1,BMY
2022Q1,BR
2022Q1,BRK.B
2022Q1,BRO
2022Q1,BSX
2022Q1,BWA
2022Q1,BXP
2022Q1,C
2022Q1,CAG
2022Q1,CAH
2022Q1,CARR
2022Q1,CAT
2022Q1,CB
2022Q1,CBOE
2022Q1,CBRE
2022Q1,CCI
2022Q1,CCL
2022Q1,CDAY
2022Q1,CDNS
2022Q1,CDW
2022Q1,CE
2022Q1,CERN
2022Q1,CF
2022Q1,CFG
2022Q1,CHD
2022Q1,CHRW
2022Q1,CHTR
2022Q1,CI
2022Q1,CINF
2022Q1,CL
2022Q1,CLX
2022Q1,CMA
2022Q1,CMCSA
2022Q1,CME
2022Q1,CMG
2022Q1,CMI
2022Q1,CMS
2022Q1,CNC
2022Q1,CNP
2022Q1,COF
2022Q1,COO
2022Q1,COP
2022Q1,COST
2022Q1,CPB
2022Q1,CPRT
2022Q1,CRL
2022Q1,CRM
2022Q1,CSCO
2022Q1,CSX
2022Q1,CTAS
2022Q1,CTLT
2022Q1,CTRA
2022Q1,CTSH
2022Q1,CTVA
2022Q1,CTXS
2022Q1,CVS
2022Q1,CVX
2022Q1,CZR
2022Q1,D
2022Q1,DAL
2022Q1,DD
2022Q1,DE
2022Q1,DFS
2022Q1,DG
2022Q1,DGX
2022Q1,DHI
2022Q1,DHR
2022Q1,DIS
2022Q1,DISCA
2022Q1,DISCK
2022Q1,DISH
2022Q1,DLR
2022Q1,DLTR
2022Q1,DOV
2022Q1,DOW
2022Q1,DPZ
2022Q1,DRE
2022Q1,DRI
2022Q1,DTE
2022Q1,DUK
2022Q1,DVA
2022Q1,DVN
2022Q1,DXC
2022Q1,DXCM
2022Q1,EA
2022Q1,EBAY
2022Q1,ECL
2022Q1,ED
2022Q1,EFX
2022Q1,EIX
2022Q1,EL
2022Q1,EMN
2022Q1,EMR
2022Q1,ENPH
2022Q1,EOG
2022Q1,EPAM
2022Q1,EQIX
2022Q1,EQR
2022Q1,ES
2022Q1,ESS
2022Q1,ETN
2022Q1,ETR
2022Q1,ETSY
2022Q1,EVRG
2022Q1,EW
2022Q1,EXC
2022Q1,EXPD
2022Q1,EXPE
2022Q1,EXR
2022Q1,F
2022Q1,FANG
2022Q1,FAST
2022Q1,FB
2022Q1,FBHS
2022Q1,FCX
2022Q1,FDS
2022Q1,FDX
2022Q1,FE
2022Q1,FFIV
2022Q1,FIS
2022Q1,FISV
2022Q1,FITB
2022Q1,FLT
2022Q1,FMC
2022Q1,FOX
2022Q1,FOXA
2022Q1,FRC
2022Q1,FRT
2022Q1,FTNT
2022Q1,FTV
2022Q1,GD
2022Q1,GE
2022Q1,GILD
2022Q1,GIS
2022Q1,GL
2022Q1,GLW
2022Q1,GM
2022Q1,GNRC
2022Q1,GOOG
2022Q1,GOOGL
2022Q1,GPC
2022Q1,GPN
2022Q1,GPS
2022Q1,GRMN
2022Q1,GS
2022Q1,GWW
2022Q1,HAL
2022Q1,HAS
2022Q1,HBAN
2022Q1,HCA
2022Q1,HD
2022Q1,HES
2022Q1,HIG
2022Q1,HII
2022Q1,HLT
2022Q1,HOLX
2022Q1,HON
2022Q1,HPE
2022Q1,HPQ
2022Q1,HRL
2022Q1,HSIC
2022Q1,HST
2022Q1,HSY
2022Q1,HUM
2022Q1,HWM
2022Q1,IBM
2022Q1,ICE
2022Q1,IDXX
2022Q1,IEX
2022Q1,IFF
2022Q1,ILMN
2022Q1,INCY
2022Q1,INFO
2022Q1,INTC
2022Q1,INTU
2022Q1,IP
2022Q1,IPG
2022Q1,IPGP
2022Q1,IQV
2022Q1,IR
2022Q1,IRM
2022Q1,ISRG
2022Q1,IT
2022Q1,ITW
2022Q1,IVZ
2022Q1,J
2022Q1,JBHT
2022Q1,JCI
2022Q1,JKHY
2022Q1,JNJ
2022Q1,JNPR
2022Q1,JPM
2022Q1,K
2022Q1,KEY
2022Q1,KEYS
2022Q1,KHC
2022Q1,KIM
2022Q1,KLAC
2022Q1,KMB
2022Q1,KMI
2022Q1,KMX
2022Q1,KO
2022Q1,KR
2022Q1,L
2022Q1,LDOS
2022Q1,LEN
2022Q1,LH
2022Q1,LHX
2022Q1,LIN
2022Q1,LKQ
2022Q1,LLY
2022Q1,LMT
2022Q1,LNC
2022Q1,LNT
2022Q1,LOW
2022Q1,LRCX
2022Q1,LUMN
2022Q1,LUV
2022Q1,LVS
2022Q1,LW
2022Q1,LYB
2022Q1,LYV
2022Q1,MA
2022Q1,MAA
2022Q1,MAR
2022Q1,MAS
2022Q1,MCD
2022Q1,MCHP
2022Q1,MCK
2022Q1,MCO
2022Q1,MDLZ
2022Q1,MDT
2022Q1,MET
2022Q1,MGM
2022Q1,MHK
2022Q1,MKC
2022Q1,MKTX
2022Q1,MLM
2022Q1,MMC
2022Q1,MMM
2022Q1,MNST
2022Q1,MO
2022Q1,MOS
2022Q1,MPC
2022Q1,MPWR
2022Q1,MRK
2022Q1,MRNA
2022Q1,MRO
2022Q1,MS
2022Q1,MSCI
2022Q1,MSFT
2022Q1,MSI
2022Q1,MTB
2022Q1,MTCH
2022Q1,MTD
2022Q1,MU
2022Q1,NCLH
2022Q1,NDAQ
2022Q1,NEE
2022Q1,NEM
2022Q1,NFLX
2022Q1,NI
2022Q1,NKE
2022Q1,NLOK
2022Q1,NLSN
2022Q1,NOC
2022Q1,NOW
2022Q1,NRG
2022Q1,NSC
2022Q1,NTAP
2022Q1,NTRS
2022Q1,NUE
2022Q1,NVDA
2022Q1,NVR
2022Q1,NWL
2022Q1,NWS
2022Q1,NWSA
2022Q1,NXPI
2022Q1,O
2022Q1,ODFL
2022Q1,OGN
2022Q1,OKE
2022Q1,OMC
2022Q1,ORCL
2022Q1,ORLY
2022Q1,OTIS
2022Q1,OXY
2022Q1,PAYC
2022Q1,PAYX
2022Q1,PBCT
2022Q1,PCAR
2022Q1,PEAK
2022Q1,PEG
2022Q1,PENN
2022Q1,PEP
2022Q1,PFE
2022Q1,PFG
2022Q1,PG
2022Q1,PGR
2022Q1,PH
2022Q1,PHM
2022Q1,PKG
2022Q1,PKI
2022Q1,PLD
2022Q1,PM
2022Q1,PNC
2022Q1,PNR
2022Q1,PNW
2022Q1,POOL
2022Q1,PPG
2022Q1,PPL
2022Q1,PRU
2022Q1,PSA
2022Q1,PSX
2022Q1,PTC
2022Q1,PVH
2022Q1,PWR
2022Q1,PXD
2022Q1,PYPL
2022Q1,QCOM
2022Q1,QRVO
2022Q1,RCL
2022Q1,RE
2022Q1,REG
2022Q1,REGN
2022Q1,RF
2022Q1,RHI
2022Q1,RJF
2022Q1,RL
2022Q1,RMD
2022Q1,ROK
2022Q1,ROL
2022Q1,ROP
2022Q1,ROST
2022Q1,RSG
2022Q1,RTX
2022Q1,SBAC
2022Q1,SBNY
2022Q1,SBUX
2022Q1,SCHW
2022Q1,SEDG
2022Q1,SEE
2022Q1,SHW
2022Q1,SIVB
2022Q1,SJM
2022Q1,SLB
2022Q1,SNA
2022Q1,SNPS
2022Q1,SO
2022Q1,SPG
2022Q1,SPGI
2022Q1,SRE
2022Q1,STE
2022Q1,STT
2022Q1,STX
2022Q1,STZ
2022Q1,SWK
2022Q1,SWKS
2022Q1,SYF
2022Q1,SYK
2022Q1,SYY
2022Q1,T
2022Q1,TAP
2022Q1,TDG
2022Q1,TDY
2022Q1,TECH
2022Q1,TEL
2022Q1,TER
2022Q1,TFC
2022Q1,TFX
2022Q1,TGT
2022Q1,TJX
2022Q1,TMO
2022Q1,TMUS
2022Q1,TPR
2022Q1,TRMB
2022Q1,TROW
2022Q1,TRV
2022Q1,TSCO
2022Q1,TSLA
2022Q1,TSN
2022Q1,TT
2022Q1,TTWO
2022Q1,TWTR
2022Q1,TXN
2022Q1,TXT
2022Q1,TYL
2022Q1,UA
2022Q1,UAA
2022Q1,UAL
2022Q1,UDR
2022Q1,UHS
2022Q1,ULTA
2022Q1,UNH
2022Q1,UNP
2022Q1,UPS
2022Q1,URI
2022Q1,USB
2022Q1,V
2022Q1,VFC
2022Q1,VIAC
2022Q1,VLO
2022Q1,VMC
2022Q1,VNO
2022Q1,VRSK
2022Q1,VRSN
2022Q1,VRTX
2022Q1,VTR
2022Q1,VTRS
2022Q1,VZ
2022Q1,WAB
2022Q1,WAT
2022Q1,WBA
2022Q1,WDC
2022Q1,WEC
2022Q1,WELL
2022Q1,WFC
2022Q1,WHR
2022Q1,WM
2022Q1,WMB
2022Q1,WMT
2022Q1,WRB
2022Q1,WRK
2022Q1,WST
2022Q1,WTW
2022Q1,WY
2022Q1,WYNN
2022Q1,XEL
2022Q1,XLNX
2022Q1,XOM
2022Q1,XRAY
2022Q1,XYL
2022Q1,YUM
2022Q1,ZBH
2022Q1,ZBRA
2022Q1,ZION
2022Q1,ZTS
2022Q2,A
2022Q2,AAL
2022Q2,AAP
2022Q2,AAPL
2022Q2,ABBV
2022Q2,ABC
2022Q2,ABMD
2022Q2,ABT
2022Q2,ACN
2022Q2,ADBE
2022Q2,ADI
2022Q2,ADM
2022Q2,ADP
2022Q2,ADSK
2022Q2,AEE
2022Q2,AEP
2022Q2,AES
2022Q2,AFL
2022Q2,AIG
2022Q2,AIZ
2022Q2,AJG
2022Q2,AKAM
2022Q2,ALB
2022Q2,ALGN
2022Q2,ALK
2022Q2,ALL
2022Q2,ALLE
2022Q2,AMAT
2022Q2,AMCR
2022Q2,AMD
2022Q2,AME
2022Q2,AMGN
2022Q2,AMP
2022Q2,AMT
2022Q2,AMZN
2022Q2,ANET
2022Q2,ANSS
2022Q2,ANTM
2022Q2,AON
2022Q2,AOS
2022Q2,APA
2022Q2,APD
2022Q2,APH
2022Q2,APTV
2022Q2,ARE
2022Q2,ATO
2022Q2,ATVI
2022Q2,AVB
2022Q2,AVGO
2022Q2,AVY
2022Q2,AWK
2022Q2,AXP
2022Q2,AZO
2022Q2,BA
2022Q2,BAC
2022Q2,BAX
2022Q2,BBWI
2022Q2,BBY
2022Q2,BDX
2022Q2,BEN
2022Q2,BF.B
2022Q2,BIIB
2022Q2,BIO
2022Q2,BK
2022Q2,BKNG
2022Q2,BKR
2022Q2,BLK
2022Q2,BLL
2022Q2,BMY
2022Q2,BR
2022Q2,BRK.B
2022Q2,BRO
2022Q2,BSX
2022Q2,BWA
2022Q2,BXP
2022Q2,C
2022Q2,CAG
2022Q2,CAH
2022Q2,CARR
2022Q2,CAT
2022Q2,CB
2022Q2,CBOE
2022Q2,CBRE
2022Q2,CCI
2022Q2,CCL
2022Q2,CDAY
2022Q2,CDNS
2022Q2,CDW
2022Q2,CE
2022Q2,CEG
2022Q2,CERN
2022Q2,CF
2022Q2,CFG
2022Q2,CHD
2022Q2,CHRW
2022Q2,CHTR
2022Q2,CI
2022Q2,CINF
2022Q2,CL
2022Q2,CLX
2022Q2,CMA
2022Q2,CMCSA
2022Q2,CME
2022Q2,CMG
2022Q2,CMI
2022Q2,CMS
2022Q2,CNC
2022Q2,CNP
2022Q2,COF
2022Q2,COO
2022Q2,COP
2022Q2,COST
2022Q2,CPB
2022Q2,CPRT
2022Q2,CPT
2022Q2,CRL
2022Q2,CRM
2022Q2,CSCO
2022Q2,CSX
2022Q2,CTAS
2022Q2,CTLT
2022Q2,CTRA
2022Q2,CTSH
2022Q2,CTVA
2022Q2,CTXS
2022Q2,CVS
2022Q2,CVX
2022Q2,CZR
2022Q2,D
2022Q2,DAL
2022Q2,DD
2022Q2,DE
2022Q2,DFS
2022Q2,DG
2022Q2,DGX
2022Q2,DHI
2022Q2,DHR
2022Q2,DIS
2022Q2,DISCA
2022Q2,DISCK
2022Q2,DISH
2022Q2,DLR
2022Q2,DLTR
2022Q2,DOV
2022Q2,DOW
2022Q2,DPZ
2022Q2,DRE
2022Q2,DRI
2022Q2,DTE
2022Q2,DUK
2022Q2,DVA
2022Q2,DVN
2022Q2,DXC
2022Q2,DXCM
2022Q2,EA
2022Q2,EBAY
2022Q2,ECL
2022Q2,ED
2022Q2,EFX
2022Q2,EIX
2022Q2,EL
2022Q2,EMN
2022Q2,EMR
2022Q2,ENPH
2022Q2,EOG
2022Q2,EPAM
2022Q2,EQIX
2022Q2,EQR
2022Q2,ES
2022Q2,ESS
2022Q2,ETN
2022Q2,ETR
2022Q2,ETSY
2022Q2,EVRG
2022Q2,EW
2022Q2,EXC
2022Q2,EXPD
2022Q2,EXPE
2022Q2,EXR
2022Q2,F
2022Q2,FANG
2022Q2,FAST
2022Q2,FB
2022Q2,FBHS
2022Q2,FCX
2022Q2,FDS
2022Q2,FDX
2022Q2,FE
2022Q2,FFIV
2022Q2,FIS
2022Q2,FISV
2022Q2,FITB
2022Q2,FLT
2022Q2,FMC
2022Q2,FOX
2022Q2,FOXA
2022Q2,FRC
2022Q2,FRT
2022Q2,FTNT
2022Q2,FTV
2022Q2,GD
2022Q2,GE
2022Q2,GILD
2022Q2,GIS
2022Q2,GL
2022Q2,GLW
2022Q2,GM
2022Q2,GNRC
2022Q2,GOOG
2022Q2,GOOGL
2022Q2,GPC
2022Q2,GPN
2022Q2,GRMN
2022Q2,GS
2022Q2,GWW
2022Q2,HAL
2022Q2,HAS
2022Q2,HBAN
2022Q2,HCA
2022Q2,HD
2022Q2,HES
2022Q2,HIG
2022Q2,HII
2022Q2,HLT
2022Q2,HOLX
2022Q2,HON
2022Q2,HPE
2022Q2,HPQ
2022Q2,HRL
2022Q2,HSIC
2022Q2,HST
2022Q2,HSY
2022Q2,HUM
2022Q2,HWM
2022Q2,IBM
2022Q2,ICE
2022Q2,IDXX
2022Q2,IEX
2022Q2,IFF
2022Q2,ILMN
2022Q2,INCY
2022Q2,INTC
2022Q2,INTU
2022Q2,IP
2022Q2,IPG
2022Q2,IPGP
2022Q2,IQV
2022Q2,IR
2022Q2,IRM
2022Q2,ISRG
2022Q2,IT
2022Q2,ITW
2022Q2,IVZ
2022Q2,J
2022Q2,JBHT
2022Q2,JCI
2022Q2,JKHY
2022Q2,JNJ
2022Q2,JNPR
2022Q2,JPM
2022Q2,K
2022Q2,KEY
2022Q2,KEYS
2022Q2,KHC
2022Q2,KIM
2022Q2,KLAC
2022Q2,KMB
2022Q2,KMI
2022Q2,KMX
2022Q2,KO
2022Q2,KR
2022Q2,L
2022Q2,LDOS
2022Q2,LEN
2022Q2,LH
2022Q2,LHX
2022Q2,LIN
2022Q2,LKQ
2022Q2,LLY
2022Q2,LMT
2022Q2,LNC
2022Q2,LNT
2022Q2,LOW
2022Q2,LRCX
2022Q2,LUMN
2022Q2,LUV
2022Q2,LVS
2022Q2,LW
2022Q2,LYB
2022Q2,LYV
2022Q2,MA
2022Q2,MAA
2022Q2,MAR
2022Q2,MAS
2022Q2,MCD
2022Q2,MCHP
2022Q2,MCK
2022Q2,MCO
2022Q2,MDLZ
2022Q2,MDT
2022Q2,MET
2022Q2,MGM
2022Q2,MHK
2022Q2,MKC
2022Q2,MKTX
2022Q2,MLM
2022Q2,MMC
2022Q2,MMM
2022Q2,MNST
2022Q2,MO
2022Q2,MOH
2022Q2,MOS
2022Q2,MPC
2022Q2,MPWR
2022Q2,MRK
2022Q2,MRNA
2022Q2,MRO
2022Q2,MS
2022Q2,MSCI
2022Q2,MSFT
2022Q2,MSI
2022Q2,MTB
2022Q2,MTCH
2022Q2,MTD
2022Q2,MU
2022Q2,NCLH
2022Q2,NDAQ
2022Q2,NDSN
2022Q2,NEE
2022Q2,NEM
2022Q2,NFLX
2022Q2,NI
2022Q2,NKE
2022Q2,NLOK
2022Q2,NLSN
2022Q2,NOC
2022Q2,NOW
2022Q2,NRG
2022Q2,NSC
2022Q2,NTAP
2022Q2,NTRS
2022Q2,NUE
2022Q2,NVDA
2022Q2,NVR
2022Q2,NWL
2022Q2,NWS
2022Q2,NWSA
2022Q2,NXPI
2022Q2,O
2022Q2,ODFL
2022Q2,OGN
2022Q2,OKE
2022Q2,OMC
2022Q2,ORCL
2022Q2,ORLY
2022Q2,OTIS
2022Q2,OXY
2022Q2,PARA
2022Q2,PAYC
2022Q2,PAYX
2022Q2,PCAR
2022Q2,PEAK
2022Q2,PEG
2022Q2,PENN
2022Q2,PEP
2022Q2,PFE
2022Q2,PFG
2022Q2,PG
2022Q2,PGR
2022Q2,PH
2022Q2,PHM
2022Q2,PKG
2022Q2,PKI
2022Q2,PLD
2022Q2,PM
2022Q2,PNC
2022Q2,PNR
2022Q2,PNW
2022Q2,POOL
2022Q2,PPG
2022Q2,PPL
2022Q2,PRU
2022Q2,PSA
2022Q2,PSX
2022Q2,PTC
2022Q2,PVH
2022Q2,PWR
2022Q2,PXD
2022Q2,PYPL
2022Q2,QCOM
2022Q2,QRVO
2022Q2,RCL
2022Q2,RE
2022Q2,REG
2022Q2,REGN
2022Q2,RF
2022Q2,RHI
2022Q2,RJF
2022Q2,RL
2022Q2,RMD
2022Q2,ROK
2022Q2,ROL
2022Q2,ROP
2022Q2,ROST
2022Q2,RSG
2022Q2,RTX
2022Q2,SBAC
2022Q2,SBNY
2022Q2,SBUX
2022Q2,SCHW
2022Q2,SEDG
2022Q2,SEE
2022Q2,SHW
2022Q2,SIVB
2022Q2,SJM
2022Q2,SLB
2022Q2,SNA
2022Q2,SNPS
2022Q2,SO
2022Q2,SPG
2022Q2,SPGI
2022Q2,SRE
2022Q2,STE
2022Q2,STT
2022Q2,STX
2022Q2,STZ
2022Q2,SWK
2022Q2,SWKS
2022Q2,SYF
2022Q2,SYK
2022Q2,SYY
2022Q2,T
2022Q2,TAP
2022Q2,TDG
2022Q2,TDY
2022Q2,TECH
2022Q2,TEL
2022Q2,TER
2022Q2,TFC
2022Q2,TFX
2022Q2,TGT
2022Q2,TJX
2022Q2,TMO
2022Q2,TMUS
2022Q2,TPR
2022Q2,TRMB
2022Q2,TROW
2022Q2,TRV
2022Q2,TSCO
2022Q2,TSLA
2022Q2,TSN
2022Q2,TT
2022Q2,TTWO
2022Q2,TWTR
2022Q2,TXN
2022Q2,TXT
2022Q2,TYL
2022Q2,UA
2022Q2,UAA
2022Q2,UAL
2022Q2,UDR
2022Q2,UHS
2022Q2,ULTA
2022Q2,UNH
2022Q2,UNP
2022Q2,UPS
2022Q2,URI
2022Q2,USB
2022Q2,V
2022Q2,VFC
2022Q2,VLO
2022Q2,VMC
2022Q2,VNO
2022Q2,VRSK
2022Q2,VRSN
2022Q2,VRTX
2022Q2,VTR
2022Q2,VTRS
2022Q2,VZ
2022Q2,WAB
2022Q2,WAT
2022Q2,WBA
2022Q2,WDC
2022Q2,WEC
2022Q2,WELL
2022Q2,WFC
2022Q2,WHR
2022Q2,WM
2022Q2,WMB
2022Q2,WMT
2022Q2,WRB
2022Q2,WRK
2022Q2,WST
2022Q2,WTW
2022Q2,WY
2022Q2,WYNN
2022Q2,XEL
2022Q2,XOM
2022Q2,XRAY
2022Q2,XYL
2022Q2,YUM
2022Q2,ZBH
2022Q2,ZBRA
2022Q2,ZION
2022Q2,ZTS
2022Q2,A
2022Q2,AAL
2022Q2,AAP
2022Q2,AAPL
2022Q2,ABBV
2022Q2,ABC
2022Q2,ABMD
2022Q2,ABT
2022Q2,ACN
2022Q2,ADBE
2022Q2,ADI
2022Q2,ADM
2022Q2,ADP
2022Q2,ADSK
2022Q2,AEE
2022Q2,AEP
2022Q2,AES
2022Q2,AFL
2022Q2,AIG
2022Q2,AIZ
2022Q2,AJG
2022Q2,AKAM
2022Q2,ALB
2022Q2,ALGN
2022Q2,ALK
2022Q2,ALL
2022Q2,ALLE
2022Q2,AMAT
2022Q2,AMCR
2022Q2,AMD
2022Q2,AME
2022Q2,AMGN
2022Q2,AMP
2022Q2,AMT
2022Q2,AMZN
2022Q2,ANET
2022Q2,ANSS
2022Q2,AON
2022Q2,AOS
2022Q2,APA
2022Q2,APD
2022Q2,APH
2022Q2,APTV
2022Q2,ARE
2022Q2,ATO
2022Q2,ATVI
2022Q2,AVB
2022Q2,AVGO
2022Q2,AVY
2022Q2,AWK
2022Q2,AXP
2022Q2,AZO
2022Q2,BA
2022Q2,BAC
2022Q2,BALL
2022Q2,BAX
2022Q2,BBWI
2022Q2,BBY
2022Q2,BDX
2022Q2,BEN
2022Q2,BF.B
2022Q2,BIIB
2022Q2,BIO
2022Q2,BK
2022Q2,BKNG
2022Q2,BKR
2022Q2,BLK
2022Q2,BMY
2022Q2,BR
2022Q2,BRK.B
2022Q2,BRO
2022Q2,BSX
2022Q2,BWA
2022Q2,BXP
2022Q2,C
2022Q2,CAG
2022Q2,CAH
2022Q2,CARR
2022Q2,CAT
2022Q2,CB
2022Q2,CBOE
2022Q2,CBRE
2022Q2,CCI
2022Q2,CCL
2022Q2,CDAY
2022Q2,CDNS
2022Q2,CDW
2022Q2,CE
2022Q2,CEG
2022Q2,CF
2022Q2,CFG
2022Q2,CHD
2022Q2,CHRW
2022Q2,CHTR
2022Q2,CI
2022Q2,CINF
2022Q2,CL
2022Q2,CLX
2022Q2,CMA
2022Q2,CMCSA
2022Q2,CME
2022Q2,CMG
2022Q2,CMI
2022Q2,CMS
2022Q2,CNC
2022Q2,CNP
2022Q2,COF
2022Q2,COO
2022Q2,COP
2022Q2,COST
2022Q2,CPB
2022Q2,CPRT
2022Q2,CPT
2022Q2,CRL
2022Q2,CRM
2022Q2,CSCO
2022Q2,CSX
2022Q2,CTAS
2022Q2,CTLT
2022Q2,CTRA
2022Q2,CTSH
2022Q2,CTVA
2022Q2,CTXS
2022Q2,CVS
2022Q2,CVX
2022Q2,CZR
2022Q2,D
2022Q2,DAL
2022Q2,DD
2022Q2,DE
2022Q2,DFS
2022Q2,DG
2022Q2,DGX
2022Q2,DHI
2022Q2,DHR
2022Q2,DIS
2022Q2,DISH
2022Q2,DLR
2022Q2,DLTR
2022Q2,DOV
2022Q2,DOW
2022Q2,DPZ
2022Q2,DRE
2022Q2,DRI
2022Q2,DTE
2022Q2,DUK
2022Q2,DVA
2022Q2,DVN
2022Q2,DXC
2022Q2,DXCM
2022Q2,EA
2022Q2,EBAY
2022Q2,ECL
2022Q2,ED
2022Q2,EFX
2022Q2,EIX
2022Q2,EL
2022Q2,ELV
2022Q2,EMN
2022Q2,EMR
2022Q2,ENPH
2022Q2,EOG
2022Q2,EPAM
2022Q2,EQIX
2022Q2,EQR
2022Q2,ES
2022Q2,ESS
2022Q2,ETN
2022Q2,ETR
2022Q2,ETSY
2022Q2,EVRG
2022Q2,EW
2022Q2,EXC
2022Q2,EXPD
2022Q2,EXPE
2022Q2,EXR
2022Q2,F
2022Q2,FANG
2022Q2,FAST
2022Q2,FBHS
2022Q2,FCX
2022Q2,FDS
2022Q2,FDX
2022Q2,FE
2022Q2,FFIV
2022Q2,FIS
2022Q2,FISV
2022Q2,FITB
2022Q2,FLT
2022Q2,FMC
2022Q2,FOX
2022Q2,FOXA
2022Q2,FRC
2022Q2,FRT
2022Q2,FTNT
2022Q2,FTV
2022Q2,GD
2022Q2,GE
2022Q2,GILD
2022Q2,GIS
2022Q2,GL
2022Q2,GLW
2022Q2,GM
2022Q2,GNRC
2022Q2,GOOG
2022Q2,GOOGL
2022Q2,GPC
2022Q2,GPN
2022Q2,GRMN
2022Q2,GS
2022Q2,GWW
2022Q2,HAL
2022Q2,HAS
2022Q2,HBAN
2022Q2,HCA
2022Q2,HD
2022Q2,HES
2022Q2,HIG
2022Q2,HII
2022Q2,HLT
2022Q2,HOLX
2022Q2,HON
2022Q2,HPE
2022Q2,HPQ
2022Q2,HRL
2022Q2,HSIC
2022Q2,HST
2022Q2,HSY
2022Q2,HUM
2022Q2,HWM
2022Q2,IBM
2022Q2,ICE
2022Q2,IDXX
2022Q2,IEX
2022Q2,IFF
2022Q2,ILMN
2022Q2,INCY
2022Q2,INTC
2022Q2,INTU
2022Q2,IP
2022Q2,IPG
2022Q2,IQV
2022Q2,IR
2022Q2,IRM
2022Q2,ISRG
2022Q2,IT
2022Q2,ITW
2022Q2,IVZ
2022Q2,J
2022Q2,JBHT
2022Q2,JCI
2022Q2,JKHY
2022Q2,JNJ
2022Q2,JNPR
2022Q2,JPM
2022Q2,K
2022Q2,KDP
2022Q2,KEY
2022Q2,KEYS
2022Q2,KHC
2022Q2,KIM
2022Q2,KLAC
2022Q2,KMB
2022Q2,KMI
2022Q2,KMX
2022Q2,KO
2022Q2,KR
2022Q2,L
2022Q2,LDOS
2022Q2,LEN
2022Q2,LH
2022Q2,LHX
2022Q2,LIN
2022Q2,LKQ
2022Q2,LLY
2022Q2,LMT
2022Q2,LNC
2022Q2,LNT
2022Q2,LOW
2022Q2,LRCX
2022Q2,LUMN
2022Q2,LUV
2022Q2,LVS
2022Q2,LW
2022Q2,LYB
2022Q2,LYV
2022Q2,MA
2022Q2,MAA
2022Q2,MAR
2022Q2,MAS
2022Q2,MCD
2022Q2,MCHP
2022Q2,MCK
2022Q2,MCO
2022Q2,MDLZ
2022Q2,MDT
2022Q2,MET
2022Q2,META
2022Q2,MGM
2022Q2,MHK
2022Q2,MKC
2022Q2,MKTX
2022Q2,MLM
2022Q2,MMC
2022Q2,MMM
2022Q2,MNST
2022Q2,MO
2022Q2,MOH
2022Q2,MOS
2022Q2,MPC
2022Q2,MPWR
2022Q2,MRK
2022Q2,MRNA
2022Q2,MRO
2022Q2,MS
2022Q2,MSCI
2022Q2,MSFT
2022Q2,MSI
2022Q2,MTB
2022Q2,MTCH
2022Q2,MTD
2022Q2,MU
2022Q2,NCLH
2022Q2,NDAQ
2022Q2,NDSN
2022Q2,NEE
2022Q2,NEM
2022Q2,NFLX
2022Q2,NI
2022Q2,NKE
2022Q2,NLOK
2022Q2,NLSN
2022Q2,NOC
2022Q2,NOW
2022Q2,NRG
2022Q2,NSC
2022Q2,NTAP
2022Q2,NTRS
2022Q2,NUE
2022Q2,NVDA
2022Q2,NVR
2022Q2,NWL
2022Q2,NWS
2022Q2,NWSA
2022Q2,NXPI
2022Q2,O
2022Q2,ODFL
2022Q2,OGN
2022Q2,OKE
2022Q2,OMC
2022Q2,ON
2022Q2,ORCL
2022Q2,ORLY
2022Q2,OTIS
2022Q2,OXY
2022Q2,PARA
2022Q2,PAYC
2022Q2,PAYX
2022Q2,PCAR
2022Q2,PEAK
2022Q2,PEG
2022Q2,PENN
2022Q2,PEP
2022Q2,PFE
2022Q2,PFG
2022Q2,PG
2022Q2,PGR
2022Q2,PH
2022Q2,PHM
2022Q2,PKG
2022Q2,PKI
2022Q2,PLD
2022Q2,PM
2022Q2,PNC
2022Q2,PNR
2022Q2,PNW
2022Q2,POOL
2022Q2,PPG
2022Q2,PPL
2022Q2,PRU
2022Q2,PSA
2022Q2,PSX
2022Q2,PTC
2022Q2,PVH
2022Q2,PWR
2022Q2,PXD
2022Q2,PYPL
2022Q2,QCOM
2022Q2,QRVO
2022Q2,RCL
2022Q2,RE
2022Q2,REG
2022Q2,REGN
2022Q2,RF
2022Q2,RHI
2022Q2,RJF
2022Q2,RL
2022Q2,RMD
2022Q2,ROK
2022Q2,ROL
2022Q2,ROP
2022Q2,ROST
2022Q2,RSG
2022Q2,RTX
2022Q2,SBAC
2022Q2,SBNY
2022Q2,SBUX
2022Q2,SCHW
2022Q2,SEDG
2022Q2,SEE
2022Q2,SHW
2022Q2,SIVB
2022Q2,SJM
2022Q2,SLB
2022Q2,SNA
2022Q2,SNPS
2022Q2,SO
2022Q2,SPG
2022Q2,SPGI
2022Q2,SRE
2022Q2,STE
2022Q2,STT
2022Q2,STX
2022Q2,STZ
2022Q2,SWK
2022Q2,SWKS
2022Q2,SYF
2022Q2,SYK
2022Q2,SYY
2022Q2,T
2022Q2,TAP
2022Q2,TDG
2022Q2,TDY
2022Q2,TECH
2022Q2,TEL
2022Q2,TER
2022Q2,TFC
2022Q2,TFX
2022Q2,TGT
2022Q2,TJX
2022Q2,TMO
2022Q2,TMUS
2022Q2,TPR
2022Q2,TRMB
2022Q2,TROW
2022Q2,TRV
2022Q2,TSCO
2022Q2,TSLA
2022Q2,TSN
2022Q2,TT
2022Q2,TTWO
2022Q2,TWTR
2022Q2,TXN
2022Q2,TXT
2022Q2,TYL
2022Q2,UAL
2022Q2,UDR
2022Q2,UHS
2022Q2,ULTA
2022Q2,UNH
2022Q2,UNP
2022Q2,UPS
2022Q2,URI
2022Q2,USB
2022Q2,V
2022Q2,VFC
2022Q2,VICI
2022Q2,VLO
2022Q2,VMC
2022Q2,VNO
2022Q2,VRSK
2022Q2,VRSN
2022Q2,VRTX
2022Q2,VTR
2022Q2,VTRS
2022Q2,VZ
2022Q2,WAB
2022Q2,WAT
2022Q2,WBA
2022Q2,WBD
2022Q2,WDC
2022Q2,WEC
2022Q2,WELL
2022Q2,WFC
2022Q2,WHR
2022Q2,WM
2022Q2,WMB
2022Q2,WMT
2022Q2,WRB
2022Q2,WRK
2022Q2,WST
2022Q2,WTW
2022Q2,WY
2022Q2,WYNN
2022Q2,XEL
2022Q2,XOM
2022Q2,XRAY
2022Q2,XYL
2022Q2,YUM
2022Q2,ZBH
2022Q2,ZBRA
2022Q2,ZION
2022Q2,ZTS
2022Q4,A
2022Q4,AAL
2022Q4,AAP
2022Q4,AAPL
2022Q4,ABBV
2022Q4,ABC
2022Q4,ABMD
2022Q4,ABT
2022Q4,ACN
2022Q4,ADBE
2022Q4,ADI
2022Q4,ADM
2022Q4,ADP
2022Q4,ADSK
2022Q4,AEE
2022Q4,AEP
2022Q4,AES
2022Q4,AFL
2022Q4,AIG
2022Q4,AIZ
2022Q4,AJG
2022Q4,AKAM
2022Q4,ALB
2022Q4,ALGN
2022Q4,ALK
2022Q4,ALL
2022Q4,ALLE
2022Q4,AMAT
2022Q4,AMCR
2022Q4,AMD
2022Q4,AME
2022Q4,AMGN
2022Q4,AMP
2022Q4,AMT
2022Q4,AMZN
2022Q4,ANET
2022Q4,ANSS
2022Q4,AON
2022Q4,AOS
2022Q4,APA
2022Q4,APD
2022Q4,APH
2022Q4,APTV
2022Q4,ARE
2022Q4,ATO
2022Q4,ATVI
2022Q4,AVB
2022Q4,AVGO
2022Q4,AVY
2022Q4,AWK
2022Q4,AXP
2022Q4,AZO
2022Q4,BA
2022Q4,BAC
2022Q4,BALL
2022Q4,BAX
2022Q4,BBWI
2022Q4,BBY
2022Q4,BDX
2022Q4,BEN
2022Q4,BF.B
2022Q4,BIIB
2022Q4,BIO
2022Q4,BK
2022Q4,BKNG
2022Q4,BKR
2022Q4,BLK
2022Q4,BMY
2022Q4,BR
2022Q4,BRK.B
2022Q4,BRO
2022Q4,BSX
2022Q4,BWA
2022Q4,BXP
2022Q4,C
2022Q4,CAG
2022Q4,CAH
2022Q4,CARR
2022Q4,CAT
2022Q4,CB
2022Q4,CBOE
2022Q4,CBRE
2022Q4,CCI
2022Q4,CCL
2022Q4,CDAY
2022Q4,CDNS
2022Q4,CDW
2022Q4,CE
2022Q4,CEG
2022Q4,CF
2022Q4,CFG
2022Q4,CHD
2022Q4,CHRW
2022Q4,CHTR
2022Q4,CI
2022Q4,CINF
2022Q4,CL
2022Q4,CLX
2022Q4,CMA
2022Q4,CMCSA
2022Q4,CME
2022Q4,CMG
2022Q4,CMI
2022Q4,CMS
2022Q4,CNC
2022Q4,CNP
2022Q4,COF
2022Q4,COO
2022Q4,COP
2022Q4,COST
2022Q4,CPB
2022Q4,CPRT
2022Q4,CPT
2022Q4,CRL
2022Q4,CRM
2022Q4,CSCO
2022Q4,CSGP
2022Q4,CSX
2022Q4,CTAS
2022Q4,CTLT
2022Q4,CTRA
2022Q4,CTSH
2022Q4,CTVA
2022Q4,CVS
2022Q4,CVX
2022Q4,CZR
2022Q4,D
2022Q4,DAL
2022Q4,DD
2022Q4,DE
2022Q4,DFS
2022Q4,DG
2022Q4,DGX
2022Q4,DHI
2022Q4,DHR
2022Q4,DIS
2022Q4,DISH
2022Q4,DLR
2022Q4,DLTR
2022Q4,DOV
2022Q4,DOW
2022Q4,DPZ
2022Q4,DRI
2022Q4,DTE
2022Q4,DUK
2022Q4,DVA
2022Q4,DVN
2022Q4,DXC
2022Q4,DXCM
2022Q4,EA
2022Q4,EBAY
2022Q4,ECL
2022Q4,ED
2022Q4,EFX
2022Q4,EIX
2022Q4,EL
2022Q4,ELV
2022Q4,EMN
2022Q4,EMR
2022Q4,ENPH
2022Q4,EOG
2022Q4,EPAM
2022Q4,EQIX
2022Q4,EQR
2022Q4,EQT
2022Q4,ES
2022Q4,ESS
2022Q4,ETN
2022Q4,ETR
2022Q4,ETSY
2022Q4,EVRG
2022Q4,EW
2022Q4,EXC
2022Q4,EXPD
2022Q4,EXPE
2022Q4,EXR
2022Q4,F
2022Q4,FANG
2022Q4,FAST
2022Q4,FBHS
2022Q4,FCX
2022Q4,FDS
2022Q4,FDX
2022Q4,FE
2022Q4,FFIV
2022Q4,FIS
2022Q4,FISV
2022Q4,FITB
2022Q4,FLT
2022Q4,FMC
2022Q4,FOX
2022Q4,FOXA
2022Q4,FRC
2022Q4,FRT
2022Q4,FTNT
2022Q4,FTV
2022Q4,GD
2022Q4,GE
2022Q4,GILD
2022Q4,GIS
2022Q4,GL
2022Q4,GLW
2022Q4,GM
2022Q4,GNRC
2022Q4,GOOG
2022Q4,GOOGL
2022Q4,GPC
2022Q4,GPN
2022Q4,GRMN
2022Q4,GS
2022Q4,GWW
2022Q4,HAL
2022Q4,HAS
2022Q4,HBAN
2022Q4,HCA
2022Q4,HD
2022Q4,HES
2022Q4,HIG
2022Q4,HII
2022Q4,HLT
2022Q4,HOLX
2022Q4,HON
2022Q4,HPE
2022Q4,HPQ
2022Q4,HRL
2022Q4,HSIC
2022Q4,HST
2022Q4,HSY
2022Q4,HUM
2022Q4,HWM
2022Q4,IBM
2022Q4,ICE
2022Q4,IDXX
2022Q4,IEX
2022Q4,IFF
2022Q4,ILMN
2022Q4,INCY
2022Q4,INTC
2022Q4,INTU
2022Q4,INVH
2022Q4,IP
2022Q4,IPG
2022Q4,IQV
2022Q4,IR
2022Q4,IRM
2022Q4,ISRG
2022Q4,IT
2022Q4,ITW
2022Q4,IVZ
2022Q4,J
2022Q4,JBHT
2022Q4,JCI
2022Q4,JKHY
2022Q4,JNJ
2022Q4,JNPR
2022Q4,JPM
2022Q4,K
2022Q4,KDP
2022Q4,KEY
2022Q4,KEYS
2022Q4,KHC
2022Q4,KIM
2022Q4,KLAC
2022Q4,KMB
2022Q4,KMI
2022Q4,KMX
2022Q4,KO
2022Q4,KR
2022Q4,L
2022Q4,LDOS
2022Q4,LEN
2022Q4,LH
2022Q4,LHX
2022Q4,LIN
2022Q4,LKQ
2022Q4,LLY
2022Q4,LMT
2022Q4,LNC
2022Q4,LNT
2022Q4,LOW
2022Q4,LRCX
2022Q4,LUMN
2022Q4,LUV
2022Q4,LVS
2022Q4,LW
2022Q4,LYB
2022Q4,LYV
2022Q4,MA
2022Q4,MAA
2022Q4,MAR
2022Q4,MAS
2022Q4,MCD
2022Q4,MCHP
2022Q4,MCK
2022Q4,MCO
2022Q4,MDLZ
2022Q4,MDT
2022Q4,MET
2022Q4,META
2022Q4,MGM
2022Q4,MHK
2022Q4,MKC
2022Q4,MKTX
2022Q4,MLM
2022Q4,MMC
2022Q4,MMM
2022Q4,MNST
2022Q4,MO
2022Q4,MOH
2022Q4,MOS
2022Q4,MPC
2022Q4,MPWR
2022Q4,MRK
2022Q4,MRNA
2022Q4,MRO
2022Q4,MS
2022Q4,MSCI
2022Q4,MSFT
2022Q4,MSI
2022Q4,MTB
2022Q4,MTCH
2022Q4,MTD
2022Q4,MU
2022Q4,NCLH
2022Q4,NDAQ
2022Q4,NDSN
2022Q4,NEE
2022Q4,NEM
2022Q4,NFLX
2022Q4,NI
2022Q4,NKE
2022Q4,NLOK
2022Q4,NLSN
2022Q4,NOC
2022Q4,NOW
2022Q4,NRG
2022Q4,NSC
2022Q4,NTAP
2022Q4,NTRS
2022Q4,NUE
2022Q4,NVDA
2022Q4,NVR
2022Q4,NWL
2022Q4,NWS
2022Q4,NWSA
2022Q4,NXPI
2022Q4,O
2022Q4,ODFL
2022Q4,OGN
2022Q4,OKE
2022Q4,OMC
2022Q4,ON
2022Q4,ORCL
2022Q4,ORLY
2022Q4,OTIS
2022Q4,OXY
2022Q4,PARA
2022Q4,PAYC
2022Q4,PAYX
2022Q4,PCAR
2022Q4,PCG
2022Q4,PEAK
2022Q4,PEG
2022Q4,PEP
2022Q4,PFE
2022Q4,PFG
2022Q4,PG
2022Q4,PGR
2022Q4,PH
2022Q4,PHM
2022Q4,PKG
2022Q4,PKI
2022Q4,PLD
2022Q4,PM
2022Q4,PNC
2022Q4,PNR
2022Q4,PNW
2022Q4,POOL
2022Q4,PPG
2022Q4,PPL
2022Q4,PRU
2022Q4,PSA
2022Q4,PSX
2022Q4,PTC
2022Q4,PWR
2022Q4,PXD
2022Q4,PYPL
2022Q4,QCOM
2022Q4,QRVO
2022Q4,RCL
2022Q4,RE
2022Q4,REG
2022Q4,REGN
2022Q4,RF
2022Q4,RHI
2022Q4,RJF
2022Q4,RL
2022Q4,RMD
2022Q4,ROK
2022Q4,ROL
2022Q4,ROP
2022Q4,ROST
2022Q4,RSG
2022Q4,RTX
2022Q4,SBAC
2022Q4,SBNY
2022Q4,SBUX
2022Q4,SCHW
2022Q4,SEDG
2022Q4,SEE
2022Q4,SHW
2022Q4,SIVB
2022Q4,SJM
2022Q4,SLB
2022Q4,SNA
2022Q4,SNPS
2022Q4,SO
2022Q4,SPG
2022Q4,SPGI
2022Q4,SRE
2022Q4,STE
2022Q4,STT
2022Q4,STX
2022Q4,STZ
2022Q4,SWK
2022Q4,SWKS
2022Q4,SYF
2022Q4,SYK
2022Q4,SYY
2022Q4,T
2022Q4,TAP
2022Q4,TDG
2022Q4,TDY
2022Q4,TECH
2022Q4,TEL
2022Q4,TER
2022Q4,TFC
2022Q4,TFX
2022Q4,TGT
2022Q4,TJX
2022Q4,TMO
2022Q4,TMUS
2022Q4,TPR
2022Q4,TRMB
2022Q4,TROW
2022Q4,TRV
2022Q4,TSCO
2022Q4,TSLA
2022Q4,TSN
2022Q4,TT
2022Q4,TTWO
2022Q4,TWTR
2022Q4,TXN
2022Q4,TXT
2022Q4,TYL
2022Q4,UAL
2022Q4,UDR
2022Q4,UHS
2022Q4,ULTA
2022Q4,UNH
2022Q4,UNP
2022Q4,UPS
2022Q4,URI
2022Q4,USB
2022Q4,V
2022Q4,VFC
2022Q4,VICI
2022Q4,VLO
2022Q4,VMC
2022Q4,VNO
2022Q4,VRSK
2022Q4,VRSN
2022Q4,VRTX
2022Q4,VTR
2022Q4,VTRS
2022Q4,VZ
2022Q4,WAB
2022Q4,WAT
2022Q4,WBA
2022Q4,WBD
2022Q4,WDC
2022Q4,WEC
2022Q4,WELL
2022Q4,WFC
2022Q4,WHR
2022Q4,WM
2022Q4,WMB
2022Q4,WMT
2022Q4,WRB
2022Q4,WRK
2022Q4,WST
2022Q4,WTW
2022Q4,WY
2022Q4,WYNN
2022Q4,XEL
2022Q4,XOM
2022Q4,XRAY
2022Q4,XYL
2022Q4,YUM
2022Q4,ZBH
2022Q4,ZBRA
2022Q4,ZION
2022Q4,ZTS
2023Q1,A
2023Q1,AAL
2023Q1,AAP
2023Q1,AAPL
2023Q1,ABBV
2023Q1,ABC
2023Q1,ABT
2023Q1,ACGL
2023Q1,ACN
2023Q1,ADBE
2023Q1,ADI
2023Q1,ADM
2023Q1,ADP
2023Q1,ADSK
2023Q1,AEE
2023Q1,AEP
2023Q1,AES
2023Q1,AFL
2023Q1,AIG
2023Q1,AIZ
2023Q1,AJG
2023Q1,AKAM
2023Q1,ALB
2023Q1,ALGN
2023Q1,ALK
2023Q1,ALL
2023Q1,ALLE
2023Q1,AMAT
2023Q1,AMCR
2023Q1,AMD
2023Q1,AME
2023Q1,AMGN
2023Q1,AMP
2023Q1,AMT
2023Q1,AMZN
2023Q1,ANET
2023Q1,ANSS
2023Q1,AON
2023Q1,AOS
2023Q1,APA
2023Q1,APD
2023Q1,APH
2023Q1,APTV
2023Q1,ARE
2023Q1,ATO
2023Q1,ATVI
2023Q1,AVB
2023Q1,AVGO
2023Q1,AVY
2023Q1,AWK
2023Q1,AXP
2023Q1,AZO
2023Q1,BA
2023Q1,BAC
2023Q1,BALL
2023Q1,BAX
2023Q1,BBWI
2023Q1,BBY
2023Q1,BDX
2023Q1,BEN
2023Q1,BF.B
2023Q1,BIIB
2023Q1,BIO
2023Q1,BK
2023Q1,BKNG
2023Q1,BKR
2023Q1,BLK
2023Q1,BMY
2023Q1,BR
2023Q1,BRK.B
2023Q1,BRO
2023Q1,BSX
2023Q1,BWA
2023Q1,BXP
2023Q1,C
2023Q1,CAG
2023Q1,CAH
2023Q1,CARR
2023Q1,CAT
2023Q1,CB
2023Q1,CBOE
2023Q1,CBRE
2023Q1,CCI
2023Q1,CCL
2023Q1,CDAY
2023Q1,CDNS
2023Q1,CDW
2023Q1,CE
2023Q1,CEG
2023Q1,CF
2023Q1,CFG
2023Q1,CHD
2023Q1,CHRW
2023Q1,CHTR
2023Q1,CI
2023Q1,CINF
2023Q1,CL
2023Q1,CLX
2023Q1,CMA
2023Q1,CMCSA
2023Q1,CME
2023Q1,CMG
2023Q1,CMI
2023Q1,CMS
2023Q1,CNC
2023Q1,CNP
2023Q1,COF
2023Q1,COO
2023Q1,COP
2023Q1,COST
2023Q1,CPB
2023Q1,CPRT
2023Q1,CPT
2023Q1,CRL
2023Q1,CRM
2023Q1,CSCO
2023Q1,CSGP
2023Q1,CSX
2023Q1,CTAS
2023Q1,CTLT
2023Q1,CTRA
2023Q1,CTSH
2023Q1,CTVA
2023Q1,CVS
2023Q1,CVX
2023Q1,CZR
2023Q1,D
2023Q1,DAL
2023Q1,DD
2023Q1,DE
2023Q1,DFS
2023Q1,DG
2023Q1,DGX
2023Q1,DHI
2023Q1,DHR
2023Q1,DIS
2023Q1,DISH
2023Q1,DLR
2023Q1,DLTR
2023Q1,DOV
2023Q1,DOW
2023Q1,DPZ
2023Q1,DRI
2023Q1,DTE
2023Q1,DUK
2023Q1,DVA
2023Q1,DVN
2023Q1,DXC
2023Q1,DXCM
2023Q1,EA
2023Q1,EBAY
2023Q1,ECL
2023Q1,ED
2023Q1,EFX
2023Q1,EIX
2023Q1,EL
2023Q1,ELV
2023Q1,EMN
2023Q1,EMR
2023Q1,ENPH
2023Q1,EOG
2023Q1,EPAM
2023Q1,EQIX
2023Q1,EQR
2023Q1,EQT
2023Q1,ES
2023Q1,ESS
2023Q1,ETN
2023Q1,ETR
2023Q1,ETSY
2023Q1,EVRG
2023Q1,EW
2023Q1,EXC
2023Q1,EXPD
2023Q1,EXPE
2023Q1,EXR
2023Q1,F
2023Q1,FANG
2023Q1,FAST
2023Q1,FCX
2023Q1,FDS
2023Q1,FDX
2023Q1,FE
2023Q1,FFIV
2023Q1,FIS
2023Q1,FISV
2023Q1,FITB
2023Q1,FLT
2023Q1,FMC
2023Q1,FOX
2023Q1,FOXA
2023Q1,FRC
2023Q1,FRT
2023Q1,FSLR
2023Q1,FTNT
2023Q1,FTV
2023Q1,GD
2023Q1,GE
2023Q1,GEHC
2023Q1,GEN
2023Q1,GILD
2023Q1,GIS
2023Q1,GL
2023Q1,GLW
2023Q1,GM
2023Q1,GNRC
2023Q1,GOOG
2023Q1,GOOGL
2023Q1,GPC
2023Q1,GPN
2023Q1,GRMN
2023Q1,GS
2023Q1,GWW
2023Q1,HAL
2023Q1,HAS
2023Q1,HBAN
2023Q1,HCA
2023Q1,HD
2023Q1,HES
2023Q1,HIG
2023Q1,HII
2023Q1,HLT
2023Q1,HOLX
2023Q1,HON
2023Q1,HPE
2023Q1,HPQ
2023Q1,HRL
2023Q1,HSIC
2023Q1,HST
2023Q1,HSY
2023Q1,HUM
2023Q1,HWM
2023Q1,IBM
2023Q1,ICE
2023Q1,IDXX
2023Q1,IEX
2023Q1,IFF
2023Q1,ILMN
2023Q1,INCY
2023Q1,INTC
2023Q1,INTU
2023Q1,INVH
2023Q1,IP
2023Q1,IPG
2023Q1,IQV
2023Q1,IR
2023Q1,IRM
2023Q1,ISRG
2023Q1,IT
2023Q1,ITW
2023Q1,IVZ
2023Q1,J
2023Q1,JBHT
2023Q1,JCI
2023Q1,JKHY
2023Q1,JNJ
2023Q1,JNPR
2023Q1,JPM
2023Q1,K
2023Q1,KDP
2023Q1,KEY
2023Q1,KEYS
2023Q1,KHC
2023Q1,KIM
2023Q1,KLAC
2023Q1,KMB
2023Q1,KMI
2023Q1,KMX
2023Q1,KO
2023Q1,KR
2023Q1,L
2023Q1,LDOS
2023Q1,LEN
2023Q1,LH
2023Q1,LHX
2023Q1,LIN
2023Q1,LKQ
2023Q1,LLY
2023Q1,LMT
2023Q1,LNC
2023Q1,LNT
2023Q1,LOW
2023Q1,LRCX
2023Q1,LUMN
2023Q1,LUV
2023Q1,LVS
2023Q1,LW
2023Q1,LYB
2023Q1,LYV
2023Q1,MA
2023Q1,MAA
2023Q1,MAR
2023Q1,MAS
2023Q1,MCD
2023Q1,MCHP
2023Q1,MCK
2023Q1,MCO
2023Q1,MDLZ
2023Q1,MDT
2023Q1,MET
2023Q1,META
2023Q1,MGM
2023Q1,MHK
2023Q1,MKC
2023Q1,MKTX
2023Q1,MLM
2023Q1,MMC
2023Q1,MMM
2023Q1,MNST
2023Q1,MO
2023Q1,MOH
2023Q1,MOS
2023Q1,MPC
2023Q1,MPWR
2023Q1,MRK
2023Q1,MRNA
2023Q1,MRO
2023Q1,MS
2023Q1,MSCI
2023Q1,MSFT
2023Q1,MSI
2023Q1,MTB
2023Q1,MTCH
2023Q1,MTD
2023Q1,MU
2023Q1,NCLH
2023Q1,NDAQ
2023Q1,NDSN
2023Q1,NEE
2023Q1,NEM
2023Q1,NFLX
2023Q1,NI
2023Q1,NKE
2023Q1,NOC
2023Q1,NOW
2023Q1,NRG
2023Q1,NSC
2023Q1,NTAP
2023Q1,NTRS
2023Q1,NUE
2023Q1,NVDA
2023Q1,NVR
2023Q1,NWL
2023Q1,NWS
2023Q1,NWSA
2023Q1,NXPI
2023Q1,O
2023Q1,ODFL
2023Q1,OGN
2023Q1,OKE
2023Q1,OMC
2023Q1,ON
2023Q1,ORCL
2023Q1,ORLY
2023Q1,OTIS
2023Q1,OXY
2023Q1,PARA
2023Q1,PAYC
2023Q1,PAYX
2023Q1,PCAR
2023Q1,PCG
2023Q1,PEAK
2023Q1,PEG
2023Q1,PEP
2023Q1,PFE
2023Q1,PFG
2023Q1,PG
2023Q1,PGR
2023Q1,PH
2023Q1,PHM
2023Q1,PKG
2023Q1,PKI
2023Q1,PLD
2023Q1,PM
2023Q1,PNC
2023Q1,PNR
2023Q1,PNW
2023Q1,POOL
2023Q1,PPG
2023Q1,PPL
2023Q1,PRU
2023Q1,PSA
2023Q1,PSX
2023Q1,PTC
2023Q1,PWR
2023Q1,PXD
2023Q1,PYPL
2023Q1,QCOM
2023Q1,QRVO
2023Q1,RCL
2023Q1,RE
2023Q1,REG
2023Q1,REGN
2023Q1,RF
2023Q1,RHI
2023Q1,RJF
2023Q1,RL
2023Q1,RMD
2023Q1,ROK
2023Q1,ROL
2023Q1,ROP
2023Q1,ROST
2023Q1,RSG
2023Q1,RTX
2023Q1,SBAC
2023Q1,SBNY
2023Q1,SBUX
2023Q1,SCHW
2023Q1,SEDG
2023Q1,SEE
2023Q1,SHW
2023Q1,SIVB
2023Q1,SJM
2023Q1,SLB
2023Q1,SNA
2023Q1,SNPS
2023Q1,SO
2023Q1,SPG
2023Q1,SPGI
2023Q1,SRE
2023Q1,STE
2023Q1,STLD
2023Q1,STT
2023Q1,STX
2023Q1,STZ
2023Q1,SWK
2023Q1,SWKS
2023Q1,SYF
2023Q1,SYK
2023Q1,SYY
2023Q1,T
2023Q1,TAP
2023Q1,TDG
2023Q1,TDY
2023Q1,TECH
2023Q1,TEL
2023Q1,TER
2023Q1,TFC
2023Q1,TFX
2023Q1,TGT
2023Q1,TJX
2023Q1,TMO
2023Q1,TMUS
2023Q1,TPR
2023Q1,TRGP
2023Q1,TRMB
2023Q1,TROW
2023Q1,TRV
2023Q1,TSCO
2023Q1,TSLA
2023Q1,TSN
2023Q1,TT
2023Q1,TTWO
2023Q1,TXN
2023Q1,TXT
2023Q1,TYL
2023Q1,UAL
2023Q1,UDR
2023Q1,UHS
2023Q1,ULTA
2023Q1,UNH
2023Q1,UNP
2023Q1,UPS
2023Q1,URI
2023Q1,USB
2023Q1,V
2023Q1,VFC
2023Q1,VICI
2023Q1,VLO
2023Q1,VMC
2023Q1,VRSK
2023Q1,VRSN
2023Q1,VRTX
2023Q1,VTR
2023Q1,VTRS
2023Q1,VZ
2023Q1,WAB
2023Q1,WAT
2023Q1,WBA
2023Q1,WBD
2023Q1,WDC
2023Q1,WEC
2023Q1,WELL
2023Q1,WFC
2023Q1,WHR
2023Q1,WM
2023Q1,WMB
2023Q1,WMT
2023Q1,WRB
2023Q1,WRK
2023Q1,WST
2023Q1,WTW
2023Q1,WY
2023Q1,WYNN
2023Q1,XEL
2023Q1,XOM
2023Q1,XRAY
2023Q1,XYL
2023Q1,YUM
2023Q1,ZBH
2023Q1,ZBRA
2023Q1,ZION
2023Q1,ZTS
2023Q2,A
2023Q2,AAL
2023Q2,AAP
2023Q2,AAPL
2023Q2,ABBV
2023Q2,ABC
2023Q2,ABT
2023Q2,ACGL
2023Q2,ACN
2023Q2,ADBE
2023Q2,ADI
2023Q2,ADM
2023Q2,ADP
2023Q2,ADSK
2023Q2,AEE
2023Q2,AEP
2023Q2,AES
2023Q2,AFL
2023Q2,AIG
2023Q2,AIZ
2023Q2,AJG
2023Q2,AKAM
2023Q2,ALB
2023Q2,ALGN
2023Q2,ALK
2023Q2,ALL
2023Q2,ALLE
2023Q2,AMAT
2023Q2,AMCR
2023Q2,AMD
2023Q2,AME
2023Q2,AMGN
2023Q2,AMP
2023Q2,AMT
2023Q2,AMZN
2023Q2,ANET
2023Q2,ANSS
2023Q2,AON
2023Q2,AOS
2023Q2,APA
2023Q2,APD
2023Q2,APH
2023Q2,APTV
2023Q2,ARE
2023Q2,ATO
2023Q2,ATVI
2023Q2,AVB
2023Q2,AVGO
2023Q2,AVY
2023Q2,AWK
2023Q2,AXON
2023Q2,AXP
2023Q2,AZO
2023Q2,BA
2023Q2,BAC
2023Q2,BALL
2023Q2,BAX
2023Q2,BBWI
2023Q2,BBY
2023Q2,BDX
2023Q2,BEN
2023Q2,BF.B
2023Q2,BG
2023Q2,BIIB
2023Q2,BIO
2023Q2,BK
2023Q2,BKNG
2023Q2,BKR
2023Q2,BLK
2023Q2,BMY
2023Q2,BR
2023Q2,BRK.B
2023Q2,BRO
2023Q2,BSX
2023Q2,BWA
2023Q2,BXP
2023Q2,C
2023Q2,CAG
2023Q2,CAH
2023Q2,CARR
2023Q2,CAT
2023Q2,CB
2023Q2,CBOE
2023Q2,CBRE
2023Q2,CCI
2023Q2,CCL
2023Q2,CDAY
2023Q2,CDNS
2023Q2,CDW
2023Q2,CE
2023Q2,CEG
2023Q2,CF
2023Q2,CFG
2023Q2,CHD
2023Q2,CHRW
2023Q2,CHTR
2023Q2,CI
2023Q2,CINF
2023Q2,CL
2023Q2,CLX
2023Q2,CMA
2023Q2,CMCSA
2023Q2,CME
2023Q2,CMG
2023Q2,CMI
2023Q2,CMS
2023Q2,CNC
2023Q2,CNP
2023Q2,COF
2023Q2,COO
2023Q2,COP
2023Q2,COST
2023Q2,CPB
2023Q2,CPRT
2023Q2,CPT
2023Q2,CRL
2023Q2,CRM
2023Q2,CSCO
2023Q2,CSGP
2023Q2,CSX
2023Q2,CTAS
2023Q2,CTLT
2023Q2,CTRA
2023Q2,CTSH
2023Q2,CTVA
2023Q2,CVS
2023Q2,CVX
2023Q2,CZR
2023Q2,D
2023Q2,DAL
2023Q2,DD
2023Q2,DE
2023Q2,DFS
2023Q2,DG
2023Q2,DGX
2023Q2,DHI
2023Q2,DHR
2023Q2,DIS
2023Q2,DISH
2023Q2,DLR
2023Q2,DLTR
2023Q2,DOV
2023Q2,DOW
2023Q2,DPZ
2023Q2,DRI
2023Q2,DTE
2023Q2,DUK
2023Q2,DVA
2023Q2,DVN
2023Q2,DXC
2023Q2,DXCM
2023Q2,EA
2023Q2,EBAY
2023Q2,ECL
2023Q2,ED
2023Q2,EFX
2023Q2,EIX
2023Q2,EL
2023Q2,ELV
2023Q2,EMN
2023Q2,EMR
2023Q2,ENPH
2023Q2,EOG
2023Q2,EPAM
2023Q2,EQIX
2023Q2,EQR
2023Q2,EQT
2023Q2,ES
2023Q2,ESS
2023Q2,ETN
2023Q2,ETR
2023Q2,ETSY
2023Q2,EVRG
2023Q2,EW
2023Q2,EXC
2023Q2,EXPD
2023Q2,EXPE
2023Q2,EXR
2023Q2,F
2023Q2,FANG
2023Q2,FAST
2023Q2,FCX
2023Q2,FDS
2023Q2,FDX
2023Q2,FE
2023Q2,FFIV
2023Q2,FICO
2023Q2,FIS
2023Q2,FISV
2023Q2,FITB
2023Q2,FLT
2023Q2,FMC
2023Q2,FOX
2023Q2,FOXA
2023Q2,FRT
2023Q2,FSLR
2023Q2,FTNT
2023Q2,FTV
2023Q2,GD
2023Q2,GE
2023Q2,GEHC
2023Q2,GEN
2023Q2,GILD
2023Q2,GIS
2023Q2,GL
2023Q2,GLW
2023Q2,GM
2023Q2,GNRC
2023Q2,GOOG
2023Q2,GOOGL
2023Q2,GPC
2023Q2,GPN
2023Q2,GRMN
2023Q2,GS
2023Q2,GWW
2023Q2,HAL
2023Q2,HAS
2023Q2,HBAN
2023Q2,HCA
2023Q2,HD
2023Q2,HES
2023Q2,HIG
2023Q2,HII
2023Q2,HLT
2023Q2,HOLX
2023Q2,HON
2023Q2,HPE
2023Q2,HPQ
2023Q2,HRL
2023Q2,HSIC
2023Q2,HST
2023Q2,HSY
2023Q2,HUM
2023Q2,HWM
2023Q2,IBM
2023Q2,ICE
2023Q2,IDXX
2023Q2,IEX
2023Q2,IFF
2023Q2,ILMN
2023Q2,INCY
2023Q2,INTC
2023Q2,INTU
2023Q2,INVH
2023Q2,IP
2023Q2,IPG
2023Q2,IQV
2023Q2,IR
2023Q2,IRM
2023Q2,ISRG
2023Q2,IT
2023Q2,ITW
2023Q2,IVZ
2023Q2,J
2023Q2,JBHT
2023Q2,JCI
2023Q2,JKHY
2023Q2,JNJ
2023Q2,JNPR
2023Q2,JPM
2023Q2,K
2023Q2,KDP
2023Q2,KEY
2023Q2,KEYS
2023Q2,KHC
2023Q2,KIM
2023Q2,KLAC
2023Q2,KMB
2023Q2,KMI
2023Q2,KMX
2023Q2,KO
2023Q2,KR
2023Q2,L
2023Q2,LDOS
2023Q2,LEN
2023Q2,LH
2023Q2,LHX
2023Q2,LIN
2023Q2,LKQ
2023Q2,LLY
2023Q2,LMT
2023Q2,LNC
2023Q2,LNT
2023Q2,LOW
2023Q2,LRCX
2023Q2,LUV
2023Q2,LVS
2023Q2,LW
2023Q2,LYB
2023Q2,LYV
2023Q2,MA
2023Q2,MAA
2023Q2,MAR
2023Q2,MAS
2023Q2,MCD
2023Q2,MCHP
2023Q2,MCK
2023Q2,MCO
2023Q2,MDLZ
2023Q2,MDT
2023Q2,MET
2023Q2,META
2023Q2,MGM
2023Q2,MHK
2023Q2,MKC
2023Q2,MKTX
2023Q2,MLM
2023Q2,MMC
2023Q2,MMM
2023Q2,MNST
2023Q2,MO
2023Q2,MOH
2023Q2,MOS
2023Q2,MPC
2023Q2,MPWR
2023Q2,MRK
2023Q2,MRNA
2023Q2,MRO
2023Q2,MS
2023Q2,MSCI
2023Q2,MSFT
2023Q2,MSI
2023Q2,MTB
2023Q2,MTCH
2023Q2,MTD
2023Q2,MU
2023Q2,NCLH
2023Q2,NDAQ
2023Q2,NDSN
2023Q2,NEE
2023Q2,NEM
2023Q2,NFLX
2023Q2,NI
2023Q2,NKE
2023Q2,NOC
2023Q2,NOW
2023Q2,NRG
2023Q2,NSC
2023Q2,NTAP
2023Q2,NTRS
2023Q2,NUE
2023Q2,NVDA
2023Q2,NVR
2023Q2,NWL
2023Q2,NWS
2023Q2,NWSA
2023Q2,NXPI
2023Q2,O
2023Q2,ODFL
2023Q2,OGN
2023Q2,OKE
2023Q2,OMC
2023Q2,ON
2023Q2,ORCL
2023Q2,ORLY
2023Q2,OTIS
2023Q2,OXY
2023Q2,PARA
2023Q2,PAYC
2023Q2,PAYX
2023Q2,PCAR
2023Q2,PCG
2023Q2,PEAK
2023Q2,PEG
2023Q2,PEP
2023Q2,PFE
2023Q2,PFG
2023Q2,PG
2023Q2,PGR
2023Q2,PH
2023Q2,PHM
2023Q2,PKG
2023Q2,PKI
2023Q2,PLD
2023Q2,PM
2023Q2,PNC
2023Q2,PNR
2023Q2,PNW
2023Q2,PODD
2023Q2,POOL
2023Q2,PPG
2023Q2,PPL
2023Q2,PRU
2023Q2,PSA
2023Q2,PSX
2023Q2,PTC
2023Q2,PWR
2023Q2,PXD
2023Q2,PYPL
2023Q2,QCOM
2023Q2,QRVO
2023Q2,RCL
2023Q2,RE
2023Q2,REG
2023Q2,REGN
2023Q2,RF
2023Q2,RHI
2023Q2,RJF
2023Q2,RL
2023Q2,RMD
2023Q2,ROK
2023Q2,ROL
2023Q2,ROP
2023Q2,ROST
2023Q2,RSG
2023Q2,RTX
2023Q2,SBAC
2023Q2,SBUX
2023Q2,SCHW
2023Q2,SEDG
2023Q2,SEE
2023Q2,SHW
2023Q2,SJM
2023Q2,SLB
2023Q2,SNA
2023Q2,SNPS
2023Q2,SO
2023Q2,SPG
2023Q2,SPGI
2023Q2,SRE
2023Q2,STE
2023Q2,STLD
2023Q2,STT
2023Q2,STX
2023Q2,STZ
2023Q2,SWK
2023Q2,SWKS
2023Q2,SYF
2023Q2,SYK
2023Q2,SYY
2023Q2,T
2023Q2,TAP
2023Q2,TDG
2023Q2,TDY
2023Q2,TECH
2023Q2,TEL
2023Q2,TER
2023Q2,TFC
2023Q2,TFX
2023Q2,TGT
2023Q2,TJX
2023Q2,TMO
2023Q2,TMUS
2023Q2,TPR
2023Q2,TRGP
2023Q2,TRMB
2023Q2,TROW
2023Q2,TRV
2023Q2,TSCO
2023Q2,TSLA
2023Q2,TSN
2023Q2,TT
2023Q2,TTWO
2023Q2,TXN
2023Q2,TXT
2023Q2,TYL
2023Q2,UAL
2023Q2,UDR
2023Q2,UHS
2023Q2,ULTA
2023Q2,UNH
2023Q2,UNP
2023Q2,UPS
2023Q2,URI
2023Q2,USB
2023Q2,V
2023Q2,VFC
2023Q2,VICI
2023Q2,VLO
2023Q2,VMC
2023Q2,VRSK
2023Q2,VRSN
2023Q2,VRTX
2023Q2,VTR
2023Q2,VTRS
2023Q2,VZ
2023Q2,WAB
2023Q2,WAT
2023Q2,WBA
2023Q2,WBD
2023Q2,WDC
2023Q2,WEC
2023Q2,WELL
2023Q2,WFC
2023Q2,WHR
2023Q2,WM
2023Q2,WMB
2023Q2,WMT
2023Q2,WRB
2023Q2,WRK
2023Q2,WST
2023Q2,WTW
2023Q2,WY
2023Q2,WYNN
2023Q2,XEL
2023Q2,XOM
2023Q2,XRAY
2023Q2,XYL
2023Q2,YUM
2023Q2,ZBH
2023Q2,ZBRA
2023Q2,ZION
2023Q2,ZTS
2023Q3,A
2023Q3,AAL
2023Q3,AAP
2023Q3,AAPL
2023Q3,ABBV
2023Q3,ABC
2023Q3,ABT
2023Q3,ACGL
2023Q3,ACN
2023Q3,ADBE
2023Q3,ADI
2023Q3,ADM
2023Q3,ADP
2023Q3,ADSK
2023Q3,AEE
2023Q3,AEP
2023Q3,AES
2023Q3,AFL
2023Q3,AIG
2023Q3,AIZ
2023Q3,AJG
2023Q3,AKAM
2023Q3,ALB
2023Q3,ALGN
2023Q3,ALK
2023Q3,ALL
2023Q3,ALLE
2023Q3,AMAT
2023Q3,AMCR
2023Q3,AMD
2023Q3,AME
2023Q3,AMGN
2023Q3,AMP
2023Q3,AMT
2023Q3,AMZN
2023Q3,ANET
2023Q3,ANSS
2023Q3,AON
2023Q3,AOS
2023Q3,APA
2023Q3,APD
2023Q3,APH
2023Q3,APTV
2023Q3,ARE
2023Q3,ATO
2023Q3,ATVI
2023Q3,AVB
2023Q3,AVGO
2023Q3,AVY
2023Q3,AWK
2023Q3,AXON
2023Q3,AXP
2023Q3,AZO
2023Q3,BA
2023Q3,BAC
2023Q3,BALL
2023Q3,BAX
2023Q3,BBWI
2023Q3,BBY
2023Q3,BDX
2023Q3,BEN
2023Q3,BF.B
2023Q3,BG
2023Q3,BIIB
2023Q3,BIO
2023Q3,BK
2023Q3,BKNG
2023Q3,BKR
2023Q3,BLK
2023Q3,BMY
2023Q3,BR
2023Q3,BRK.B
2023Q3,BRO
2023Q3,BSX
2023Q3,BWA
2023Q3,BXP
2023Q3,C
2023Q3,CAG
2023Q3,CAH
2023Q3,CARR
2023Q3,CAT
2023Q3,CB
2023Q3,CBOE
2023Q3,CBRE
2023Q3,CCI
2023Q3,CCL
2023Q3,CDAY
2023Q3,CDNS
2023Q3,CDW
2023Q3,CE
2023Q3,CEG
2023Q3,CF
2023Q3,CFG
2023Q3,CHD
2023Q3,CHRW
2023Q3,CHTR
2023Q3,CI
2023Q3,CINF
2023Q3,CL
2023Q3,CLX
2023Q3,CMA
2023Q3,CMCSA
2023Q3,CME
2023Q3,CMG
2023Q3,CMI
2023Q3,CMS
2023Q3,CNC
2023Q3,CNP
2023Q3,COF
2023Q3,COO
2023Q3,COP
2023Q3,COST
2023Q3,CPB
2023Q3,CPRT
2023Q3,CPT
2023Q3,CRL
2023Q3,CRM
2023Q3,CSCO
2023Q3,CSGP
2023Q3,CSX
2023Q3,CTAS
2023Q3,CTLT
2023Q3,CTRA
2023Q3,CTSH
2023Q3,CTVA
2023Q3,CVS
2023Q3,CVX
2023Q3,CZR
2023Q3,D
2023Q3,DAL
2023Q3,DD
2023Q3,DE
2023Q3,DFS
2023Q3,DG
2023Q3,DGX
2023Q3,DHI
2023Q3,DHR
2023Q3,DIS
2023Q3,DLR
2023Q3,DLTR
2023Q3,DOV
2023Q3,DOW
2023Q3,DPZ
2023Q3,DRI
2023Q3,DTE
2023Q3,DUK
2023Q3,DVA
2023Q3,DVN
2023Q3,DXC
2023Q3,DXCM
2023Q3,EA
2023Q3,EBAY
2023Q3,ECL
2023Q3,ED
2023Q3,EFX
2023Q3,EG
2023Q3,EIX
2023Q3,EL
2023Q3,ELV
2023Q3,EMN
2023Q3,EMR
2023Q3,ENPH
2023Q3,EOG
2023Q3,EPAM
2023Q3,EQIX
2023Q3,EQR
2023Q3,EQT
2023Q3,ES
2023Q3,ESS
2023Q3,ETN
2023Q3,ETR
2023Q3,ETSY
2023Q3,EVRG
2023Q3,EW
2023Q3,EXC
2023Q3,EXPD
2023Q3,EXPE
2023Q3,EXR
2023Q3,F
2023Q3,FANG
2023Q3,FAST
2023Q3,FCX
2023Q3,FDS
2023Q3,FDX
2023Q3,FE
2023Q3,FFIV
2023Q3,FI
2023Q3,FICO
2023Q3,FIS
2023Q3,FITB
2023Q3,FLT
2023Q3,FMC
2023Q3,FOX
2023Q3,FOXA
2023Q3,FRT
2023Q3,FSLR
2023Q3,FTNT
2023Q3,FTV
2023Q3,GD
2023Q3,GE
2023Q3,GEHC
2023Q3,GEN
2023Q3,GILD
2023Q3,GIS
2023Q3,GL
2023Q3,GLW
2023Q3,GM
2023Q3,GNRC
2023Q3,GOOG
2023Q3,GOOGL
2023Q3,GPC
2023Q3,GPN
2023Q3,GRMN
2023Q3,GS
2023Q3,GWW
2023Q3,HAL
2023Q3,HAS
2023Q3,HBAN
2023Q3,HCA
2023Q3,HD
2023Q3,HES
2023Q3,HIG
2023Q3,HII
2023Q3,HLT
2023Q3,HOLX
2023Q3,HON
2023Q3,HPE
2023Q3,HPQ
2023Q3,HRL
2023Q3,HSIC
2023Q3,HST
2023Q3,HSY
2023Q3,HUM
2023Q3,HWM
2023Q3,IBM
2023Q3,ICE
2023Q3,IDXX
2023Q3,IEX
2023Q3,IFF
2023Q3,ILMN
2023Q3,INCY
2023Q3,INTC
2023Q3,INTU
2023Q3,INVH
2023Q3,IP
2023Q3,IPG
2023Q3,IQV
2023Q3,IR
2023Q3,IRM
2023Q3,ISRG
2023Q3,IT
2023Q3,ITW
2023Q3,IVZ
2023Q3,J
2023Q3,JBHT
2023Q3,JCI
2023Q3,JKHY
2023Q3,JNJ
2023Q3,JNPR
2023Q3,JPM
2023Q3,K
2023Q3,KDP
2023Q3,KEY
2023Q3,KEYS
2023Q3,KHC
2023Q3,KIM
2023Q3,KLAC
2023Q3,KMB
2023Q3,KMI
2023Q3,KMX
2023Q3,KO
2023Q3,KR
2023Q3,L
2023Q3,LDOS
2023Q3,LEN
2023Q3,LH
2023Q3,LHX
2023Q3,LIN
2023Q3,LKQ
2023Q3,LLY
2023Q3,LMT
2023Q3,LNC
2023Q3,LNT
2023Q3,LOW
2023Q3,LRCX
2023Q3,LUV
2023Q3,LVS
2023Q3,LW
2023Q3,LYB
2023Q3,LYV
2023Q3,MA
2023Q3,MAA
2023Q3,MAR
2023Q3,MAS
2023Q3,MCD
2023Q3,MCHP
2023Q3,MCK
2023Q3,MCO
2023Q3,MDLZ
2023Q3,MDT
2023Q3,MET
2023Q3,META
2023Q3,MGM
2023Q3,MHK
2023Q3,MKC
2023Q3,MKTX
2023Q3,MLM
2023Q3,MMC
2023Q3,MMM
2023Q3,MNST
2023Q3,MO
2023Q3,MOH
2023Q3,MOS
2023Q3,MPC
2023Q3,MPWR
2023Q3,MRK
2023Q3,MRNA
2023Q3,MRO
2023Q3,MS
2023Q3,MSCI
2023Q3,MSFT
2023Q3,MSI
2023Q3,MTB
2023Q3,MTCH
2023Q3,MTD
2023Q3,MU
2023Q3,NCLH
2023Q3,NDAQ
2023Q3,NDSN
2023Q3,NEE
2023Q3,NEM
2023Q3,NFLX
2023Q3,NI
2023Q3,NKE
2023Q3,NOC
2023Q3,NOW
2023Q3,NRG
2023Q3,NSC
2023Q3,NTAP
2023Q3,NTRS
2023Q3,NUE
2023Q3,NVDA
2023Q3,NVR
2023Q3,NWL
2023Q3,NWS
2023Q3,NWSA
2023Q3,NXPI
2023Q3,O
2023Q3,ODFL
2023Q3,OGN
2023Q3,OKE
2023Q3,OMC
2023Q3,ON
2023Q3,ORCL
2023Q3,ORLY
2023Q3,OTIS
2023Q3,OXY
2023Q3,PANW
2023Q3,PARA
2023Q3,PAYC
2023Q3,PAYX
2023Q3,PCAR
2023Q3,PCG
2023Q3,PEAK
2023Q3,PEG
2023Q3,PEP
2023Q3,PFE
2023Q3,PFG
2023Q3,PG
2023Q3,PGR
2023Q3,PH
2023Q3,PHM
2023Q3,PKG
2023Q3,PLD
2023Q3,PM
2023Q3,PNC
2023Q3,PNR
2023Q3,PNW
2023Q3,PODD
2023Q3,POOL
2023Q3,PPG
2023Q3,PPL
2023Q3,PRU
2023Q3,PSA
2023Q3,PSX
2023Q3,PTC
2023Q3,PWR
2023Q3,PXD
2023Q3,PYPL
2023Q3,QCOM
2023Q3,QRVO
2023Q3,RCL
2023Q3,REG
2023Q3,REGN
2023Q3,RF
2023Q3,RHI
2023Q3,RJF
2023Q3,RL
2023Q3,RMD
2023Q3,ROK
2023Q3,ROL
2023Q3,ROP
2023Q3,ROST
2023Q3,RSG
2023Q3,RTX
2023Q3,RVTY
2023Q3,SBAC
2023Q3,SBUX
2023Q3,SCHW
2023Q3,SEDG
2023Q3,SEE
2023Q3,SHW
2023Q3,SJM
2023Q3,SLB
2023Q3,SNA
2023Q3,SNPS
2023Q3,SO
2023Q3,SPG
2023Q3,SPGI
2023Q3,SRE
2023Q3,STE
2023Q3,STLD
2023Q3,STT
2023Q3,STX
2023Q3,STZ
2023Q3,SWK
2023Q3,SWKS
2023Q3,SYF
2023Q3,SYK
2023Q3,SYY
2023Q3,T
2023Q3,TAP
2023Q3,TDG
2023Q3,TDY
2023Q3,TECH
2023Q3,TEL
2023Q3,TER
2023Q3,TFC
2023Q3,TFX
2023Q3,TGT
2023Q3,TJX
2023Q3,TMO
2023Q3,TMUS
2023Q3,TPR
2023Q3,TRGP
2023Q3,TRMB
2023Q3,TROW
2023Q3,TRV
2023Q3,TSCO
2023Q3,TSLA
2023Q3,TSN
2023Q3,TT
2023Q3,TTWO
2023Q3,TXN
2023Q3,TXT
2023Q3,TYL
2023Q3,UAL
2023Q3,UDR
2023Q3,UHS
2023Q3,ULTA
2023Q3,UNH
2023Q3,UNP
2023Q3,UPS
2023Q3,URI
2023Q3,USB
2023Q3,V
2023Q3,VFC
2023Q3,VICI
2023Q3,VLO
2023Q3,VMC
2023Q3,VRSK
2023Q3,VRSN
2023Q3,VRTX
2023Q3,VTR
2023Q3,VTRS
2023Q3,VZ
2023Q3,WAB
2023Q3,WAT
2023Q3,WBA
2023Q3,WBD
2023Q3,WDC
2023Q3,WEC
2023Q3,WELL
2023Q3,WFC
2023Q3,WHR
2023Q3,WM
2023Q3,WMB
2023Q3,WMT
2023Q3,WRB
2023Q3,WRK
2023Q3,WST
2023Q3,WTW
2023Q3,WY
2023Q3,WYNN
2023Q3,XEL
2023Q3,XOM
2023Q3,XRAY
2023Q3,XYL
2023Q3,YUM
2023Q3,ZBH
2023Q3,ZBRA
2023Q3,ZION
2023Q3,ZTS
2023Q4,A
2023Q4,AAL
2023Q4,AAPL
2023Q4,ABBV
2023Q4,ABNB
2023Q4,ABT
2023Q4,ACGL
2023Q4,ACN
2023Q4,ADBE
2023Q4,ADI
2023Q4,ADM
2023Q4,ADP
2023Q4,ADSK
2023Q4,AEE
2023Q4,AEP
2023Q4,AES
2023Q4,AFL
2023Q4,AIG
2023Q4,AIZ
2023Q4,AJG
2023Q4,AKAM
2023Q4,ALB
2023Q4,ALGN
2023Q4,ALK
2023Q4,ALL
2023Q4,ALLE
2023Q4,AMAT
2023Q4,AMCR
2023Q4,AMD
2023Q4,AME
2023Q4,AMGN
2023Q4,AMP
2023Q4,AMT
2023Q4,AMZN
2023Q4,ANET
2023Q4,ANSS
2023Q4,AON
2023Q4,AOS
2023Q4,APA
2023Q4,APD
2023Q4,APH
2023Q4,APTV
2023Q4,ARE
2023Q4,ATO
2023Q4,ATVI
2023Q4,AVB
2023Q4,AVGO
2023Q4,AVY
2023Q4,AWK
2023Q4,AXON
2023Q4,AXP
2023Q4,AZO
2023Q4,BA
2023Q4,BAC
2023Q4,BALL
2023Q4,BAX
2023Q4,BBWI
2023Q4,BBY
2023Q4,BDX
2023Q4,BEN
2023Q4,BF.B
2023Q4,BG
2023Q4,BIIB
2023Q4,BIO
2023Q4,BK
2023Q4,BKNG
2023Q4,BKR
2023Q4,BLK
2023Q4,BMY
2023Q4,BR
2023Q4,BRK.B
2023Q4,BRO
2023Q4,BSX
2023Q4,BWA
2023Q4,BX
2023Q4,BXP
2023Q4,C
2023Q4,CAG
2023Q4,CAH
2023Q4,CARR
2023Q4,CAT
2023Q4,CB
2023Q4,CBOE
2023Q4,CBRE
2023Q4,CCI
2023Q4,CCL
2023Q4,CDAY
2023Q4,CDNS
2023Q4,CDW
2023Q4,CE
2023Q4,CEG
2023Q4,CF
2023Q4,CFG
2023Q4,CHD
2023Q4,CHRW
2023Q4,CHTR
2023Q4,CI
2023Q4,CINF
2023Q4,CL
2023Q4,CLX
2023Q4,CMA
2023Q4,CMCSA
2023Q4,CME
2023Q4,CMG
2023Q4,CMI
2023Q4,CMS
2023Q4,CNC
2023Q4,CNP
2023Q4,COF
2023Q4,COO
2023Q4,COP
2023Q4,COR
2023Q4,COST
2023Q4,CPB
2023Q4,CPRT
2023Q4,CPT
2023Q4,CRL
2023Q4,CRM
2023Q4,CSCO
2023Q4,CSGP
2023Q4,CSX
2023Q4,CTAS
2023Q4,CTLT
2023Q4,CTRA
2023Q4,CTSH
2023Q4,CTVA
2023Q4,CVS
2023Q4,CVX
2023Q4,CZR
2023Q4,D
2023Q4,DAL
2023Q4,DD
2023Q4,DE
2023Q4,DFS
2023Q4,DG
2023Q4,DGX
2023Q4,DHI
2023Q4,DHR
2023Q4,DIS
2023Q4,DLR
2023Q4,DLTR
2023Q4,DOV
2023Q4,DOW
2023Q4,DPZ
2023Q4,DRI
2023Q4,DTE
2023Q4,DUK
2023Q4,DVA
2023Q4,DVN
2023Q4,DXCM
2023Q4,EA
2023Q4,EBAY
2023Q4,ECL
2023Q4,ED
2023Q4,EFX
2023Q4,EG
2023Q4,EIX
2023Q4,EL
2023Q4,ELV
2023Q4,EMN
2023Q4,EMR
2023Q4,ENPH
2023Q4,EOG
2023Q4,EPAM
2023Q4,EQIX
2023Q4,EQR
2023Q4,EQT
2023Q4,ES
2023Q4,ESS
2023Q4,ETN
2023Q4,ETR
2023Q4,ETSY
2023Q4,EVRG
2023Q4,EW
2023Q4,EXC
2023Q4,EXPD
2023Q4,EXPE
2023Q4,EXR
2023Q4,F
2023Q4,FANG
2023Q4,FAST
2023Q4,FCX
2023Q4,FDS
2023Q4,FDX
2023Q4,FE
2023Q4,FFIV
2023Q4,FI
2023Q4,FICO
2023Q4,FIS
2023Q4,FITB
2023Q4,FLT
2023Q4,FMC
2023Q4,FOX
2023Q4,FOXA
2023Q4,FRT
2023Q4,FSLR
2023Q4,FTNT
2023Q4,FTV
2023Q4,GD
2023Q4,GE
2023Q4,GEHC
2023Q4,GEN
2023Q4,GILD
2023Q4,GIS
2023Q4,GL
2023Q4,GLW
2023Q4,GM
2023Q4,GNRC
2023Q4,GOOG
2023Q4,GOOGL
2023Q4,GPC
2023Q4,GPN
2023Q4,GRMN
2023Q4,GS
2023Q4,GWW
2023Q4,HAL
2023Q4,HAS
2023Q4,HBAN
2023Q4,HCA
2023Q4,HD
2023Q4,HES
2023Q4,HIG
2023Q4,HII
2023Q4,HLT
2023Q4,HOLX
2023Q4,HON
2023Q4,HPE
2023Q4,HPQ
2023Q4,HRL
2023Q4,HSIC
2023Q4,HST
2023Q4,HSY
2023Q4,HUM
2023Q4,HWM
2023Q4,IBM
2023Q4,ICE
2023Q4,IDXX
2023Q4,IEX
2023Q4,IFF
2023Q4,ILMN
2023Q4,INCY
2023Q4,INTC
2023Q4,INTU
2023Q4,INVH
2023Q4,IP
2023Q4,IPG
2023Q4,IQV
2023Q4,IR
2023Q4,IRM
2023Q4,ISRG
2023Q4,IT
2023Q4,ITW
2023Q4,IVZ
2023Q4,J
2023Q4,JBHT
2023Q4,JCI
2023Q4,JKHY
2023Q4,JNJ
2023Q4,JNPR
2023Q4,JPM
2023Q4,K
2023Q4,KDP
2023Q4,KEY
2023Q4,KEYS
2023Q4,KHC
2023Q4,KIM
2023Q4,KLAC
2023Q4,KMB
2023Q4,KMI
2023Q4,KMX
2023Q4,KO
2023Q4,KR
2023Q4,KVUE
2023Q4,L
2023Q4,LDOS
2023Q4,LEN
2023Q4,LH
2023Q4,LHX
2023Q4,LIN
2023Q4,LKQ
2023Q4,LLY
2023Q4,LMT
2023Q4,LNT
2023Q4,LOW
2023Q4,LRCX
2023Q4,LUV
2023Q4,LVS
2023Q4,LW
2023Q4,LYB
2023Q4,LYV
2023Q4,MA
2023Q4,MAA
2023Q4,MAR
2023Q4,MAS
2023Q4,MCD
2023Q4,MCHP
2023Q4,MCK
2023Q4,MCO
2023Q4,MDLZ
2023Q4,MDT
2023Q4,MET
2023Q4,META
2023Q4,MGM
2023Q4,MHK
2023Q4,MKC
2023Q4,MKTX
2023Q4,MLM
2023Q4,MMC
2023Q4,MMM
2023Q4,MNST
2023Q4,MO
2023Q4,MOH
2023Q4,MOS
2023Q4,MPC
2023Q4,MPWR
2023Q4,MRK
2023Q4,MRNA
2023Q4,MRO
2023Q4,MS
2023Q4,MSCI
2023Q4,MSFT
2023Q4,MSI
2023Q4,MTB
2023Q4,MTCH
2023Q4,MTD
2023Q4,MU
2023Q4,NCLH
2023Q4,NDAQ
2023Q4,NDSN
2023Q4,NEE
2023Q4,NEM
2023Q4,NFLX
2023Q4,NI
2023Q4,NKE
2023Q4,NOC
2023Q4,NOW
2023Q4,NRG
2023Q4,NSC
2023Q4,NTAP
2023Q4,NTRS
2023Q4,NUE
2023Q4,NVDA
2023Q4,NVR
2023Q4,NWS
2023Q4,NWSA
2023Q4,NXPI
2023Q4,O
2023Q4,ODFL
2023Q4,OGN
2023Q4,OKE
2023Q4,OMC
2023Q4,ON
2023Q4,ORCL
2023Q4,ORLY
2023Q4,OTIS
2023Q4,OXY
2023Q4,PANW
2023Q4,PARA
2023Q4,PAYC
2023Q4,PAYX
2023Q4,PCAR
2023Q4,PCG
2023Q4,PEAK
2023Q4,PEG
2023Q4,PEP
2023Q4,PFE
2023Q4,PFG
2023Q4,PG
2023Q4,PGR
2023Q4,PH
2023Q4,PHM
2023Q4,PKG
2023Q4,PLD
2023Q4,PM
2023Q4,PNC
2023Q4,PNR
2023Q4,PNW
2023Q4,PODD
2023Q4,POOL
2023Q4,PPG
2023Q4,PPL
2023Q4,PRU
2023Q4,PSA
2023Q4,PSX
2023Q4,PTC
2023Q4,PWR
2023Q4,PXD
2023Q4,PYPL
2023Q4,QCOM
2023Q4,QRVO
2023Q4,RCL
2023Q4,REG
2023Q4,REGN
2023Q4,RF
2023Q4,RHI
2023Q4,RJF
2023Q4,RL
2023Q4,RMD
2023Q4,ROK
2023Q4,ROL
2023Q4,ROP
2023Q4,ROST
2023Q4,RSG
2023Q4,RTX
2023Q4,RVTY
2023Q4,SBAC
2023Q4,SBUX
2023Q4,SCHW
2023Q4,SEDG
2023Q4,SEE
2023Q4,SHW
2023Q4,SJM
2023Q4,SLB
2023Q4,SNA
2023Q4,SNPS
2023Q4,SO
2023Q4,SPG
2023Q4,SPGI
2023Q4,SRE
2023Q4,STE
2023Q4,STLD
2023Q4,STT
2023Q4,STX
2023Q4,STZ
2023Q4,SWK
2023Q4,SWKS
2023Q4,SYF
2023Q4,SYK
2023Q4,SYY
2023Q4,T
2023Q4,TAP
2023Q4,TDG
2023Q4,TDY
2023Q4,TECH
2023Q4,TEL
2023Q4,TER
2023Q4,TFC
2023Q4,TFX
2023Q4,TGT
2023Q4,TJX
2023Q4,TMO
2023Q4,TMUS
2023Q4,TPR
2023Q4,TRGP
2023Q4,TRMB
2023Q4,TROW
2023Q4,TRV
2023Q4,TSCO
2023Q4,TSLA
2023Q4,TSN
2023Q4,TT
2023Q4,TTWO
2023Q4,TXN
2023Q4,TXT
2023Q4,TYL
2023Q4,UAL
2023Q4,UDR
2023Q4,UHS
2023Q4,ULTA
2023Q4,UNH
2023Q4,UNP
2023Q4,UPS
2023Q4,URI
2023Q4,USB
2023Q4,V
2023Q4,VFC
2023Q4,VICI
2023Q4,VLO
2023Q4,VLTO
2023Q4,VMC
2023Q4,VRSK
2023Q4,VRSN
2023Q4,VRTX
2023Q4,VTR
2023Q4,VTRS
2023Q4,VZ
2023Q4,WAB
2023Q4,WAT
2023Q4,WBA
2023Q4,WBD
2023Q4,WDC
2023Q4,WEC
2023Q4,WELL
2023Q4,WFC
2023Q4,WHR
2023Q4,WM
2023Q4,WMB
2023Q4,WMT
2023Q4,WRB
2023Q4,WRK
2023Q4,WST
2023Q4,WTW
2023Q4,WY
2023Q4,WYNN
2023Q4,XEL
2023Q4,XOM
2023Q4,XRAY
2023Q4,XYL
2023Q4,YUM
2023Q4,ZBH
2023Q4,ZBRA
2023Q4,ZION
2023Q4,ZTS
2024Q1,A
2024Q1,AAL
2024Q1,AAPL
2024Q1,ABBV
2024Q1,ABNB
2024Q1,ABT
2024Q1,ACGL
2024Q1,ACN
2024Q1,ADBE
2024Q1,ADI
2024Q1,ADM
2024Q1,ADP
2024Q1,ADSK
2024Q1,AEE
2024Q1,AEP
2024Q1,AES
2024Q1,AFL
2024Q1,AIG
2024Q1,AIZ
2024Q1,AJG
2024Q1,AKAM
2024Q1,ALB
2024Q1,ALGN
2024Q1,ALL
2024Q1,ALLE
2024Q1,AMAT
2024Q1,AMCR
2024Q1,AMD
2024Q1,AME
2024Q1,AMGN
2024Q1,AMP
2024Q1,AMT
2024Q1,AMZN
2024Q1,ANET
2024Q1,ANSS
2024Q1,AON
2024Q1,AOS
2024Q1,APA
2024Q1,APD
2024Q1,APH
2024Q1,APTV
2024Q1,ARE
2024Q1,ATO
2024Q1,AVB
2024Q1,AVGO
2024Q1,AVY
2024Q1,AWK
2024Q1,AXON
2024Q1,AXP
2024Q1,AZO
2024Q1,BA
2024Q1,BAC
2024Q1,BALL
2024Q1,BAX
2024Q1,BBWI
2024Q1,BBY
2024Q1,BDX
2024Q1,BEN
2024Q1,BF.B
2024Q1,BG
2024Q1,BIIB
2024Q1,BIO
2024Q1,BK
2024Q1,BKNG
2024Q1,BKR
2024Q1,BLDR
2024Q1,BLK
2024Q1,BMY
2024Q1,BR
2024Q1,BRK.B
2024Q1,BRO
2024Q1,BSX
2024Q1,BWA
2024Q1,BX
2024Q1,BXP
2024Q1,C
2024Q1,CAG
2024Q1,CAH
2024Q1,CARR
2024Q1,CAT
2024Q1,CB
2024Q1,CBOE
2024Q1,CBRE
2024Q1,CCI
2024Q1,CCL
2024Q1,CDNS
2024Q1,CDW
2024Q1,CE
2024Q1,CEG
2024Q1,CF
2024Q1,CFG
2024Q1,CHD
2024Q1,CHRW
2024Q1,CHTR
2024Q1,CI
2024Q1,CINF
2024Q1,CL
2024Q1,CLX
2024Q1,CMA
2024Q1,CMCSA
2024Q1,CME
2024Q1,CMG
2024Q1,CMI
2024Q1,CMS
2024Q1,CNC
2024Q1,CNP
2024Q1,COF
2024Q1,COO
2024Q1,COP
2024Q1,COR
2024Q1,COST
2024Q1,CPB
2024Q1,CPRT
2024Q1,CPT
2024Q1,CRL
2024Q1,CRM
2024Q1,CSCO
2024Q1,CSGP
2024Q1,CSX
2024Q1,CTAS
2024Q1,CTLT
2024Q1,CTRA
2024Q1,CTSH
2024Q1,CTVA
2024Q1,CVS
2024Q1,CVX
2024Q1,CZR
2024Q1,D
2024Q1,DAL
2024Q1,DAY
2024Q1,DD
2024Q1,DE
2024Q1,DFS
2024Q1,DG
2024Q1,DGX
2024Q1,DHI
2024Q1,DHR
2024Q1,DIS
2024Q1,DLR
2024Q1,DLTR
2024Q1,DOV
2024Q1,DOW
2024Q1,DPZ
2024Q1,DRI
2024Q1,DTE
2024Q1,DUK
2024Q1,DVA
2024Q1,DVN
2024Q1,DXCM
2024Q1,EA
2024Q1,EBAY
2024Q1,ECL
2024Q1,ED
2024Q1,EFX
2024Q1,EG
2024Q1,EIX
2024Q1,EL
2024Q1,ELV
2024Q1,EMN
2024Q1,EMR
2024Q1,ENPH
2024Q1,EOG
2024Q1,EPAM
2024Q1,EQIX
2024Q1,EQR
2024Q1,EQT
2024Q1,ES
2024Q1,ESS
2024Q1,ETN
2024Q1,ETR
2024Q1,ETSY
2024Q1,EVRG
2024Q1,EW
2024Q1,EXC
2024Q1,EXPD
2024Q1,EXPE
2024Q1,EXR
2024Q1,F
2024Q1,FANG
2024Q1,FAST
2024Q1,FCX
2024Q1,FDS
2024Q1,FDX
2024Q1,FE
2024Q1,FFIV
2024Q1,FI
2024Q1,FICO
2024Q1,FIS
2024Q1,FITB
2024Q1,FLT
2024Q1,FMC
2024Q1,FOX
2024Q1,FOXA
2024Q1,FRT
2024Q1,FSLR
2024Q1,FTNT
2024Q1,FTV
2024Q1,GD
2024Q1,GE
2024Q1,GEHC
2024Q1,GEN
2024Q1,GILD
2024Q1,GIS
2024Q1,GL
2024Q1,GLW
2024Q1,GM
2024Q1,GNRC
2024Q1,GOOG
2024Q1,GOOGL
2024Q1,GPC
2024Q1,GPN
2024Q1,GRMN
2024Q1,GS
2024Q1,GWW
2024Q1,HAL
2024Q1,HAS
2024Q1,HBAN
2024Q1,HCA
2024Q1,HD
2024Q1,HES
2024Q1,HIG
2024Q1,HII
2024Q1,HLT
2024Q1,HOLX
2024Q1,HON
2024Q1,HPE
2024Q1,HPQ
2024Q1,HRL
2024Q1,HSIC
2024Q1,HST
2024Q1,HSY
2024Q1,HUBB
2024Q1,HUM
2024Q1,HWM
2024Q1,IBM
2024Q1,ICE
2024Q1,IDXX
2024Q1,IEX
2024Q1,IFF
2024Q1,ILMN
2024Q1,INCY
2024Q1,INTC
2024Q1,INTU
2024Q1,INVH
2024Q1,IP
2024Q1,IPG
2024Q1,IQV
2024Q1,IR
2024Q1,IRM
2024Q1,ISRG
2024Q1,IT
2024Q1,ITW
2024Q1,IVZ
2024Q1,J
2024Q1,JBHT
2024Q1,JBL
2024Q1,JCI
2024Q1,JKHY
2024Q1,JNJ
2024Q1,JNPR
2024Q1,JPM
2024Q1,K
2024Q1,KDP
2024Q1,KEY
2024Q1,KEYS
2024Q1,KHC
2024Q1,KIM
2024Q1,KLAC
2024Q1,KMB
2024Q1,KMI
2024Q1,KMX
2024Q1,KO
2024Q1,KR
2024Q1,KVUE
2024Q1,L
2024Q1,LDOS
2024Q1,LEN
2024Q1,LH
2024Q1,LHX
2024Q1,LIN
2024Q1,LKQ
2024Q1,LLY
2024Q1,LMT
2024Q1,LNT
2024Q1,LOW
2024Q1,LRCX
2024Q1,LULU
2024Q1,LUV
2024Q1,LVS
2024Q1,LW
2024Q1,LYB
2024Q1,LYV
2024Q1,MA
2024Q1,MAA
2024Q1,MAR
2024Q1,MAS
2024Q1,MCD
2024Q1,MCHP
2024Q1,MCK
2024Q1,MCO
2024Q1,MDLZ
2024Q1,MDT
2024Q1,MET
2024Q1,META
2024Q1,MGM
2024Q1,MHK
2024Q1,MKC
2024Q1,MKTX
2024Q1,MLM
2024Q1,MMC
2024Q1,MMM
2024Q1,MNST
2024Q1,MO
2024Q1,MOH
2024Q1,MOS
2024Q1,MPC
2024Q1,MPWR
2024Q1,MRK
2024Q1,MRNA
2024Q1,MRO
2024Q1,MS
2024Q1,MSCI
2024Q1,MSFT
2024Q1,MSI
2024Q1,MTB
2024Q1,MTCH
2024Q1,MTD
2024Q1,MU
2024Q1,NCLH
2024Q1,NDAQ
2024Q1,NDSN
2024Q1,NEE
2024Q1,NEM
2024Q1,NFLX
2024Q1,NI
2024Q1,NKE
2024Q1,NOC
2024Q1,NOW
2024Q1,NRG
2024Q1,NSC
2024Q1,NTAP
2024Q1,NTRS
2024Q1,NUE
2024Q1,NVDA
2024Q1,NVR
2024Q1,NWS
2024Q1,NWSA
2024Q1,NXPI
2024Q1,O
2024Q1,ODFL
2024Q1,OKE
2024Q1,OMC
2024Q1,ON
2024Q1,ORCL
2024Q1,ORLY
2024Q1,OTIS
2024Q1,OXY
2024Q1,PANW
2024Q1,PARA
2024Q1,PAYC
2024Q1,PAYX
2024Q1,PCAR
2024Q1,PCG
2024Q1,PEAK
2024Q1,PEG
2024Q1,PEP
2024Q1,PFE
2024Q1,PFG
2024Q1,PG
2024Q1,PGR
2024Q1,PH
2024Q1,PHM
2024Q1,PKG
2024Q1,PLD
2024Q1,PM
2024Q1,PNC
2024Q1,PNR
2024Q1,PNW
2024Q1,PODD
2024Q1,POOL
2024Q1,PPG
2024Q1,PPL
2024Q1,PRU
2024Q1,PSA
2024Q1,PSX
2024Q1,PTC
2024Q1,PWR
2024Q1,PXD
2024Q1,PYPL
2024Q1,QCOM
2024Q1,QRVO
2024Q1,RCL
2024Q1,REG
2024Q1,REGN
2024Q1,RF
2024Q1,RHI
2024Q1,RJF
2024Q1,RL
2024Q1,RMD
2024Q1,ROK
2024Q1,ROL
2024Q1,ROP
2024Q1,ROST
2024Q1,RSG
2024Q1,RTX
2024Q1,RVTY
2024Q1,SBAC
2024Q1,SBUX
2024Q1,SCHW
2024Q1,SHW
2024Q1,SJM
2024Q1,SLB
2024Q1,SNA
2024Q1,SNPS
2024Q1,SO
2024Q1,SPG
2024Q1,SPGI
2024Q1,SRE
2024Q1,STE
2024Q1,STLD
2024Q1,STT
2024Q1,STX
2024Q1,STZ
2024Q1,SWK
2024Q1,SWKS
2024Q1,SYF
2024Q1,SYK
2024Q1,SYY
2024Q1,T
2024Q1,TAP
2024Q1,TDG
2024Q1,TDY
2024Q1,TECH
2024Q1,TEL
2024Q1,TER
2024Q1,TFC
2024Q1,TFX
2024Q1,TGT
2024Q1,TJX
2024Q1,TMO
2024Q1,TMUS
2024Q1,TPR
2024Q1,TRGP
2024Q1,TRMB
2024Q1,TROW
2024Q1,TRV
2024Q1,TSCO
2024Q1,TSLA
2024Q1,TSN
2024Q1,TT
2024Q1,TTWO
2024Q1,TXN
2024Q1,TXT
2024Q1,TYL
2024Q1,UAL
2024Q1,UBER
2024Q1,UDR
2024Q1,UHS
2024Q1,ULTA
2024Q1,UNH
2024Q1,UNP
2024Q1,UPS
2024Q1,URI
2024Q1,USB
2024Q1,V
2024Q1,VFC
2024Q1,VICI
2024Q1,VLO
2024Q1,VLTO
2024Q1,VMC
2024Q1,VRSK
2024Q1,VRSN
2024Q1,VRTX
2024Q1,VTR
2024Q1,VTRS
2024Q1,VZ
2024Q1,WAB
2024Q1,WAT
2024Q1,WBA
2024Q1,WBD
2024Q1,WDC
2024Q1,WEC
2024Q1,WELL
2024Q1,WFC
2024Q1,WHR
2024Q1,WM
2024Q1,WMB
2024Q1,WMT
2024Q1,WRB
2024Q1,WRK
2024Q1,WST
2024Q1,WTW
2024Q1,WY
2024Q1,WYNN
2024Q1,XEL
2024Q1,XOM
2024Q1,XRAY
2024Q1,XYL
2024Q1,YUM
2024Q1,ZBH
2024Q1,ZBRA
2024Q1,ZION
2024Q1,ZTS
2024Q2,A
2024Q2,AAL
2024Q2,AAPL
2024Q2,ABBV
2024Q2,ABNB
2024Q2,ABT
2024Q2,ACGL
2024Q2,ACN
2024Q2,ADBE
2024Q2,ADI
2024Q2,ADM
2024Q2,ADP
2024Q2,ADSK
2024Q2,AEE
2024Q2,AEP
2024Q2,AES
2024Q2,AFL
2024Q2,AIG
2024Q2,AIZ
2024Q2,AJG
2024Q2,AKAM
2024Q2,ALB
2024Q2,ALGN
2024Q2,ALL
2024Q2,ALLE
2024Q2,AMAT
2024Q2,AMCR
2024Q2,AMD
2024Q2,AME
2024Q2,AMGN
2024Q2,AMP
2024Q2,AMT
2024Q2,AMZN
2024Q2,ANET
2024Q2,ANSS
2024Q2,AON
2024Q2,AOS
2024Q2,APA
2024Q2,APD
2024Q2,APH
2024Q2,APTV
2024Q2,ARE
2024Q2,ATO
2024Q2,AVB
2024Q2,AVGO
2024Q2,AVY
2024Q2,AWK
2024Q2,AXON
2024Q2,AXP
2024Q2,AZO
2024Q2,BA
2024Q2,BAC
2024Q2,BALL
2024Q2,BAX
2024Q2,BBWI
2024Q2,BBY
2024Q2,BDX
2024Q2,BEN
2024Q2,BF.B
2024Q2,BG
2024Q2,BIIB
2024Q2,BIO
2024Q2,BK
2024Q2,BKNG
2024Q2,BKR
2024Q2,BLDR
2024Q2,BLK
2024Q2,BMY
2024Q2,BR
2024Q2,BRK.B
2024Q2,BRO
2024Q2,BSX
2024Q2,BWA
2024Q2,BX
2024Q2,BXP
2024Q2,C
2024Q2,CAG
2024Q2,CAH
2024Q2,CARR
2024Q2,CAT
2024Q2,CB
2024Q2,CBOE
2024Q2,CBRE
2024Q2,CCI
2024Q2,CCL
2024Q2,CDNS
2024Q2,CDW
2024Q2,CE
2024Q2,CEG
2024Q2,CF
2024Q2,CFG
2024Q2,CHD
2024Q2,CHRW
2024Q2,CHTR
2024Q2,CI
2024Q2,CINF
2024Q2,CL
2024Q2,CLX
2024Q2,CMA
2024Q2,CMCSA
2024Q2,CME
2024Q2,CMG
2024Q2,CMI
2024Q2,CMS
2024Q2,CNC
2024Q2,CNP
2024Q2,COF
2024Q2,COO
2024Q2,COP
2024Q2,COR
2024Q2,COST
2024Q2,CPAY
2024Q2,CPB
2024Q2,CPRT
2024Q2,CPT
2024Q2,CRL
2024Q2,CRM
2024Q2,CSCO
2024Q2,CSGP
2024Q2,CSX
2024Q2,CTAS
2024Q2,CTLT
2024Q2,CTRA
2024Q2,CTSH
2024Q2,CTVA
2024Q2,CVS
2024Q2,CVX
2024Q2,CZR
2024Q2,D
2024Q2,DAL
2024Q2,DAY
2024Q2,DD
2024Q2,DE
2024Q2,DECK
2024Q2,DFS
2024Q2,DG
2024Q2,DGX
2024Q2,DHI
2024Q2,DHR
2024Q2,DIS
2024Q2,DLR
2024Q2,DLTR
2024Q2,DOC
2024Q2,DOV
2024Q2,DOW
2024Q2,DPZ
2024Q2,DRI
2024Q2,DTE
2024Q2,DUK
2024Q2,DVA
2024Q2,DVN
2024Q2,DXCM
2024Q2,EA
2024Q2,EBAY
2024Q2,ECL
2024Q2,ED
2024Q2,EFX
2024Q2,EG
2024Q2,EIX
2024Q2,EL
2024Q2,ELV
2024Q2,EMN
2024Q2,EMR
2024Q2,ENPH
2024Q2,EOG
2024Q2,EPAM
2024Q2,EQIX
2024Q2,EQR
2024Q2,EQT
2024Q2,ES
2024Q2,ESS
2024Q2,ETN
2024Q2,ETR
2024Q2,ETSY
2024Q2,EVRG
2024Q2,EW
2024Q2,EXC
2024Q2,EXPD
2024Q2,EXPE
2024Q2,EXR
2024Q2,F
2024Q2,FANG
2024Q2,FAST
2024Q2,FCX
2024Q2,FDS
2024Q2,FDX
2024Q2,FE
2024Q2,FFIV
2024Q2,FI
2024Q2,FICO
2024Q2,FIS
2024Q2,FITB
2024Q2,FMC
2024Q2,FOX
2024Q2,FOXA
2024Q2,FRT
2024Q2,FSLR
2024Q2,FTNT
2024Q2,FTV
2024Q2,GD
2024Q2,GE
2024Q2,GEHC
2024Q2,GEN
2024Q2,GEV
2024Q2,GILD
2024Q2,GIS
2024Q2,GL
2024Q2,GLW
2024Q2,GM
2024Q2,GNRC
2024Q2,GOOG
2024Q2,GOOGL
2024Q2,GPC
2024Q2,GPN
2024Q2,GRMN
2024Q2,GS
2024Q2,GWW
2024Q2,HAL
2024Q2,HAS
2024Q2,HBAN
2024Q2,HCA
2024Q2,HD
2024Q2,HES
2024Q2,HIG
2024Q2,HII
2024Q2,HLT
2024Q2,HOLX
2024Q2,HON
2024Q2,HPE
2024Q2,HPQ
2024Q2,HRL
2024Q2,HSIC
2024Q2,HST
2024Q2,HSY
2024Q2,HUBB
2024Q2,HUM
2024Q2,HWM
2024Q2,IBM
2024Q2,ICE
2024Q2,IDXX
2024Q2,IEX
2024Q2,IFF
2024Q2,ILMN
2024Q2,INCY
2024Q2,INTC
2024Q2,INTU
2024Q2,INVH
2024Q2,IP
2024Q2,IPG
2024Q2,IQV
2024Q2,IR
2024Q2,IRM
2024Q2,ISRG
2024Q2,IT
2024Q2,ITW
2024Q2,IVZ
2024Q2,J
2024Q2,JBHT
2024Q2,JBL
2024Q2,JCI
2024Q2,JKHY
2024Q2,JNJ
2024Q2,JNPR
2024Q2,JPM
2024Q2,K
2024Q2,KDP
2024Q2,KEY
2024Q2,KEYS
2024Q2,KHC
2024Q2,KIM
2024Q2,KLAC
2024Q2,KMB
2024Q2,KMI
2024Q2,KMX
2024Q2,KO
2024Q2,KR
2024Q2,KVUE
2024Q2,L
2024Q2,LDOS
2024Q2,LEN
2024Q2,LH
2024Q2,LHX
2024Q2,LIN
2024Q2,LKQ
2024Q2,LLY
2024Q2,LMT
2024Q2,LNT
2024Q2,LOW
2024Q2,LRCX
2024Q2,LULU
2024Q2,LUV
2024Q2,LVS
2024Q2,LW
2024Q2,LYB
2024Q2,LYV
2024Q2,MA
2024Q2,MAA
2024Q2,MAR
2024Q2,MAS
2024Q2,MCD
2024Q2,MCHP
2024Q2,MCK
2024Q2,MCO
2024Q2,MDLZ
2024Q2,MDT
2024Q2,MET
2024Q2,META
2024Q2,MGM
2024Q2,MHK
2024Q2,MKC
2024Q2,MKTX
2024Q2,MLM
2024Q2,MMC
2024Q2,MMM
2024Q2,MNST
2024Q2,MO
2024Q2,MOH
2024Q2,MOS
2024Q2,MPC
2024Q2,MPWR
2024Q2,MRK
2024Q2,MRNA
2024Q2,MRO
2024Q2,MS
2024Q2,MSCI
2024Q2,MSFT
2024Q2,MSI
2024Q2,MTB
2024Q2,MTCH
2024Q2,MTD
2024Q2,MU
2024Q2,NCLH
2024Q2,NDAQ
2024Q2,NDSN
2024Q2,NEE
2024Q2,NEM
2024Q2,NFLX
2024Q2,NI
2024Q2,NKE
2024Q2,NOC
2024Q2,NOW
2024Q2,NRG
2024Q2,NSC
2024Q2,NTAP
2024Q2,NTRS
2024Q2,NUE
2024Q2,NVDA
2024Q2,NVR
2024Q2,NWS
2024Q2,NWSA
2024Q2,NXPI
2024Q2,O
2024Q2,ODFL
2024Q2,OKE
2024Q2,OMC
2024Q2,ON
2024Q2,ORCL
2024Q2,ORLY
2024Q2,OTIS
2024Q2,OXY
2024Q2,PANW
2024Q2,PARA
2024Q2,PAYC
2024Q2,PAYX
2024Q2,PCAR
2024Q2,PCG
2024Q2,PEG
2024Q2,PEP
2024Q2,PFE
2024Q2,PFG
2024Q2,PG
2024Q2,PGR
2024Q2,PH
2024Q2,PHM
2024Q2,PKG
2024Q2,PLD
2024Q2,PM
2024Q2,PNC
2024Q2,PNR
2024Q2,PNW
2024Q2,PODD
2024Q2,POOL
2024Q2,PPG
2024Q2,PPL
2024Q2,PRU
2024Q2,PSA
2024Q2,PSX
2024Q2,PTC
2024Q2,PWR
2024Q2,PXD
2024Q2,PYPL
2024Q2,QCOM
2024Q2,QRVO
2024Q2,RCL
2024Q2,REG
2024Q2,REGN
2024Q2,RF
2024Q2,RHI
2024Q2,RJF
2024Q2,RL
2024Q2,RMD
2024Q2,ROK
2024Q2,ROL
2024Q2,ROP
2024Q2,ROST
2024Q2,RSG
2024Q2,RTX
2024Q2,RVTY
2024Q2,SBAC
2024Q2,SBUX
2024Q2,SCHW
2024Q2,SHW
2024Q2,SJM
2024Q2,SLB
2024Q2,SMCI
2024Q2,SNA
2024Q2,SNPS
2024Q2,SO
2024Q2,SOLV
2024Q2,SPG
2024Q2,SPGI
2024Q2,SRE
2024Q2,STE
2024Q2,STLD
2024Q2,STT
2024Q2,STX
2024Q2,STZ
2024Q2,SWK
2024Q2,SWKS
2024Q2,SYF
2024Q2,SYK
2024Q2,SYY
2024Q2,T
2024Q2,TAP
2024Q2,TDG
2024Q2,TDY
2024Q2,TECH
2024Q2,TEL
2024Q2,TER
2024Q2,TFC
2024Q2,TFX
2024Q2,TGT
2024Q2,TJX
2024Q2,TMO
2024Q2,TMUS
2024Q2,TPR
2024Q2,TRGP
2024Q2,TRMB
2024Q2,TROW
2024Q2,TRV
2024Q2,TSCO
2024Q2,TSLA
2024Q2,TSN
2024Q2,TT
2024Q2,TTWO
2024Q2,TXN
2024Q2,TXT
2024Q2,TYL
2024Q2,UAL
2024Q2,UBER
2024Q2,UDR
2024Q2,UHS
2024Q2,ULTA
2024Q2,UNH
2024Q2,UNP
2024Q2,UPS
2024Q2,URI
2024Q2,USB
2024Q2,V
2024Q2,VICI
2024Q2,VLO
2024Q2,VLTO
2024Q2,VMC
2024Q2,VRSK
2024Q2,VRSN
2024Q2,VRTX
2024Q2,VTR
2024Q2,VTRS
2024Q2,VZ
2024Q2,WAB
2024Q2,WAT
2024Q2,WBA
2024Q2,WBD
2024Q2,WDC
2024Q2,WEC
2024Q2,WELL
2024Q2,WFC
2024Q2,WM
2024Q2,WMB
2024Q2,WMT
2024Q2,WRB
2024Q2,WRK
2024Q2,WST
2024Q2,WTW
2024Q2,WY
2024Q2,WYNN
2024Q2,XEL
2024Q2,XOM
2024Q2,XYL
2024Q2,YUM
2024Q2,ZBH
2024Q2,ZBRA
2024Q2,ZTS
2024Q3,A
2024Q3,AAL
2024Q3,AAPL
2024Q3,ABBV
2024Q3,ABNB
2024Q3,ABT
2024Q3,ACGL
2024Q3,ACN
2024Q3,ADBE
2024Q3,ADI
2024Q3,ADM
2024Q3,ADP
2024Q3,ADSK
2024Q3,AEE
2024Q3,AEP
2024Q3,AES
2024Q3,AFL
2024Q3,AIG
2024Q3,AIZ
2024Q3,AJG
2024Q3,AKAM
2024Q3,ALB
2024Q3,ALGN
2024Q3,ALL
2024Q3,ALLE
2024Q3,AMAT
2024Q3,AMCR
2024Q3,AMD
2024Q3,AME
2024Q3,AMGN
2024Q3,AMP
2024Q3,AMT
2024Q3,AMZN
2024Q3,ANET
2024Q3,ANSS
2024Q3,AON
2024Q3,AOS
2024Q3,APA
2024Q3,APD
2024Q3,APH
2024Q3,APTV
2024Q3,ARE
2024Q3,ATO
2024Q3,AVB
2024Q3,AVGO
2024Q3,AVY
2024Q3,AWK
2024Q3,AXON
2024Q3,AXP
2024Q3,AZO
2024Q3,BA
2024Q3,BAC
2024Q3,BALL
2024Q3,BAX
2024Q3,BBWI
2024Q3,BBY
2024Q3,BDX
2024Q3,BEN
2024Q3,BF.B
2024Q3,BG
2024Q3,BIIB
2024Q3,BIO
2024Q3,BK
2024Q3,BKNG
2024Q3,BKR
2024Q3,BLDR
2024Q3,BLK
2024Q3,BMY
2024Q3,BR
2024Q3,BRK.B
2024Q3,BRO
2024Q3,BSX
2024Q3,BWA
2024Q3,BX
2024Q3,BXP
2024Q3,C
2024Q3,CAG
2024Q3,CAH
2024Q3,CARR
2024Q3,CAT
2024Q3,CB
2024Q3,CBOE
2024Q3,CBRE
2024Q3,CCI
2024Q3,CCL
2024Q3,CDNS
2024Q3,CDW
2024Q3,CE
2024Q3,CEG
2024Q3,CF
2024Q3,CFG
2024Q3,CHD
2024Q3,CHRW
2024Q3,CHTR
2024Q3,CI
2024Q3,CINF
2024Q3,CL
2024Q3,CLX
2024Q3,CMCSA
2024Q3,CME
2024Q3,CMG
2024Q3,CMI
2024Q3,CMS
2024Q3,CNC
2024Q3,CNP
2024Q3,COF
2024Q3,COO
2024Q3,COP
2024Q3,COR
2024Q3,COST
2024Q3,CPAY
2024Q3,CPB
2024Q3,CPRT
2024Q3,CPT
2024Q3,CRL
2024Q3,CRM
2024Q3,CRWD
2024Q3,CSCO
2024Q3,CSGP
2024Q3,CSX
2024Q3,CTAS
2024Q3,CTLT
2024Q3,CTRA
2024Q3,CTSH
2024Q3,CTVA
2024Q3,CVS
2024Q3,CVX
2024Q3,CZR
2024Q3,D
2024Q3,DAL
2024Q3,DAY
2024Q3,DD
2024Q3,DE
2024Q3,DECK
2024Q3,DFS
2024Q3,DG
2024Q3,DGX
2024Q3,DHI
2024Q3,DHR
2024Q3,DIS
2024Q3,DLR
2024Q3,DLTR
2024Q3,DOC
2024Q3,DOV
2024Q3,DOW
2024Q3,DPZ
2024Q3,DRI
2024Q3,DTE
2024Q3,DUK
2024Q3,DVA
2024Q3,DVN
2024Q3,DXCM
2024Q3,EA
2024Q3,EBAY
2024Q3,ECL
2024Q3,ED
2024Q3,EFX
2024Q3,EG
2024Q3,EIX
2024Q3,EL
2024Q3,ELV
2024Q3,EMN
2024Q3,EMR
2024Q3,ENPH
2024Q3,EOG
2024Q3,EPAM
2024Q3,EQIX
2024Q3,EQR
2024Q3,EQT
2024Q3,ES
2024Q3,ESS
2024Q3,ETN
2024Q3,ETR
2024Q3,ETSY
2024Q3,EVRG
2024Q3,EW
2024Q3,EXC
2024Q3,EXPD
2024Q3,EXPE
2024Q3,EXR
2024Q3,F
2024Q3,FANG
2024Q3,FAST
2024Q3,FCX
2024Q3,FDS
2024Q3,FDX
2024Q3,FE
2024Q3,FFIV
2024Q3,FI
2024Q3,FICO
2024Q3,FIS
2024Q3,FITB
2024Q3,FMC
2024Q3,FOX
2024Q3,FOXA
2024Q3,FRT
2024Q3,FSLR
2024Q3,FTNT
2024Q3,FTV
2024Q3,GD
2024Q3,GDDY
2024Q3,GE
2024Q3,GEHC
2024Q3,GEN
2024Q3,GEV
2024Q3,GILD
2024Q3,GIS
2024Q3,GL
2024Q3,GLW
2024Q3,GM
2024Q3,GNRC
2024Q3,GOOG
2024Q3,GOOGL
2024Q3,GPC
2024Q3,GPN
2024Q3,GRMN
2024Q3,GS
2024Q3,GWW
2024Q3,HAL
2024Q3,HAS
2024Q3,HBAN
2024Q3,HCA
2024Q3,HD
2024Q3,HES
2024Q3,HIG
2024Q3,HII
2024Q3,HLT
2024Q3,HOLX
2024Q3,HON
2024Q3,HPE
2024Q3,HPQ
2024Q3,HRL
2024Q3,HSIC
2024Q3,HST
2024Q3,HSY
2024Q3,HUBB
2024Q3,HUM
2024Q3,HWM
2024Q3,IBM
2024Q3,ICE
2024Q3,IDXX
2024Q3,IEX
2024Q3,IFF
2024Q3,INCY
2024Q3,INTC
2024Q3,INTU
2024Q3,INVH
2024Q3,IP
2024Q3,IPG
2024Q3,IQV
2024Q3,IR
2024Q3,IRM
2024Q3,ISRG
2024Q3,IT
2024Q3,ITW
2024Q3,IVZ
2024Q3,J
2024Q3,JBHT
2024Q3,JBL
2024Q3,JCI
2024Q3,JKHY
2024Q3,JNJ
2024Q3,JNPR
2024Q3,JPM
2024Q3,K
2024Q3,KDP
2024Q3,KEY
2024Q3,KEYS
2024Q3,KHC
2024Q3,KIM
2024Q3,KKR
2024Q3,KLAC
2024Q3,KMB
2024Q3,KMI
2024Q3,KMX
2024Q3,KO
2024Q3,KR
2024Q3,KVUE
2024Q3,L
2024Q3,LDOS
2024Q3,LEN
2024Q3,LH
2024Q3,LHX
2024Q3,LIN
2024Q3,LKQ
2024Q3,LLY
2024Q3,LMT
2024Q3,LNT
2024Q3,LOW
2024Q3,LRCX
2024Q3,LULU
2024Q3,LUV
2024Q3,LVS
2024Q3,LW
2024Q3,LYB
2024Q3,LYV
2024Q3,MA
2024Q3,MAA
2024Q3,MAR
2024Q3,MAS
2024Q3,MCD
2024Q3,MCHP
2024Q3,MCK
2024Q3,MCO
2024Q3,MDLZ
2024Q3,MDT
2024Q3,MET
2024Q3,META
2024Q3,MGM
2024Q3,MHK
2024Q3,MKC
2024Q3,MKTX
2024Q3,MLM
2024Q3,MMC
2024Q3,MMM
2024Q3,MNST
2024Q3,MO
2024Q3,MOH
2024Q3,MOS
2024Q3,MPC
2024Q3,MPWR
2024Q3,MRK
2024Q3,MRNA
2024Q3,MRO
2024Q3,MS
2024Q3,MSCI
2024Q3,MSFT
2024Q3,MSI
2024Q3,MTB
2024Q3,MTCH
2024Q3,MTD
2024Q3,MU
2024Q3,NCLH
2024Q3,NDAQ
2024Q3,NDSN
2024Q3,NEE
2024Q3,NEM
2024Q3,NFLX
2024Q3,NI
2024Q3,NKE
2024Q3,NOC
2024Q3,NOW
2024Q3,NRG
2024Q3,NSC
2024Q3,NTAP
2024Q3,NTRS
2024Q3,NUE
2024Q3,NVDA
2024Q3,NVR
2024Q3,NWS
2024Q3,NWSA
2024Q3,NXPI
2024Q3,O
2024Q3,ODFL
2024Q3,OKE
2024Q3,OMC
2024Q3,ON
2024Q3,ORCL
2024Q3,ORLY
2024Q3,OTIS
2024Q3,OXY
2024Q3,PANW
2024Q3,PARA
2024Q3,PAYC
2024Q3,PAYX
2024Q3,PCAR
2024Q3,PCG
2024Q3,PEG
2024Q3,PEP
2024Q3,PFE
2024Q3,PFG
2024Q3,PG
2024Q3,PGR
2024Q3,PH
2024Q3,PHM
2024Q3,PKG
2024Q3,PLD
2024Q3,PM
2024Q3,PNC
2024Q3,PNR
2024Q3,PNW
2024Q3,PODD
2024Q3,POOL
2024Q3,PPG
2024Q3,PPL
2024Q3,PRU
2024Q3,PSA
2024Q3,PSX
2024Q3,PTC
2024Q3,PWR
2024Q3,PYPL
2024Q3,QCOM
2024Q3,QRVO
2024Q3,RCL
2024Q3,REG
2024Q3,REGN
2024Q3,RF
2024Q3,RJF
2024Q3,RL
2024Q3,RMD
2024Q3,ROK
2024Q3,ROL
2024Q3,ROP
2024Q3,ROST
2024Q3,RSG
2024Q3,RTX
2024Q3,RVTY
2024Q3,SBAC
2024Q3,SBUX
2024Q3,SCHW
2024Q3,SHW
2024Q3,SJM
2024Q3,SLB
2024Q3,SMCI
2024Q3,SNA
2024Q3,SNPS
2024Q3,SO
2024Q3,SOLV
2024Q3,SPG
2024Q3,SPGI
2024Q3,SRE
2024Q3,STE
2024Q3,STLD
2024Q3,STT
2024Q3,STX
2024Q3,STZ
2024Q3,SW
2024Q3,SWK
2024Q3,SWKS
2024Q3,SYF
2024Q3,SYK
2024Q3,SYY
2024Q3,T
2024Q3,TAP
2024Q3,TDG
2024Q3,TDY
2024Q3,TECH
2024Q3,TEL
2024Q3,TER
2024Q3,TFC
2024Q3,TFX
2024Q3,TGT
2024Q3,TJX
2024Q3,TMO
2024Q3,TMUS
2024Q3,TPR
2024Q3,TRGP
2024Q3,TRMB
2024Q3,TROW
2024Q3,TRV
2024Q3,TSCO
2024Q3,TSLA
2024Q3,TSN
2024Q3,TT
2024Q3,TTWO
2024Q3,TXN
2024Q3,TXT
2024Q3,TYL
2024Q3,UAL
2024Q3,UBER
2024Q3,UDR
2024Q3,UHS
2024Q3,ULTA
2024Q3,UNH
2024Q3,UNP
2024Q3,UPS
2024Q3,URI
2024Q3,USB
2024Q3,V
2024Q3,VICI
2024Q3,VLO
2024Q3,VLTO
2024Q3,VMC
2024Q3,VRSK
2024Q3,VRSN
2024Q3,VRTX
2024Q3,VST
2024Q3,VTR
2024Q3,VTRS
2024Q3,VZ
2024Q3,WAB
2024Q3,WAT
2024Q3,WBA
2024Q3,WBD
2024Q3,WDC
2024Q3,WEC
2024Q3,WELL
2024Q3,WFC
2024Q3,WM
2024Q3,WMB
2024Q3,WMT
2024Q3,WRB
2024Q3,WST
2024Q3,WTW
2024Q3,WY
2024Q3,WYNN
2024Q3,XEL
2024Q3,XOM
2024Q3,XYL
2024Q3,YUM
2024Q3,ZBH
2024Q3,ZBRA
2024Q3,ZTS
2024Q4,A
2024Q4,AAPL
2024Q4,ABBV
2024Q4,ABNB
2024Q4,ABT
2024Q4,ACGL
2024Q4,ACN
2024Q4,ADBE
2024Q4,ADI
2024Q4,ADM
2024Q4,ADP
2024Q4,ADSK
2024Q4,AEE
2024Q4,AEP
2024Q4,AES
2024Q4,AFL
2024Q4,AIG
2024Q4,AIZ
2024Q4,AJG
2024Q4,AKAM
2024Q4,ALB
2024Q4,ALGN
2024Q4,ALL
2024Q4,ALLE
2024Q4,AMAT
2024Q4,AMCR
2024Q4,AMD
2024Q4,AME
2024Q4,AMGN
2024Q4,AMP
2024Q4,AMT
2024Q4,AMTM
2024Q4,AMZN
2024Q4,ANET
2024Q4,ANSS
2024Q4,AON
2024Q4,AOS
2024Q4,APA
2024Q4,APD
2024Q4,APH
2024Q4,APTV
2024Q4,ARE
2024Q4,ATO
2024Q4,AVB
2024Q4,AVGO
2024Q4,AVY
2024Q4,AWK
2024Q4,AXON
2024Q4,AXP
2024Q4,AZO
2024Q4,BA
2024Q4,BAC
2024Q4,BALL
2024Q4,BAX
2024Q4,BBY
2024Q4,BDX
2024Q4,BEN
2024Q4,BF.B
2024Q4,BG
2024Q4,BIIB
2024Q4,BK
2024Q4,BKNG
2024Q4,BKR
2024Q4,BLDR
2024Q4,BLK
2024Q4,BMY
2024Q4,BR
2024Q4,BRK.B
2024Q4,BRO
2024Q4,BSX
2024Q4,BWA
2024Q4,BX
2024Q4,BXP
2024Q4,C
2024Q4,CAG
2024Q4,CAH
2024Q4,CARR
2024Q4,CAT
2024Q4,CB
2024Q4,CBOE
2024Q4,CBRE
2024Q4,CCI
2024Q4,CCL
2024Q4,CDNS
2024Q4,CDW
2024Q4,CE
2024Q4,CEG
2024Q4,CF
2024Q4,CFG
2024Q4,CHD
2024Q4,CHRW
2024Q4,CHTR
2024Q4,CI
2024Q4,CINF
2024Q4,CL
2024Q4,CLX
2024Q4,CMCSA
2024Q4,CME
2024Q4,CMG
2024Q4,CMI
2024Q4,CMS
2024Q4,CNC
2024Q4,CNP
2024Q4,COF
2024Q4,COO
2024Q4,COP
2024Q4,COR
2024Q4,COST
2024Q4,CPAY
2024Q4,CPB
2024Q4,CPRT
2024Q4,CPT
2024Q4,CRL
2024Q4,CRM
2024Q4,CRWD
2024Q4,CSCO
2024Q4,CSGP
2024Q4,CSX
2024Q4,CTAS
2024Q4,CTLT
2024Q4,CTRA
2024Q4,CTSH
2024Q4,CTVA
2024Q4,CVS
2024Q4,CVX
2024Q4,CZR
2024Q4,D
2024Q4,DAL
2024Q4,DAY
2024Q4,DD
2024Q4,DE
2024Q4,DECK
2024Q4,DELL
2024Q4,DFS
2024Q4,DG
2024Q4,DGX
2024Q4,DHI
2024Q4,DHR
2024Q4,DIS
2024Q4,DLR
2024Q4,DLTR
2024Q4,DOC
2024Q4,DOV
2024Q4,DOW
2024Q4,DPZ
2024Q4,DRI
2024Q4,DTE
2024Q4,DUK
2024Q4,DVA
2024Q4,DVN
2024Q4,DXCM
2024Q4,EA
2024Q4,EBAY
2024Q4,ECL
2024Q4,ED
2024Q4,EFX
2024Q4,EG
2024Q4,EIX
2024Q4,EL
2024Q4,ELV
2024Q4,EMN
2024Q4,EMR
2024Q4,ENPH
2024Q4,EOG
2024Q4,EPAM
2024Q4,EQIX
2024Q4,EQR
2024Q4,EQT
2024Q4,ERIE
2024Q4,ES
2024Q4,ESS
2024Q4,ETN
2024Q4,ETR
2024Q4,EVRG
2024Q4,EW
2024Q4,EXC
2024Q4,EXPD
2024Q4,EXPE
2024Q4,EXR
2024Q4,F
2024Q4,FANG
2024Q4,FAST
2024Q4,FCX
2024Q4,FDS
2024Q4,FDX
2024Q4,FE
2024Q4,FFIV
2024Q4,FI
2024Q4,FICO
2024Q4,FIS
2024Q4,FITB
2024Q4,FMC
2024Q4,FOX
2024Q4,FOXA
2024Q4,FRT
2024Q4,FSLR
2024Q4,FTNT
2024Q4,FTV
2024Q4,GD
2024Q4,GDDY
2024Q4,GE
2024Q4,GEHC
2024Q4,GEN
2024Q4,GEV
2024Q4,GILD
2024Q4,GIS
2024Q4,GL
2024Q4,GLW
2024Q4,GM
2024Q4,GNRC
2024Q4,GOOG
2024Q4,GOOGL
2024Q4,GPC
2024Q4,GPN
2024Q4,GRMN
2024Q4,GS
2024Q4,GWW
2024Q4,HAL
2024Q4,HAS
2024Q4,HBAN
2024Q4,HCA
2024Q4,HD
2024Q4,HES
2024Q4,HIG
2024Q4,HII
2024Q4,HLT
2024Q4,HOLX
2024Q4,HON
2024Q4,HPE
2024Q4,HPQ
2024Q4,HRL
2024Q4,HSIC
2024Q4,HST
2024Q4,HSY
2024Q4,HUBB
2024Q4,HUM
2024Q4,HWM
2024Q4,IBM
2024Q4,ICE
2024Q4,IDXX
2024Q4,IEX
2024Q4,IFF
2024Q4,INCY
2024Q4,INTC
2024Q4,INTU
2024Q4,INVH
2024Q4,IP
2024Q4,IPG
2024Q4,IQV
2024Q4,IR
2024Q4,IRM
2024Q4,ISRG
2024Q4,IT
2024Q4,ITW
2024Q4,IVZ
2024Q4,J
2024Q4,JBHT
2024Q4,JBL
2024Q4,JCI
2024Q4,JKHY
2024Q4,JNJ
2024Q4,JNPR
2024Q4,JPM
2024Q4,K
2024Q4,KDP
2024Q4,KEY
2024Q4,KEYS
2024Q4,KHC
2024Q4,KIM
2024Q4,KKR
2024Q4,KLAC
2024Q4,KMB
2024Q4,KMI
2024Q4,KMX
2024Q4,KO
2024Q4,KR
2024Q4,KVUE
2024Q4,L
2024Q4,LDOS
2024Q4,LEN
2024Q4,LH
2024Q4,LHX
2024Q4,LIN
2024Q4,LKQ
2024Q4,LLY
2024Q4,LMT
2024Q4,LNT
2024Q4,LOW
2024Q4,LRCX
2024Q4,LULU
2024Q4,LUV
2024Q4,LVS
2024Q4,LW
2024Q4,LYB
2024Q4,LYV
2024Q4,MA
2024Q4,MAA
2024Q4,MAR
2024Q4,MAS
2024Q4,MCD
2024Q4,MCHP
2024Q4,MCK
2024Q4,MCO
2024Q4,MDLZ
2024Q4,MDT
2024Q4,MET
2024Q4,META
2024Q4,MGM
2024Q4,MHK
2024Q4,MKC
2024Q4,MKTX
2024Q4,MLM
2024Q4,MMC
2024Q4,MMM
2024Q4,MNST
2024Q4,MO
2024Q4,MOH
2024Q4,MOS
2024Q4,MPC
2024Q4,MPWR
2024Q4,MRK
2024Q4,MRNA
2024Q4,MRO
2024Q4,MS
2024Q4,MSCI
2024Q4,MSFT
2024Q4,MSI
2024Q4,MTB
2024Q4,MTCH
2024Q4,MTD
2024Q4,MU
2024Q4,NCLH
2024Q4,NDAQ
2024Q4,NDSN
2024Q4,NEE
2024Q4,NEM
2024Q4,NFLX
2024Q4,NI
2024Q4,NKE
2024Q4,NOC
2024Q4,NOW
2024Q4,NRG
2024Q4,NSC
2024Q4,NTAP
2024Q4,NTRS
2024Q4,NUE
2024Q4,NVDA
2024Q4,NVR
2024Q4,NWS
2024Q4,NWSA
2024Q4,NXPI
2024Q4,O
2024Q4,ODFL
2024Q4,OKE
2024Q4,OMC
2024Q4,ON
2024Q4,ORCL
2024Q4,ORLY
2024Q4,OTIS
2024Q4,OXY
2024Q4,PANW
2024Q4,PARA
2024Q4,PAYC
2024Q4,PAYX
2024Q4,PCAR
2024Q4,PCG
2024Q4,PEG
2024Q4,PEP
2024Q4,PFE
2024Q4,PFG
2024Q4,PG
2024Q4,PGR
2024Q4,PH
2024Q4,PHM
2024Q4,PKG
2024Q4,PLD
2024Q4,PLTR
2024Q4,PM
2024Q4,PNC
2024Q4,PNR
2024Q4,PNW
2024Q4,PODD
2024Q4,POOL
2024Q4,PPG
2024Q4,PPL
2024Q4,PRU
2024Q4,PSA
2024Q4,PSX
2024Q4,PTC
2024Q4,PWR
2024Q4,PYPL
2024Q4,QCOM
2024Q4,QRVO
2024Q4,RCL
2024Q4,REG
2024Q4,REGN
2024Q4,RF
2024Q4,RJF
2024Q4,RL
2024Q4,RMD
2024Q4,ROK
2024Q4,ROL
2024Q4,ROP
2024Q4,ROST
2024Q4,RSG
2024Q4,RTX
2024Q4,RVTY
2024Q4,SBAC
2024Q4,SBUX
2024Q4,SCHW
2024Q4,SHW
2024Q4,SJM
2024Q4,SLB
2024Q4,SMCI
2024Q4,SNA
2024Q4,SNPS
2024Q4,SO
2024Q4,SOLV
2024Q4,SPG
2024Q4,SPGI
2024Q4,SRE
2024Q4,STE
2024Q4,STLD
2024Q4,STT
2024Q4,STX
2024Q4,STZ
2024Q4,SW
2024Q4,SWK
2024Q4,SWKS
2024Q4,SYF
2024Q4,SYK
2024Q4,SYY
2024Q4,T
2024Q4,TAP
2024Q4,TDG
2024Q4,TDY
2024Q4,TECH
2024Q4,TEL
2024Q4,TER
2024Q4,TFC
2024Q4,TFX
2024Q4,TGT
2024Q4,TJX
2024Q4,TMO
2024Q4,TMUS
2024Q4,TPR
2024Q4,TRGP
2024Q4,TRMB
2024Q4,TROW
2024Q4,TRV
2024Q4,TSCO
2024Q4,TSLA
2024Q4,TSN
2024Q4,TT
2024Q4,TTWO
2024Q4,TXN
2024Q4,TXT
2024Q4,TYL
2024Q4,UAL
2024Q4,UBER
2024Q4,UDR
2024Q4,UHS
2024Q4,ULTA
2024Q4,UNH
2024Q4,UNP
2024Q4,UPS
2024Q4,URI
2024Q4,USB
2024Q4,V
2024Q4,VICI
2024Q4,VLO
2024Q4,VLTO
2024Q4,VMC
2024Q4,VRSK
2024Q4,VRSN
2024Q4,VRTX
2024Q4,VST
2024Q4,VTR
2024Q4,VTRS
2024Q4,VZ
2024Q4,WAB
2024Q4,WAT
2024Q4,WBA
2024Q4,WBD
2024Q4,WDC
2024Q4,WEC
2024Q4,WELL
2024Q4,WFC
2024Q4,WM
2024Q4,WMB
2024Q4,WMT
2024Q4,WRB
2024Q4,WST
2024Q4,WTW
2024Q4,WY
2024Q4,WYNN
2024Q4,XEL
2024Q4,XOM
2024Q4,XYL
2024Q4,YUM
2024Q4,ZBH
2024Q4,ZBRA
2024Q4,ZTS
2024Q4,A
2024Q4,AAPL
2024Q4,ABBV
2024Q4,ABNB
2024Q4,ABT
2024Q4,ACGL
2024Q4,ACN
2024Q4,ADBE
2024Q4,ADI
2024Q4,ADM
2024Q4,ADP
2024Q4,ADSK
2024Q4,AEE
2024Q4,AEP
2024Q4,AES
2024Q4,AFL
2024Q4,AIG
2024Q4,AIZ
2024Q4,AJG
2024Q4,AKAM
2024Q4,ALB
2024Q4,ALGN
2024Q4,ALL
2024Q4,ALLE
2024Q4,AMAT
2024Q4,AMCR
2024Q4,AMD
2024Q4,AME
2024Q4,AMGN
2024Q4,AMP
2024Q4,AMT
2024Q4,AMZN
2024Q4,ANET
2024Q4,ANSS
2024Q4,AON
2024Q4,AOS
2024Q4,APA
2024Q4,APD
2024Q4,APH
2024Q4,APO
2024Q4,APTV
2024Q4,ARE
2024Q4,ATO
2024Q4,AVB
2024Q4,AVGO
2024Q4,AVY
2024Q4,AWK
2024Q4,AXON
2024Q4,AXP
2024Q4,AZO
2024Q4,BA
2024Q4,BAC
2024Q4,BALL
2024Q4,BAX
2024Q4,BBY
2024Q4,BDX
2024Q4,BEN
2024Q4,BF.B
2024Q4,BG
2024Q4,BIIB
2024Q4,BK
2024Q4,BKNG
2024Q4,BKR
2024Q4,BLDR
2024Q4,BLK
2024Q4,BMY
2024Q4,BR
2024Q4,BRK.B
2024Q4,BRO
2024Q4,BSX
2024Q4,BWA
2024Q4,BX
2024Q4,BXP
2024Q4,C
2024Q4,CAG
2024Q4,CAH
2024Q4,CARR
2024Q4,CAT
2024Q4,CB
2024Q4,CBOE
2024Q4,CBRE
2024Q4,CCI
2024Q4,CCL
2024Q4,CDNS
2024Q4,CDW
2024Q4,CE
2024Q4,CEG
2024Q4,CF
2024Q4,CFG
2024Q4,CHD
2024Q4,CHRW
2024Q4,CHTR
2024Q4,CI
2024Q4,CINF
2024Q4,CL
2024Q4,CLX
2024Q4,CMCSA
2024Q4,CME
2024Q4,CMG
2024Q4,CMI
2024Q4,CMS
2024Q4,CNC
2024Q4,CNP
2024Q4,COF
2024Q4,COO
2024Q4,COP
2024Q4,COR
2024Q4,COST
2024Q4,CPAY
2024Q4,CPB
2024Q4,CPRT
2024Q4,CPT
2024Q4,CRL
2024Q4,CRM
2024Q4,CRWD
2024Q4,CSCO
2024Q4,CSGP
2024Q4,CSX
2024Q4,CTAS
2024Q4,CTRA
2024Q4,CTSH
2024Q4,CTVA
2024Q4,CVS
2024Q4,CVX
2024Q4,CZR
2024Q4,D
2024Q4,DAL
2024Q4,DAY
2024Q4,DD
2024Q4,DE
2024Q4,DECK
2024Q4,DELL
2024Q4,DFS
2024Q4,DG
2024Q4,DGX
2024Q4,DHI
2024Q4,DHR
2024Q4,DIS
2024Q4,DLR
2024Q4,DLTR
2024Q4,DOC
2024Q4,DOV
2024Q4,DOW
2024Q4,DPZ
2024Q4,DRI
2024Q4,DTE
2024Q4,DUK
2024Q4,DVA
2024Q4,DVN
2024Q4,DXCM
2024Q4,EA
2024Q4,EBAY
2024Q4,ECL
2024Q4,ED
2024Q4,EFX
2024Q4,EG
2024Q4,EIX
2024Q4,EL
2024Q4,ELV
2024Q4,EMN
2024Q4,EMR
2024Q4,ENPH
2024Q4,EOG
2024Q4,EPAM
2024Q4,EQIX
2024Q4,EQR
2024Q4,EQT
2024Q4,ERIE
2024Q4,ES
2024Q4,ESS
2024Q4,ETN
2024Q4,ETR
2024Q4,EVRG
2024Q4,EW
2024Q4,EXC
2024Q4,EXPD
2024Q4,EXPE
2024Q4,EXR
2024Q4,F
2024Q4,FANG
2024Q4,FAST
2024Q4,FCX
2024Q4,FDS
2024Q4,FDX
2024Q4,FE
2024Q4,FFIV
2024Q4,FI
2024Q4,FICO
2024Q4,FIS
2024Q4,FITB
2024Q4,FMC
2024Q4,FOX
2024Q4,FOXA
2024Q4,FRT
2024Q4,FSLR
2024Q4,FTNT
2024Q4,FTV
2024Q4,GD
2024Q4,GDDY
2024Q4,GE
2024Q4,GEHC
2024Q4,GEN
2024Q4,GEV
2024Q4,GILD
2024Q4,GIS
2024Q4,GL
2024Q4,GLW
2024Q4,GM
2024Q4,GNRC
2024Q4,GOOG
2024Q4,GOOGL
2024Q4,GPC
2024Q4,GPN
2024Q4,GRMN
2024Q4,GS
2024Q4,GWW
2024Q4,HAL
2024Q4,HAS
2024Q4,HBAN
2024Q4,HCA
2024Q4,HD
2024Q4,HES
2024Q4,HIG
2024Q4,HII
2024Q4,HLT
2024Q4,HOLX
2024Q4,HON
2024Q4,HPE
2024Q4,HPQ
2024Q4,HRL
2024Q4,HSIC
2024Q4,HST
2024Q4,HSY
2024Q4,HUBB
2024Q4,HUM
2024Q4,HWM
2024Q4,IBM
2024Q4,ICE
2024Q4,IDXX
2024Q4,IEX
2024Q4,IFF
2024Q4,INCY
2024Q4,INTC
2024Q4,INTU
2024Q4,INVH
2024Q4,IP
2024Q4,IPG
2024Q4,IQV
2024Q4,IR
2024Q4,IRM
2024Q4,ISRG
2024Q4,IT
2024Q4,ITW
2024Q4,IVZ
2024Q4,J
2024Q4,JBHT
2024Q4,JBL
2024Q4,JCI
2024Q4,JKHY
2024Q4,JNJ
2024Q4,JNPR
2024Q4,JPM
2024Q4,K
2024Q4,KDP
2024Q4,KEY
2024Q4,KEYS
2024Q4,KHC
2024Q4,KIM
2024Q4,KKR
2024Q4,KLAC
2024Q4,KMB
2024Q4,KMI
2024Q4,KMX
2024Q4,KO
2024Q4,KR
2024Q4,KVUE
2024Q4,L
2024Q4,LDOS
2024Q4,LEN
2024Q4,LH
2024Q4,LHX
2024Q4,LII
2024Q4,LIN
2024Q4,LKQ
2024Q4,LLY
2024Q4,LMT
2024Q4,LNT
2024Q4,LOW
2024Q4,LRCX
2024Q4,LULU
2024Q4,LUV
2024Q4,LVS
2024Q4,LW
2024Q4,LYB
2024Q4,LYV
2024Q4,MA
2024Q4,MAA
2024Q4,MAR
2024Q4,MAS
2024Q4,MCD
2024Q4,MCHP
2024Q4,MCK
2024Q4,MCO
2024Q4,MDLZ
2024Q4,MDT
2024Q4,MET
2024Q4,META
2024Q4,MGM
2024Q4,MHK
2024Q4,MKC
2024Q4,MKTX
2024Q4,MLM
2024Q4,MMC
2024Q4,MMM
2024Q4,MNST
2024Q4,MO
2024Q4,MOH
2024Q4,MOS
2024Q4,MPC
2024Q4,MPWR
2024Q4,MRK
2024Q4,MRNA
2024Q4,MS
2024Q4,MSCI
2024Q4,MSFT
2024Q4,MSI
2024Q4,MTB
2024Q4,MTCH
2024Q4,MTD
2024Q4,MU
2024Q4,NCLH
2024Q4,NDAQ
2024Q4,NDSN
2024Q4,NEE
2024Q4,NEM
2024Q4,NFLX
2024Q4,NI
2024Q4,NKE
2024Q4,NOC
2024Q4,NOW
2024Q4,NRG
2024Q4,NSC
2024Q4,NTAP
2024Q4,NTRS
2024Q4,NUE
2024Q4,NVDA
2024Q4,NVR
2024Q4,NWS
2024Q4,NWSA
2024Q4,NXPI
2024Q4,O
2024Q4,ODFL
2024Q4,OKE
2024Q4,OMC
2024Q4,ON
2024Q4,ORCL
2024Q4,ORLY
2024Q4,OTIS
2024Q4,OXY
2024Q4,PANW
2024Q4,PARA
2024Q4,PAYC
2024Q4,PAYX
2024Q4,PCAR
2024Q4,PCG
2024Q4,PEG
2024Q4,PEP
2024Q4,PFE
2024Q4,PFG
2024Q4,PG
2024Q4,PGR
2024Q4,PH
2024Q4,PHM
2024Q4,PKG
2024Q4,PLD
2024Q4,PLTR
2024Q4,PM
2024Q4,PNC
2024Q4,PNR
2024Q4,PNW
2024Q4,PODD
2024Q4,POOL
2024Q4,PPG
2024Q4,PPL
2024Q4,PRU
2024Q4,PSA
2024Q4,PSX
2024Q4,PTC
2024Q4,PWR
2024Q4,PYPL
2024Q4,QCOM
2024Q4,RCL
2024Q4,REG
2024Q4,REGN
2024Q4,RF
2024Q4,RJF
2024Q4,RL
2024Q4,RMD
2024Q4,ROK
2024Q4,ROL
2024Q4,ROP
2024Q4,ROST
2024Q4,RSG
2024Q4,RTX
2024Q4,RVTY
2024Q4,SBAC
2024Q4,SBUX
2024Q4,SCHW
2024Q4,SHW
2024Q4,SJM
2024Q4,SLB
2024Q4,SMCI
2024Q4,SNA
2024Q4,SNPS
2024Q4,SO
2024Q4,SOLV
2024Q4,SPG
2024Q4,SPGI
2024Q4,SRE
2024Q4,STE
2024Q4,STLD
2024Q4,STT
2024Q4,STX
2024Q4,STZ
2024Q4,SW
2024Q4,SWK
2024Q4,SWKS
2024Q4,SYF
2024Q4,SYK
2024Q4,SYY
2024Q4,T
2024Q4,TAP
2024Q4,TDG
2024Q4,TDY
2024Q4,TECH
2024Q4,TEL
2024Q4,TER
2024Q4,TFC
2024Q4,TFX
2024Q4,TGT
2024Q4,TJX
2024Q4,TMO
2024Q4,TMUS
2024Q4,TPL
2024Q4,TPR
2024Q4,TRGP
2024Q4,TRMB
2024Q4,TROW
2024Q4,TRV
2024Q4,TSCO
2024Q4,TSLA
2024Q4,TSN
2024Q4,TT
2024Q4,TTWO
2024Q4,TXN
2024Q4,TXT
2024Q4,TYL
2024Q4,UAL
2024Q4,UBER
2024Q4,UDR
2024Q4,UHS
2024Q4,ULTA
2024Q4,UNH
2024Q4,UNP
2024Q4,UPS
2024Q4,URI
2024Q4,USB
2024Q4,V
2024Q4,VICI
2024Q4,VLO
2024Q4,VLTO
2024Q4,VMC
2024Q4,VRSK
2024Q4,VRSN
2024Q4,VRTX
2024Q4,VST
2024Q4,VTR
2024Q4,VTRS
2024Q4,VZ
2024Q4,WAB
2024Q4,WAT
2024Q4,WBA
2024Q4,WBD
2024Q4,WDAY
2024Q4,WDC
2024Q4,WEC
2024Q4,WELL
2024Q4,WFC
2024Q4,WM
2024Q4,WMB
2024Q4,WMT
2024Q4,WRB
2024Q4,WST
2024Q4,WTW
2024Q4,WY
2024Q4,WYNN
2024Q4,XEL
2024Q4,XOM
2024Q4,XYL
2024Q4,YUM
2024Q4,ZBH
2024Q4,ZBRA
2024Q4,ZTS
2025Q2,A
2025Q2,AAPL
2025Q2,ABBV
2025Q2,ABNB
2025Q2,ABT
2025Q2,ACGL
2025Q2,ACN
2025Q2,ADBE
2025Q2,ADI
2025Q2,ADM
2025Q2,ADP
2025Q2,ADSK
2025Q2,AEE
2025Q2,AEP
2025Q2,AES
2025Q2,AFL
2025Q2,AIG
2025Q2,AIZ
2025Q2,AJG
2025Q2,AKAM
2025Q2,ALB
2025Q2,ALGN
2025Q2,ALL
2025Q2,ALLE
2025Q2,AMAT
2025Q2,AMCR
2025Q2,AMD
2025Q2,AME
2025Q2,AMGN
2025Q2,AMP
2025Q2,AMT
2025Q2,AMZN
2025Q2,ANET
2025Q2,ANSS
2025Q2,AON
2025Q2,AOS
2025Q2,APA
2025Q2,APD
2025Q2,APH
2025Q2,APO
2025Q2,APTV
2025Q2,ARE
2025Q2,ATO
2025Q2,AVB
2025Q2,AVGO
2025Q2,AVY
2025Q2,AWK
2025Q2,AXON
2025Q2,AXP
2025Q2,AZO
2025Q2,BA
2025Q2,BAC
2025Q2,BALL
2025Q2,BAX
2025Q2,BBY
2025Q2,BDX
2025Q2,BEN
2025Q2,BF.B
2025Q2,BG
2025Q2,BIIB
2025Q2,BK
2025Q2,BKNG
2025Q2,BKR
2025Q2,BLDR
2025Q2,BLK
2025Q2,BMY
2025Q2,BR
2025Q2,BRK.B
2025Q2,BRO
2025Q2,BSX
2025Q2,BX
2025Q2,BXP
2025Q2,C
2025Q2,CAG
2025Q2,CAH
2025Q2,CARR
2025Q2,CAT
2025Q2,CB
2025Q2,CBOE
2025Q2,CBRE
2025Q2,CCI
2025Q2,CCL
2025Q2,CDNS
2025Q2,CDW
2025Q2,CEG
2025Q2,CF
2025Q2,CFG
2025Q2,CHD
2025Q2,CHRW
2025Q2,CHTR
2025Q2,CI
2025Q2,CINF
2025Q2,CL
2025Q2,CLX
2025Q2,CMCSA
2025Q2,CME
2025Q2,CMG
2025Q2,CMI
2025Q2,CMS
2025Q2,CNC
2025Q2,CNP
2025Q2,COF
2025Q2,COO
2025Q2,COP
2025Q2,COR
2025Q2,COST
2025Q2,CPAY
2025Q2,CPB
2025Q2,CPRT
2025Q2,CPT
2025Q2,CRL
2025Q2,CRM
2025Q2,CRWD
2025Q2,CSCO
2025Q2,CSGP
2025Q2,CSX
2025Q2,CTAS
2025Q2,CTRA
2025Q2,CTSH
2025Q2,CTVA
2025Q2,CVS
2025Q2,CVX
2025Q2,CZR
2025Q2,D
2025Q2,DAL
2025Q2,DASH
2025Q2,DAY
2025Q2,DD
2025Q2,DE
2025Q2,DECK
2025Q2,DELL
2025Q2,DFS
2025Q2,DG
2025Q2,DGX
2025Q2,DHI
2025Q2,DHR
2025Q2,DIS
2025Q2,DLR
2025Q2,DLTR
2025Q2,DOC
2025Q2,DOV
2025Q2,DOW
2025Q2,DPZ
2025Q2,DRI
2025Q2,DTE
2025Q2,DUK
2025Q2,DVA
2025Q2,DVN
2025Q2,DXCM
2025Q2,EA
2025Q2,EBAY
2025Q2,ECL
2025Q2,ED
2025Q2,EFX
2025Q2,EG
2025Q2,EIX
2025Q2,EL
2025Q2,ELV
2025Q2,EMN
2025Q2,EMR
2025Q2,ENPH
2025Q2,EOG
2025Q2,EPAM
2025Q2,EQIX
2025Q2,EQR
2025Q2,EQT
2025Q2,ERIE
2025Q2,ES
2025Q2,ESS
2025Q2,ETN
2025Q2,ETR
2025Q2,EVRG
2025Q2,EW
2025Q2,EXC
2025Q2,EXE
2025Q2,EXPD
2025Q2,EXPE
2025Q2,EXR
2025Q2,F
2025Q2,FANG
2025Q2,FAST
2025Q2,FCX
2025Q2,FDS
2025Q2,FDX
2025Q2,FE
2025Q2,FFIV
2025Q2,FI
2025Q2,FICO
2025Q2,FIS
2025Q2,FITB
2025Q2,FOX
2025Q2,FOXA
2025Q2,FRT
2025Q2,FSLR
2025Q2,FTNT
2025Q2,FTV
2025Q2,GD
2025Q2,GDDY
2025Q2,GE
2025Q2,GEHC
2025Q2,GEN
2025Q2,GEV
2025Q2,GILD
2025Q2,GIS
2025Q2,GL
2025Q2,GLW
2025Q2,GM
2025Q2,GNRC
2025Q2,GOOG
2025Q2,GOOGL
2025Q2,GPC
2025Q2,GPN
2025Q2,GRMN
2025Q2,GS
2025Q2,GWW
2025Q2,HAL
2025Q2,HAS
2025Q2,HBAN
2025Q2,HCA
2025Q2,HD
2025Q2,HES
2025Q2,HIG
2025Q2,HII
2025Q2,HLT
2025Q2,HOLX
2025Q2,HON
2025Q2,HPE
2025Q2,HPQ
2025Q2,HRL
2025Q2,HSIC
2025Q2,HST
2025Q2,HSY
2025Q2,HUBB
2025Q2,HUM
2025Q2,HWM
2025Q2,IBM
2025Q2,ICE
2025Q2,IDXX
2025Q2,IEX
2025Q2,IFF
2025Q2,INCY
2025Q2,INTC
2025Q2,INTU
2025Q2,INVH
2025Q2,IP
2025Q2,IPG
2025Q2,IQV
2025Q2,IR
2025Q2,IRM
2025Q2,ISRG
2025Q2,IT
2025Q2,ITW
2025Q2,IVZ
2025Q2,J
2025Q2,JBHT
2025Q2,JBL
2025Q2,JCI
2025Q2,JKHY
2025Q2,JNJ
2025Q2,JNPR
2025Q2,JPM
2025Q2,K
2025Q2,KDP
2025Q2,KEY
2025Q2,KEYS
2025Q2,KHC
2025Q2,KIM
2025Q2,KKR
2025Q2,KLAC
2025Q2,KMB
2025Q2,KMI
2025Q2,KMX
2025Q2,KO
2025Q2,KR
2025Q2,KVUE
2025Q2,L
2025Q2,LDOS
2025Q2,LEN
2025Q2,LH
2025Q2,LHX
2025Q2,LII
2025Q2,LIN
2025Q2,LKQ
2025Q2,LLY
2025Q2,LMT
2025Q2,LNT
2025Q2,LOW
2025Q2,LRCX
2025Q2,LULU
2025Q2,LUV
2025Q2,LVS
2025Q2,LW
2025Q2,LYB
2025Q2,LYV
2025Q2,MA
2025Q2,MAA
2025Q2,MAR
2025Q2,MAS
2025Q2,MCD
2025Q2,MCHP
2025Q2,MCK
2025Q2,MCO
2025Q2,MDLZ
2025Q2,MDT
2025Q2,MET
2025Q2,META
2025Q2,MGM
2025Q2,MHK
2025Q2,MKC
2025Q2,MKTX
2025Q2,MLM
2025Q2,MMC
2025Q2,MMM
2025Q2,MNST
2025Q2,MO
2025Q2,MOH
2025Q2,MOS
2025Q2,MPC
2025Q2,MPWR
2025Q2,MRK
2025Q2,MRNA
2025Q2,MS
2025Q2,MSCI
2025Q2,MSFT
2025Q2,MSI
2025Q2,MTB
2025Q2,MTCH
2025Q2,MTD
2025Q2,MU
2025Q2,NCLH
2025Q2,NDAQ
2025Q2,NDSN
2025Q2,NEE
2025Q2,NEM
2025Q2,NFLX
2025Q2,NI
2025Q2,NKE
2025Q2,NOC
2025Q2,NOW
2025Q2,NRG
2025Q2,NSC
2025Q2,NTAP
2025Q2,NTRS
2025Q2,NUE
2025Q2,NVDA
2025Q2,NVR
2025Q2,NWS
2025Q2,NWSA
2025Q2,NXPI
2025Q2,O
2025Q2,ODFL
2025Q2,OKE
2025Q2,OMC
2025Q2,ON
2025Q2,ORCL
2025Q2,ORLY
2025Q2,OTIS
2025Q2,OXY
2025Q2,PANW
2025Q2,PARA
2025Q2,PAYC
2025Q2,PAYX
2025Q2,PCAR
2025Q2,PCG
2025Q2,PEG
2025Q2,PEP
2025Q2,PFE
2025Q2,PFG
2025Q2,PG
2025Q2,PGR
2025Q2,PH
2025Q2,PHM
2025Q2,PKG
2025Q2,PLD
2025Q2,PLTR
2025Q2,PM
2025Q2,PNC
2025Q2,PNR
2025Q2,PNW
2025Q2,PODD
2025Q2,POOL
2025Q2,PPG
2025Q2,PPL
2025Q2,PRU
2025Q2,PSA
2025Q2,PSX
2025Q2,PTC
2025Q2,PWR
2025Q2,PYPL
2025Q2,QCOM
2025Q2,RCL
2025Q2,REG
2025Q2,REGN
2025Q2,RF
2025Q2,RJF
2025Q2,RL
2025Q2,RMD
2025Q2,ROK
2025Q2,ROL
2025Q2,ROP
2025Q2,ROST
2025Q2,RSG
2025Q2,RTX
2025Q2,RVTY
2025Q2,SBAC
2025Q2,SBUX
2025Q2,SCHW
2025Q2,SHW
2025Q2,SJM
2025Q2,SLB
2025Q2,SMCI
2025Q2,SNA
2025Q2,SNPS
2025Q2,SO
2025Q2,SOLV
2025Q2,SPG
2025Q2,SPGI
2025Q2,SRE
2025Q2,STE
2025Q2,STLD
2025Q2,STT
2025Q2,STX
2025Q2,STZ
2025Q2,SW
2025Q2,SWK
2025Q2,SWKS
2025Q2,SYF
2025Q2,SYK
2025Q2,SYY
2025Q2,T
2025Q2,TAP
2025Q2,TDG
2025Q2,TDY
2025Q2,TECH
2025Q2,TEL
2025Q2,TER
2025Q2,TFC
2025Q2,TGT
2025Q2,TJX
2025Q2,TKO
2025Q2,TMO
2025Q2,TMUS
2025Q2,TPL
2025Q2,TPR
2025Q2,TRGP
2025Q2,TRMB
2025Q2,TROW
2025Q2,TRV
2025Q2,TSCO
2025Q2,TSLA
2025Q2,TSN
2025Q2,TT
2025Q2,TTWO
2025Q2,TXN
2025Q2,TXT
2025Q2,TYL
2025Q2,UAL
2025Q2,UBER
2025Q2,UDR
2025Q2,UHS
2025Q2,ULTA
2025Q2,UNH
2025Q2,UNP
2025Q2,UPS
2025Q2,URI
2025Q2,USB
2025Q2,V
2025Q2,VICI
2025Q2,VLO
2025Q2,VLTO
2025Q2,VMC
2025Q2,VRSK
2025Q2,VRSN
2025Q2,VRTX
2025Q2,VST
2025Q2,VTR
2025Q2,VTRS
2025Q2,VZ
2025Q2,WAB
2025Q2,WAT
2025Q2,WBA
2025Q2,WBD
2025Q2,WDAY
2025Q2,WDC
2025Q2,WEC
2025Q2,WELL
2025Q2,WFC
2025Q2,WM
2025Q2,WMB
2025Q2,WMT
2025Q2,WRB
2025Q2,WSM
2025Q2,WST
2025Q2,WTW
2025Q2,WY
2025Q2,WYNN
2025Q2,XEL
2025Q2,XOM
2025Q2,XYL
2025Q2,YUM
2025Q2,ZBH
2025Q2,ZBRA
2025Q2,ZTS
2025Q3,A
2025Q3,AAPL
2025Q3,ABBV
2025Q3,ABNB
2025Q3,ABT
2025Q3,ACGL
2025Q3,ACN
2025Q3,ADBE
2025Q3,ADI
2025Q3,ADM
2025Q3,ADP
2025Q3,ADSK
2025Q3,AEE
2025Q3,AEP
2025Q3,AES
2025Q3,AFL
2025Q3,AIG
2025Q3,AIZ
2025Q3,AJG
2025Q3,AKAM
2025Q3,ALB
2025Q3,ALGN
2025Q3,ALL
2025Q3,ALLE
2025Q3,AMAT
2025Q3,AMCR
2025Q3,AMD
2025Q3,AME
2025Q3,AMGN
2025Q3,AMP
2025Q3,AMT
2025Q3,AMZN
2025Q3,ANET
2025Q3,ANSS
2025Q3,AON
2025Q3,AOS
2025Q3,APA
2025Q3,APD
2025Q3,APH
2025Q3,APO
2025Q3,APTV
2025Q3,ARE
2025Q3,ATO
2025Q3,AVB
2025Q3,AVGO
2025Q3,AVY
2025Q3,AWK
2025Q3,AXON
2025Q3,AXP
2025Q3,AZO
2025Q3,BA
2025Q3,BAC
2025Q3,BALL
2025Q3,BAX
2025Q3,BBY
2025Q3,BDX
2025Q3,BEN
2025Q3,BF.B
2025Q3,BG
2025Q3,BIIB
2025Q3,BK
2025Q3,BKNG
2025Q3,BKR
2025Q3,BLDR
2025Q3,BLK
2025Q3,BMY
2025Q3,BR
2025Q3,BRK.B
2025Q3,BRO
2025Q3,BSX
2025Q3,BX
2025Q3,BXP
2025Q3,C
2025Q3,CAG
2025Q3,CAH
2025Q3,CARR
2025Q3,CAT
2025Q3,CB
2025Q3,CBOE
2025Q3,CBRE
2025Q3,CCI
2025Q3,CCL
2025Q3,CDNS
2025Q3,CDW
2025Q3,CEG
2025Q3,CF
2025Q3,CFG
2025Q3,CHD
2025Q3,CHRW
2025Q3,CHTR
2025Q3,CI
2025Q3,CINF
2025Q3,CL
2025Q3,CLX
2025Q3,CMCSA
2025Q3,CME
2025Q3,CMG
2025Q3,CMI
2025Q3,CMS
2025Q3,CNC
2025Q3,CNP
2025Q3,COF
2025Q3,COIN
2025Q3,COO
2025Q3,COP
2025Q3,COR
2025Q3,COST
2025Q3,CPAY
2025Q3,CPB
2025Q3,CPRT
2025Q3,CPT
2025Q3,CRL
2025Q3,CRM
2025Q3,CRWD
2025Q3,CSCO
2025Q3,CSGP
2025Q3,CSX
2025Q3,CTAS
2025Q3,CTRA
2025Q3,CTSH
2025Q3,CTVA
2025Q3,CVS
2025Q3,CVX
2025Q3,CZR
2025Q3,D
2025Q3,DAL
2025Q3,DASH
2025Q3,DAY
2025Q3,DD
2025Q3,DDOG
2025Q3,DE
2025Q3,DECK
2025Q3,DELL
2025Q3,DG
2025Q3,DGX
2025Q3,DHI
2025Q3,DHR
2025Q3,DIS
2025Q3,DLR
2025Q3,DLTR
2025Q3,DOC
2025Q3,DOV
2025Q3,DOW
2025Q3,DPZ
2025Q3,DRI
2025Q3,DTE
2025Q3,DUK
2025Q3,DVA
2025Q3,DVN
2025Q3,DXCM
2025Q3,EA
2025Q3,EBAY
2025Q3,ECL
2025Q3,ED
2025Q3,EFX
2025Q3,EG
2025Q3,EIX
2025Q3,EL
2025Q3,ELV
2025Q3,EMN
2025Q3,EMR
2025Q3,ENPH
2025Q3,EOG
2025Q3,EPAM
2025Q3,EQIX
2025Q3,EQR
2025Q3,EQT
2025Q3,ERIE
2025Q3,ES
2025Q3,ESS
2025Q3,ETN
2025Q3,ETR
2025Q3,EVRG
2025Q3,EW
2025Q3,EXC
2025Q3,EXE
2025Q3,EXPD
2025Q3,EXPE
2025Q3,EXR
2025Q3,F
2025Q3,FANG
2025Q3,FAST
2025Q3,FCX
2025Q3,FDS
2025Q3,FDX
2025Q3,FE
2025Q3,FFIV
2025Q3,FI
2025Q3,FICO
2025Q3,FIS
2025Q3,FITB
2025Q3,FOX
2025Q3,FOXA
2025Q3,FRT
2025Q3,FSLR
2025Q3,FTNT
2025Q3,FTV
2025Q3,GD
2025Q3,GDDY
2025Q3,GE
2025Q3,GEHC
2025Q3,GEN
2025Q3,GEV
2025Q3,GILD
2025Q3,GIS
2025Q3,GL
2025Q3,GLW
2025Q3,GM
2025Q3,GNRC
2025Q3,GOOG
2025Q3,GOOGL
2025Q3,GPC
2025Q3,GPN
2025Q3,GRMN
2025Q3,GS
2025Q3,GWW
2025Q3,HAL
2025Q3,HAS
2025Q3,HBAN
2025Q3,HCA
2025Q3,HD
2025Q3,HES
2025Q3,HIG
2025Q3,HII
2025Q3,HLT
2025Q3,HOLX
2025Q3,HON
2025Q3,HPE
2025Q3,HPQ
2025Q3,HRL
2025Q3,HSIC
2025Q3,HST
2025Q3,HSY
2025Q3,HUBB
2025Q3,HUM
2025Q3,HWM
2025Q3,IBM
2025Q3,ICE
2025Q3,IDXX
2025Q3,IEX
2025Q3,IFF
2025Q3,INCY
2025Q3,INTC
2025Q3,INTU
2025Q3,INVH
2025Q3,IP
2025Q3,IPG
2025Q3,IQV
2025Q3,IR
2025Q3,IRM
2025Q3,ISRG
2025Q3,IT
2025Q3,ITW
2025Q3,IVZ
2025Q3,J
2025Q3,JBHT
2025Q3,JBL
2025Q3,JCI
2025Q3,JKHY
2025Q3,JNJ
2025Q3,JPM
2025Q3,K
2025Q3,KDP
2025Q3,KEY
2025Q3,KEYS
2025Q3,KHC
2025Q3,KIM
2025Q3,KKR
2025Q3,KLAC
2025Q3,KMB
2025Q3,KMI
2025Q3,KMX
2025Q3,KO
2025Q3,KR
2025Q3,KVUE
2025Q3,L
2025Q3,LDOS
2025Q3,LEN
2025Q3,LH
2025Q3,LHX
2025Q3,LII
2025Q3,LIN
2025Q3,LKQ
2025Q3,LLY
2025Q3,LMT
2025Q3,LNT
2025Q3,LOW
2025Q3,LRCX
2025Q3,LULU
2025Q3,LUV
2025Q3,LVS
2025Q3,LW
2025Q3,LYB
2025Q3,LYV
2025Q3,MA
2025Q3,MAA
2025Q3,MAR
2025Q3,MAS
2025Q3,MCD
2025Q3,MCHP
2025Q3,MCK
2025Q3,MCO
2025Q3,MDLZ
2025Q3,MDT
2025Q3,MET
2025Q3,META
2025Q3,MGM
2025Q3,MHK
2025Q3,MKC
2025Q3,MKTX
2025Q3,MLM
2025Q3,MMC
2025Q3,MMM
2025Q3,MNST
2025Q3,MO
2025Q3,MOH
2025Q3,MOS
2025Q3,MPC
2025Q3,MPWR
2025Q3,MRK
2025Q3,MRNA
2025Q3,MS
2025Q3,MSCI
2025Q3,MSFT
2025Q3,MSI
2025Q3,MTB
2025Q3,MTCH
2025Q3,MTD
2025Q3,MU
2025Q3,NCLH
2025Q3,NDAQ
2025Q3,NDSN
2025Q3,NEE
2025Q3,NEM
2025Q3,NFLX
2025Q3,NI
2025Q3,NKE
2025Q3,NOC
2025Q3,NOW
2025Q3,NRG
2025Q3,NSC
2025Q3,NTAP
2025Q3,NTRS
2025Q3,NUE
2025Q3,NVDA
2025Q3,NVR
2025Q3,NWS
2025Q3,NWSA
2025Q3,NXPI
2025Q3,O
2025Q3,ODFL
2025Q3,OKE
2025Q3,OMC
2025Q3,ON
2025Q3,ORCL
2025Q3,ORLY
2025Q3,OTIS
2025Q3,OXY
2025Q3,PANW
2025Q3,PARA
2025Q3,PAYC
2025Q3,PAYX
2025Q3,PCAR
2025Q3,PCG
2025Q3,PEG
2025Q3,PEP
2025Q3,PFE
2025Q3,PFG
2025Q3,PG
2025Q3,PGR
2025Q3,PH
2025Q3,PHM
2025Q3,PKG
2025Q3,PLD
2025Q3,PLTR
2025Q3,PM
2025Q3,PNC
2025Q3,PNR
2025Q3,PNW
2025Q3,PODD
2025Q3,POOL
2025Q3,PPG
2025Q3,PPL
2025Q3,PRU
2025Q3,PSA
2025Q3,PSX
2025Q3,PTC
2025Q3,PWR
2025Q3,PYPL
2025Q3,QCOM
2025Q3,RCL
2025Q3,REG
2025Q3,REGN
2025Q3,RF
2025Q3,RJF
2025Q3,RL
2025Q3,RMD
2025Q3,ROK
2025Q3,ROL
2025Q3,ROP
2025Q3,ROST
2025Q3,RSG
2025Q3,RTX
2025Q3,RVTY
2025Q3,SBAC
2025Q3,SBUX
2025Q3,SCHW
2025Q3,SHW
2025Q3,SJM
2025Q3,SLB
2025Q3,SMCI
2025Q3,SNA
2025Q3,SNPS
2025Q3,SO
2025Q3,SOLV
2025Q3,SPG
2025Q3,SPGI
2025Q3,SRE
2025Q3,STE
2025Q3,STLD
2025Q3,STT
2025Q3,STX
2025Q3,STZ
2025Q3,SW
2025Q3,SWK
2025Q3,SWKS
2025Q3,SYF
2025Q3,SYK
2025Q3,SYY
2025Q3,T
2025Q3,TAP
2025Q3,TDG
2025Q3,TDY
2025Q3,TECH
2025Q3,TEL
2025Q3,TER
2025Q3,TFC
2025Q3,TGT
2025Q3,TJX
2025Q3,TKO
2025Q3,TMO
2025Q3,TMUS
2025Q3,TPL
2025Q3,TPR
2025Q3,TRGP
2025Q3,TRMB
2025Q3,TROW
2025Q3,TRV
2025Q3,TSCO
2025Q3,TSLA
2025Q3,TSN
2025Q3,TT
2025Q3,TTWO
2025Q3,TXN
2025Q3,TXT
2025Q3,TYL
2025Q3,UAL
2025Q3,UBER
2025Q3,UDR
2025Q3,UHS
2025Q3,ULTA
2025Q3,UNH
2025Q3,UNP
2025Q3,UPS
2025Q3,URI
2025Q3,USB
2025Q3,V
2025Q3,VICI
2025Q3,VLO
2025Q3,VLTO
2025Q3,VMC
2025Q3,VRSK
2025Q3,VRSN
2025Q3,VRTX
2025Q3,VST
2025Q3,VTR
2025Q3,VTRS
2025Q3,VZ
2025Q3,WAB
2025Q3,WAT
2025Q3,WBA
2025Q3,WBD
2025Q3,WDAY
2025Q3,WDC
2025Q3,WEC
2025Q3,WELL
2025Q3,WFC
2025Q3,WM
2025Q3,WMB
2025Q3,WMT
2025Q3,WRB
2025Q3,WSM
2025Q3,WST
2025Q3,WTW
2025Q3,WY
2025Q3,WYNN
2025Q3,XEL
2025Q3,XOM
2025Q3,XYL
2025Q3,YUM
2025Q3,ZBH
2025Q3,ZBRA
2025Q3,ZTS
2025Q4,A
2025Q4,AAPL
2025Q4,ABBV
2025Q4,ABNB
2025Q4,ABT
2025Q4,ACGL
2025Q4,ACN
2025Q4,ADBE
2025Q4,ADI
2025Q4,ADM
2025Q4,ADP
2025Q4,ADSK
2025Q4,AEE
2025Q4,AEP
2025Q4,AES
2025Q4,AFL
2025Q4,AIG
2025Q4,AIZ
2025Q4,AJG
2025Q4,AKAM
2025Q4,ALB
2025Q4,ALGN
2025Q4,ALL
2025Q4,ALLE
2025Q4,AMAT
2025Q4,AMCR
2025Q4,AMD
2025Q4,AME
2025Q4,AMGN
2025Q4,AMP
2025Q4,AMT
2025Q4,AMZN
2025Q4,ANET
2025Q4,AON
2025Q4,AOS
2025Q4,APA
2025Q4,APD
2025Q4,APH
2025Q4,APO
2025Q4,APP
2025Q4,APTV
2025Q4,ARE
2025Q4,ATO
2025Q4,AVB
2025Q4,AVGO
2025Q4,AVY
2025Q4,AWK
2025Q4,AXON
2025Q4,AXP
2025Q4,AZO
2025Q4,BA
2025Q4,BAC
2025Q4,BALL
2025Q4,BAX
2025Q4,BBY
2025Q4,BDX
2025Q4,BEN
2025Q4,BF.B
2025Q4,BG
2025Q4,BIIB
2025Q4,BK
2025Q4,BKNG
2025Q4,BKR
2025Q4,BLDR
2025Q4,BLK
2025Q4,BMY
2025Q4,BR
2025Q4,BRK.B
2025Q4,BRO
2025Q4,BSX
2025Q4,BX
2025Q4,BXP
2025Q4,C
2025Q4,CAG
2025Q4,CAH
2025Q4,CARR
2025Q4,CAT
2025Q4,CB
2025Q4,CBOE
2025Q4,CBRE
2025Q4,CCI
2025Q4,CCL
2025Q4,CDNS
2025Q4,CDW
2025Q4,CEG
2025Q4,CF
2025Q4,CFG
2025Q4,CHD
2025Q4,CHRW
2025Q4,CHTR
2025Q4,CI
2025Q4,CINF
2025Q4,CL
2025Q4,CLX
2025Q4,CMCSA
2025Q4,CME
2025Q4,CMG
2025Q4,CMI
2025Q4,CMS
2025Q4,CNC
2025Q4,CNP
2025Q4,COF
2025Q4,COIN
2025Q4,COO
2025Q4,COP
2025Q4,COR
2025Q4,COST
2025Q4,CPAY
2025Q4,CPB
2025Q4,CPRT
2025Q4,CPT
2025Q4,CRL
2025Q4,CRM
2025Q4,CRWD
2025Q4,CSCO
2025Q4,CSGP
2025Q4,CSX
2025Q4,CTAS
2025Q4,CTRA
2025Q4,CTSH
2025Q4,CTVA
2025Q4,CVS
2025Q4,CVX
2025Q4,D
2025Q4,DAL
2025Q4,DASH
2025Q4,DAY
2025Q4,DD
2025Q4,DDOG
2025Q4,DE
2025Q4,DECK
2025Q4,DELL
2025Q4,DG
2025Q4,DGX
2025Q4,DHI
2025Q4,DHR
2025Q4,DIS
2025Q4,DLR
2025Q4,DLTR
2025Q4,DOC
2025Q4,DOV
2025Q4,DOW
2025Q4,DPZ
2025Q4,DRI
2025Q4,DTE
2025Q4,DUK
2025Q4,DVA
2025Q4,DVN
2025Q4,DXCM
2025Q4,EA
2025Q4,EBAY
2025Q4,ECL
2025Q4,ED
2025Q4,EFX
2025Q4,EG
2025Q4,EIX
2025Q4,EL
2025Q4,ELV
2025Q4,EME
2025Q4,EMN
2025Q4,EMR
2025Q4,EOG
2025Q4,EPAM
2025Q4,EQIX
2025Q4,EQR
2025Q4,EQT
2025Q4,ERIE
2025Q4,ES
2025Q4,ESS
2025Q4,ETN
2025Q4,ETR
2025Q4,EVRG
2025Q4,EW
2025Q4,EXC
2025Q4,EXE
2025Q4,EXPD
2025Q4,EXPE
2025Q4,EXR
2025Q4,F
2025Q4,FANG
2025Q4,FAST
2025Q4,FCX
2025Q4,FDS
2025Q4,FDX
2025Q4,FE
2025Q4,FFIV
2025Q4,FI
2025Q4,FICO
2025Q4,FIS
2025Q4,FITB
2025Q4,FOX
2025Q4,FOXA
2025Q4,FRT
2025Q4,FSLR
2025Q4,FTNT
2025Q4,FTV
2025Q4,GD
2025Q4,GDDY
2025Q4,GE
2025Q4,GEHC
2025Q4,GEN
2025Q4,GEV
2025Q4,GILD
2025Q4,GIS
2025Q4,GL
2025Q4,GLW
2025Q4,GM
2025Q4,GNRC
2025Q4,GOOG
2025Q4,GOOGL
2025Q4,GPC
2025Q4,GPN
2025Q4,GRMN
2025Q4,GS
2025Q4,GWW
2025Q4,HAL
2025Q4,HAS
2025Q4,HBAN
2025Q4,HCA
2025Q4,HD
2025Q4,HIG
2025Q4,HII
2025Q4,HLT
2025Q4,HOLX
2025Q4,HON
2025Q4,HOOD
2025Q4,HPE
2025Q4,HPQ
2025Q4,HRL
2025Q4,HSIC
2025Q4,HST
2025Q4,HSY
2025Q4,HUBB
2025Q4,HUM
2025Q4,HWM
2025Q4,IBKR
2025Q4,IBM
2025Q4,ICE
2025Q4,IDXX
2025Q4,IEX
2025Q4,IFF
2025Q4,INCY
2025Q4,INTC
2025Q4,INTU
2025Q4,INVH
2025Q4,IP
2025Q4,IPG
2025Q4,IQV
2025Q4,IR
2025Q4,IRM
2025Q4,ISRG
2025Q4,IT
2025Q4,ITW
2025Q4,IVZ
2025Q4,J
2025Q4,JBHT
2025Q4,JBL
2025Q4,JCI
2025Q4,JKHY
2025Q4,JNJ
2025Q4,JPM
2025Q4,K
2025Q4,KDP
2025Q4,KEY
2025Q4,KEYS
2025Q4,KHC
2025Q4,KIM
2025Q4,KKR
2025Q4,KLAC
2025Q4,KMB
2025Q4,KMI
2025Q4,KMX
2025Q4,KO
2025Q4,KR
2025Q4,KVUE
2025Q4,L
2025Q4,LDOS
2025Q4,LEN
2025Q4,LH
2025Q4,LHX
2025Q4,LII
2025Q4,LIN
2025Q4,LKQ
2025Q4,LLY
2025Q4,LMT
2025Q4,LNT
2025Q4,LOW
2025Q4,LRCX
2025Q4,LULU
2025Q4,LUV
2025Q4,LVS
2025Q4,LW
2025Q4,LYB
2025Q4,LYV
2025Q4,MA
2025Q4,MAA
2025Q4,MAR
2025Q4,MAS
2025Q4,MCD
2025Q4,MCHP
2025Q4,MCK
2025Q4,MCO
2025Q4,MDLZ
2025Q4,MDT
2025Q4,MET
2025Q4,META
2025Q4,MGM
2025Q4,MHK
2025Q4,MKC
2025Q4,MLM
2025Q4,MMC
2025Q4,MMM
2025Q4,MNST
2025Q4,MO
2025Q4,MOH
2025Q4,MOS
2025Q4,MPC
2025Q4,MPWR
2025Q4,MRK
2025Q4,MRNA
2025Q4,MS
2025Q4,MSCI
2025Q4,MSFT
2025Q4,MSI
2025Q4,MTB
2025Q4,MTCH
2025Q4,MTD
2025Q4,MU
2025Q4,NCLH
2025Q4,NDAQ
2025Q4,NDSN
2025Q4,NEE
2025Q4,NEM
2025Q4,NFLX
2025Q4,NI
2025Q4,NKE
2025Q4,NOC
2025Q4,NOW
2025Q4,NRG
2025Q4,NSC
2025Q4,NTAP
2025Q4,NTRS
2025Q4,NUE
2025Q4,NVDA
2025Q4,NVR
2025Q4,NWS
2025Q4,NWSA
2025Q4,NXPI
2025Q4,O
2025Q4,ODFL
2025Q4,OKE
2025Q4,OMC
2025Q4,ON
2025Q4,ORCL
2025Q4,ORLY
2025Q4,OTIS
2025Q4,OXY
2025Q4,PANW
2025Q4,PAYC
2025Q4,PAYX
2025Q4,PCAR
2025Q4,PCG
2025Q4,PEG
2025Q4,PEP
2025Q4,PFE
2025Q4,PFG
2025Q4,PG
2025Q4,PGR
2025Q4,PH
2025Q4,PHM
2025Q4,PKG
2025Q4,PLD
2025Q4,PLTR
2025Q4,PM
2025Q4,PNC
2025Q4,PNR
2025Q4,PNW
2025Q4,PODD
2025Q4,POOL
2025Q4,PPG
2025Q4,PPL
2025Q4,PRU
2025Q4,PSA
2025Q4,PSKY
2025Q4,PSX
2025Q4,PTC
2025Q4,PWR
2025Q4,PYPL
2025Q4,QCOM
2025Q4,RCL
2025Q4,REG
2025Q4,REGN
2025Q4,RF
2025Q4,RJF
2025Q4,RL
2025Q4,RMD
2025Q4,ROK
2025Q4,ROL
2025Q4,ROP
2025Q4,ROST
2025Q4,RSG
2025Q4,RTX
2025Q4,RVTY
2025Q4,SBAC
2025Q4,SBUX
2025Q4,SCHW
2025Q4,SHW
2025Q4,SJM
2025Q4,SLB
2025Q4,SMCI
2025Q4,SNA
2025Q4,SNPS
2025Q4,SO
2025Q4,SOLS
2025Q4,SOLV
2025Q4,SPG
2025Q4,SPGI
2025Q4,SRE
2025Q4,STE
2025Q4,STLD
2025Q4,STT
2025Q4,STX
2025Q4,STZ
2025Q4,SW
2025Q4,SWK
2025Q4,SWKS
2025Q4,SYF
2025Q4,SYK
2025Q4,SYY
2025Q4,T
2025Q4,TAP
2025Q4,TDG
2025Q4,TDY
2025Q4,TECH
2025Q4,TEL
2025Q4,TER
2025Q4,TFC
2025Q4,TGT
2025Q4,TJX
2025Q4,TKO
2025Q4,TMO
2025Q4,TMUS
2025Q4,TPL
2025Q4,TPR
2025Q4,TRGP
2025Q4,TRMB
2025Q4,TROW
2025Q4,TRV
2025Q4,TSCO
2025Q4,TSLA
2025Q4,TSN
2025Q4,TT
2025Q4,TTD
2025Q4,TTWO
2025Q4,TXN
2025Q4,TXT
2025Q4,TYL
2025Q4,UAL
2025Q4,UBER
2025Q4,UDR
2025Q4,UHS
2025Q4,ULTA
2025Q4,UNH
2025Q4,UNP
2025Q4,UPS
2025Q4,URI
2025Q4,USB
2025Q4,V
2025Q4,VICI
2025Q4,VLO
2025Q4,VLTO
2025Q4,VMC
2025Q4,VRSK
2025Q4,VRSN
2025Q4,VRTX
2025Q4,VST
2025Q4,VTR
2025Q4,VTRS
2025Q4,VZ
2025Q4,WAB
2025Q4,WAT
2025Q4,WBD
2025Q4,WDAY
2025Q4,WDC
2025Q4,WEC
2025Q4,WELL
2025Q4,WFC
2025Q4,WM
2025Q4,WMB
2025Q4,WMT
2025Q4,WRB
2025Q4,WSM
2025Q4,WST
2025Q4,WTW
2025Q4,WY
2025Q4,WYNN
2025Q4,XEL
2025Q4,XOM
2025Q4,XYL
2025Q4,XYZ
2025Q4,YUM
2025Q4,ZBH
2025Q4,ZBRA
2025Q4,ZTS
