time_period,date,company
2020Q1,3/3/2020,A
2020Q1,3/3/2020,AAL
2020Q1,3/3/2020,AAP
2020Q1,3/3/2020,AAPL
2020Q1,3/3/2020,ABBV
2020Q1,3/3/2020,ABC
2020Q1,3/3/2020,ABMD
2020Q1,3/3/2020,ABT
2020Q1,3/3/2020,ACN
2020Q1,3/3/2020,ADBE
2020Q1,3/3/2020,ADI
2020Q1,3/3/2020,ADM
2020Q1,3/3/2020,ADP
2020Q1,3/3/2020,ADS
2020Q1,3/3/2020,ADSK
2020Q1,3/3/2020,AEE
2020Q1,3/3/2020,AEP
2020Q1,3/3/2020,AES
2020Q1,3/3/2020,AFL
2020Q1,3/3/2020,AGN
2020Q1,3/3/2020,AIG
2020Q1,3/3/2020,AIV
2020Q1,3/3/2020,AIZ
2020Q1,3/3/2020,AJG
2020Q1,3/3/2020,AKAM
2020Q1,3/3/2020,ALB
2020Q1,3/3/2020,ALGN
2020Q1,3/3/2020,ALK
2020Q1,3/3/2020,ALL
2020Q1,3/3/2020,ALLE
2020Q1,3/3/2020,ALXN
2020Q1,3/3/2020,AMAT
2020Q1,3/3/2020,AMCR
2020Q1,3/3/2020,AMD
2020Q1,3/3/2020,AME
2020Q1,3/3/2020,AMGN
2020Q1,3/3/2020,AMP
2020Q1,3/3/2020,AMT
2020Q1,3/3/2020,AMZN
2020Q1,3/3/2020,ANET
2020Q1,3/3/2020,ANSS
2020Q1,3/3/2020,ANTM
2020Q1,3/3/2020,AON
2020Q1,3/3/2020,AOS
2020Q1,3/3/2020,APA
2020Q1,3/3/2020,APD
2020Q1,3/3/2020,APH
2020Q1,3/3/2020,APTV
2020Q1,3/3/2020,ARE
2020Q1,3/3/2020,ARNC
2020Q1,3/3/2020,ATO
2020Q1,3/3/2020,ATVI
2020Q1,3/3/2020,AVB
2020Q1,3/3/2020,AVGO
2020Q1,3/3/2020,AVY
2020Q1,3/3/2020,AWK
2020Q1,3/3/2020,AXP
2020Q1,3/3/2020,AZO
2020Q1,3/3/2020,BA
2020Q1,3/3/2020,BAC
2020Q1,3/3/2020,BAX
2020Q1,3/3/2020,BBY
2020Q1,3/3/2020,BDX
2020Q1,3/3/2020,BEN
2020Q1,3/3/2020,BF.B
2020Q1,3/3/2020,BIIB
2020Q1,3/3/2020,BK
2020Q1,3/3/2020,BKNG
2020Q1,3/3/2020,BKR
2020Q1,3/3/2020,BLK
2020Q1,3/3/2020,BLL
2020Q1,3/3/2020,BMY
2020Q1,3/3/2020,BR
2020Q1,3/3/2020,BRK.B
2020Q1,3/3/2020,BSX
2020Q1,3/3/2020,BWA
2020Q1,3/3/2020,BXP
2020Q1,3/3/2020,C
2020Q1,3/3/2020,CAG
2020Q1,3/3/2020,CAH
2020Q1,3/3/2020,CAT
2020Q1,3/3/2020,CB
2020Q1,3/3/2020,CBOE
2020Q1,3/3/2020,CBRE
2020Q1,3/3/2020,CCI
2020Q1,3/3/2020,CCL
2020Q1,3/3/2020,CDNS
2020Q1,3/3/2020,CDW
2020Q1,3/3/2020,CE
2020Q1,3/3/2020,CERN
2020Q1,3/3/2020,CF
2020Q1,3/3/2020,CFG
2020Q1,3/3/2020,CHD
2020Q1,3/3/2020,CHRW
2020Q1,3/3/2020,CHTR
2020Q1,3/3/2020,CI
2020Q1,3/3/2020,CINF
2020Q1,3/3/2020,CL
2020Q1,3/3/2020,CLX
2020Q1,3/3/2020,CMA
2020Q1,3/3/2020,CMCSA
2020Q1,3/3/2020,CME
2020Q1,3/3/2020,CMG
2020Q1,3/3/2020,CMI
2020Q1,3/3/2020,CMS
2020Q1,3/3/2020,CNC
2020Q1,3/3/2020,CNP
2020Q1,3/3/2020,COF
2020Q1,3/3/2020,COG
2020Q1,3/3/2020,COO
2020Q1,3/3/2020,COP
2020Q1,3/3/2020,COST
2020Q1,3/3/2020,COTY
2020Q1,3/3/2020,CPB
2020Q1,3/3/2020,CPRI
2020Q1,3/3/2020,CPRT
2020Q1,3/3/2020,CRM
2020Q1,3/3/2020,CSCO
2020Q1,3/3/2020,CSX
2020Q1,3/3/2020,CTAS
2020Q1,3/3/2020,CTL
2020Q1,3/3/2020,CTSH
2020Q1,3/3/2020,CTVA
2020Q1,3/3/2020,CTXS
2020Q1,3/3/2020,CVS
2020Q1,3/3/2020,CVX
2020Q1,3/3/2020,CXO
2020Q1,3/3/2020,D
2020Q1,3/3/2020,DAL
2020Q1,3/3/2020,DD
2020Q1,3/3/2020,DE
2020Q1,3/3/2020,DFS
2020Q1,3/3/2020,DG
2020Q1,3/3/2020,DGX
2020Q1,3/3/2020,DHI
2020Q1,3/3/2020,DHR
2020Q1,3/3/2020,DIS
2020Q1,3/3/2020,DISCA
2020Q1,3/3/2020,DISCK
2020Q1,3/3/2020,DISH
2020Q1,3/3/2020,DLR
2020Q1,3/3/2020,DLTR
2020Q1,3/3/2020,DOV
2020Q1,3/3/2020,DOW
2020Q1,3/3/2020,DRE
2020Q1,3/3/2020,DRI
2020Q1,3/3/2020,DTE
2020Q1,3/3/2020,DUK
2020Q1,3/3/2020,DVA
2020Q1,3/3/2020,DVN
2020Q1,3/3/2020,DXC
2020Q1,3/3/2020,EA
2020Q1,3/3/2020,EBAY
2020Q1,3/3/2020,ECL
2020Q1,3/3/2020,ED
2020Q1,3/3/2020,EFX
2020Q1,3/3/2020,EIX
2020Q1,3/3/2020,EL
2020Q1,3/3/2020,EMN
2020Q1,3/3/2020,EMR
2020Q1,3/3/2020,EOG
2020Q1,3/3/2020,EQIX
2020Q1,3/3/2020,EQR
2020Q1,3/3/2020,ES
2020Q1,3/3/2020,ESS
2020Q1,3/3/2020,ETFC
2020Q1,3/3/2020,ETN
2020Q1,3/3/2020,ETR
2020Q1,3/3/2020,EVRG
2020Q1,3/3/2020,EW
2020Q1,3/3/2020,EXC
2020Q1,3/3/2020,EXPD
2020Q1,3/3/2020,EXPE
2020Q1,3/3/2020,EXR
2020Q1,3/3/2020,F
2020Q1,3/3/2020,FANG
2020Q1,3/3/2020,FAST
2020Q1,3/3/2020,FB
2020Q1,3/3/2020,FBHS
2020Q1,3/3/2020,FCX
2020Q1,3/3/2020,FDX
2020Q1,3/3/2020,FE
2020Q1,3/3/2020,FFIV
2020Q1,3/3/2020,FIS
2020Q1,3/3/2020,FISV
2020Q1,3/3/2020,FITB
2020Q1,3/3/2020,FLIR
2020Q1,3/3/2020,FLS
2020Q1,3/3/2020,FLT
2020Q1,3/3/2020,FMC
2020Q1,3/3/2020,FOX
2020Q1,3/3/2020,FOXA
2020Q1,3/3/2020,FRC
2020Q1,3/3/2020,FRT
2020Q1,3/3/2020,FTI
2020Q1,3/3/2020,FTNT
2020Q1,3/3/2020,FTV
2020Q1,3/3/2020,GD
2020Q1,3/3/2020,GE
2020Q1,3/3/2020,GILD
2020Q1,3/3/2020,GIS
2020Q1,3/3/2020,GL
2020Q1,3/3/2020,GLW
2020Q1,3/3/2020,GM
2020Q1,3/3/2020,GOOG
2020Q1,3/3/2020,GOOGL
2020Q1,3/3/2020,GPC
2020Q1,3/3/2020,GPN
2020Q1,3/3/2020,GPS
2020Q1,3/3/2020,GRMN
2020Q1,3/3/2020,GS
2020Q1,3/3/2020,GWW
2020Q1,3/3/2020,HAL
2020Q1,3/3/2020,HAS
2020Q1,3/3/2020,HBAN
2020Q1,3/3/2020,HBI
2020Q1,3/3/2020,HCA
2020Q1,3/3/2020,HD
2020Q1,3/3/2020,HES
2020Q1,3/3/2020,HFC
2020Q1,3/3/2020,HIG
2020Q1,3/3/2020,HII
2020Q1,3/3/2020,HLT
2020Q1,3/3/2020,HOG
2020Q1,3/3/2020,HOLX
2020Q1,3/3/2020,HON
2020Q1,3/3/2020,HP
2020Q1,3/3/2020,HPE
2020Q1,3/3/2020,HPQ
2020Q1,3/3/2020,HRB
2020Q1,3/3/2020,HRL
2020Q1,3/3/2020,HSIC
2020Q1,3/3/2020,HST
2020Q1,3/3/2020,HSY
2020Q1,3/3/2020,HUM
2020Q1,3/3/2020,IBM
2020Q1,3/3/2020,ICE
2020Q1,3/3/2020,IDXX
2020Q1,3/3/2020,IEX
2020Q1,3/3/2020,IFF
2020Q1,3/3/2020,ILMN
2020Q1,3/3/2020,INCY
2020Q1,3/3/2020,INFO
2020Q1,3/3/2020,INTC
2020Q1,3/3/2020,INTU
2020Q1,3/3/2020,IP
2020Q1,3/3/2020,IPG
2020Q1,3/3/2020,IPGP
2020Q1,3/3/2020,IQV
2020Q1,3/3/2020,IR
2020Q1,3/3/2020,IRM
2020Q1,3/3/2020,ISRG
2020Q1,3/3/2020,IT
2020Q1,3/3/2020,ITW
2020Q1,3/3/2020,IVZ
2020Q1,3/3/2020,J
2020Q1,3/3/2020,JBHT
2020Q1,3/3/2020,JCI
2020Q1,3/3/2020,JKHY
2020Q1,3/3/2020,JNJ
2020Q1,3/3/2020,JNPR
2020Q1,3/3/2020,JPM
2020Q1,3/3/2020,JWN
2020Q1,3/3/2020,K
2020Q1,3/3/2020,KEY
2020Q1,3/3/2020,KEYS
2020Q1,3/3/2020,KHC
2020Q1,3/3/2020,KIM
2020Q1,3/3/2020,KLAC
2020Q1,3/3/2020,KMB
2020Q1,3/3/2020,KMI
2020Q1,3/3/2020,KMX
2020Q1,3/3/2020,KO
2020Q1,3/3/2020,KR
2020Q1,3/3/2020,KSS
2020Q1,3/3/2020,KSU
2020Q1,3/3/2020,L
2020Q1,3/3/2020,LB
2020Q1,3/3/2020,LDOS
2020Q1,3/3/2020,LEG
2020Q1,3/3/2020,LEN
2020Q1,3/3/2020,LH
2020Q1,3/3/2020,LHX
2020Q1,3/3/2020,LIN
2020Q1,3/3/2020,LKQ
2020Q1,3/3/2020,LLY
2020Q1,3/3/2020,LMT
2020Q1,3/3/2020,LNC
2020Q1,3/3/2020,LNT
2020Q1,3/3/2020,LOW
2020Q1,3/3/2020,LRCX
2020Q1,3/3/2020,LUV
2020Q1,3/3/2020,LVS
2020Q1,3/3/2020,LW
2020Q1,3/3/2020,LYB
2020Q1,3/3/2020,LYV
2020Q1,3/3/2020,M
2020Q1,3/3/2020,MA
2020Q1,3/3/2020,MAA
2020Q1,3/3/2020,MAR
2020Q1,3/3/2020,MAS
2020Q1,3/3/2020,MCD
2020Q1,3/3/2020,MCHP
2020Q1,3/3/2020,MCK
2020Q1,3/3/2020,MCO
2020Q1,3/3/2020,MDLZ
2020Q1,3/3/2020,MDT
2020Q1,3/3/2020,MET
2020Q1,3/3/2020,MGM
2020Q1,3/3/2020,MHK
2020Q1,3/3/2020,MKC
2020Q1,3/3/2020,MKTX
2020Q1,3/3/2020,MLM
2020Q1,3/3/2020,MMC
2020Q1,3/3/2020,MMM
2020Q1,3/3/2020,MNST
2020Q1,3/3/2020,MO
2020Q1,3/3/2020,MOS
2020Q1,3/3/2020,MPC
2020Q1,3/3/2020,MRK
2020Q1,3/3/2020,MRO
2020Q1,3/3/2020,MS
2020Q1,3/3/2020,MSCI
2020Q1,3/3/2020,MSFT
2020Q1,3/3/2020,MSI
2020Q1,3/3/2020,MTB
2020Q1,3/3/2020,MTD
2020Q1,3/3/2020,MU
2020Q1,3/3/2020,MXIM
2020Q1,3/3/2020,MYL
2020Q1,3/3/2020,NBL
2020Q1,3/3/2020,NCLH
2020Q1,3/3/2020,NDAQ
2020Q1,3/3/2020,NEE
2020Q1,3/3/2020,NEM
2020Q1,3/3/2020,NFLX
2020Q1,3/3/2020,NI
2020Q1,3/3/2020,NKE
2020Q1,3/3/2020,NLOK
2020Q1,3/3/2020,NLSN
2020Q1,3/3/2020,NOC
2020Q1,3/3/2020,NOV
2020Q1,3/3/2020,NOW
2020Q1,3/3/2020,NRG
2020Q1,3/3/2020,NSC
2020Q1,3/3/2020,NTAP
2020Q1,3/3/2020,NTRS
2020Q1,3/3/2020,NUE
2020Q1,3/3/2020,NVDA
2020Q1,3/3/2020,NVR
2020Q1,3/3/2020,NWL
2020Q1,3/3/2020,NWS
2020Q1,3/3/2020,NWSA
2020Q1,3/3/2020,O
2020Q1,3/3/2020,ODFL
2020Q1,3/3/2020,OKE
2020Q1,3/3/2020,OMC
2020Q1,3/3/2020,ORCL
2020Q1,3/3/2020,ORLY
2020Q1,3/3/2020,OXY
2020Q1,3/3/2020,PAYC
2020Q1,3/3/2020,PAYX
2020Q1,3/3/2020,PBCT
2020Q1,3/3/2020,PCAR
2020Q1,3/3/2020,PEAK
2020Q1,3/3/2020,PEG
2020Q1,3/3/2020,PEP
2020Q1,3/3/2020,PFE
2020Q1,3/3/2020,PFG
2020Q1,3/3/2020,PG
2020Q1,3/3/2020,PGR
2020Q1,3/3/2020,PH
2020Q1,3/3/2020,PHM
2020Q1,3/3/2020,PKG
2020Q1,3/3/2020,PKI
2020Q1,3/3/2020,PLD
2020Q1,3/3/2020,PM
2020Q1,3/3/2020,PNC
2020Q1,3/3/2020,PNR
2020Q1,3/3/2020,PNW
2020Q1,3/3/2020,PPG
2020Q1,3/3/2020,PPL
2020Q1,3/3/2020,PRGO
2020Q1,3/3/2020,PRU
2020Q1,3/3/2020,PSA
2020Q1,3/3/2020,PSX
2020Q1,3/3/2020,PVH
2020Q1,3/3/2020,PWR
2020Q1,3/3/2020,PXD
2020Q1,3/3/2020,PYPL
2020Q1,3/3/2020,QCOM
2020Q1,3/3/2020,QRVO
2020Q1,3/3/2020,RCL
2020Q1,3/3/2020,RE
2020Q1,3/3/2020,REG
2020Q1,3/3/2020,REGN
2020Q1,3/3/2020,RF
2020Q1,3/3/2020,RHI
2020Q1,3/3/2020,RJF
2020Q1,3/3/2020,RL
2020Q1,3/3/2020,RMD
2020Q1,3/3/2020,ROK
2020Q1,3/3/2020,ROL
2020Q1,3/3/2020,ROP
2020Q1,3/3/2020,ROST
2020Q1,3/3/2020,RSG
2020Q1,3/3/2020,RTN
2020Q1,3/3/2020,SBAC
2020Q1,3/3/2020,SBUX
2020Q1,3/3/2020,SCHW
2020Q1,3/3/2020,SEE
2020Q1,3/3/2020,SHW
2020Q1,3/3/2020,SIVB
2020Q1,3/3/2020,SJM
2020Q1,3/3/2020,SLB
2020Q1,3/3/2020,SLG
2020Q1,3/3/2020,SNA
2020Q1,3/3/2020,SNPS
2020Q1,3/3/2020,SO
2020Q1,3/3/2020,SPG
2020Q1,3/3/2020,SPGI
2020Q1,3/3/2020,SRE
2020Q1,3/3/2020,STE
2020Q1,3/3/2020,STT
2020Q1,3/3/2020,STX
2020Q1,3/3/2020,STZ
2020Q1,3/3/2020,SWK
2020Q1,3/3/2020,SWKS
2020Q1,3/3/2020,SYF
2020Q1,3/3/2020,SYK
2020Q1,3/3/2020,SYY
2020Q1,3/3/2020,T
2020Q1,3/3/2020,TAP
2020Q1,3/3/2020,TDG
2020Q1,3/3/2020,TEL
2020Q1,3/3/2020,TFC
2020Q1,3/3/2020,TFX
2020Q1,3/3/2020,TGT
2020Q1,3/3/2020,TIF
2020Q1,3/3/2020,TJX
2020Q1,3/3/2020,TMO
2020Q1,3/3/2020,TMUS
2020Q1,3/3/2020,TPR
2020Q1,3/3/2020,TROW
2020Q1,3/3/2020,TRV
2020Q1,3/3/2020,TSCO
2020Q1,3/3/2020,TSN
2020Q1,3/3/2020,TT
2020Q1,3/3/2020,TTWO
2020Q1,3/3/2020,TWTR
2020Q1,3/3/2020,TXN
2020Q1,3/3/2020,TXT
2020Q1,3/3/2020,UA
2020Q1,3/3/2020,UAA
2020Q1,3/3/2020,UAL
2020Q1,3/3/2020,UDR
2020Q1,3/3/2020,UHS
2020Q1,3/3/2020,ULTA
2020Q1,3/3/2020,UNH
2020Q1,3/3/2020,UNM
2020Q1,3/3/2020,UNP
2020Q1,3/3/2020,UPS
2020Q1,3/3/2020,URI
2020Q1,3/3/2020,USB
2020Q1,3/3/2020,UTX
2020Q1,3/3/2020,V
2020Q1,3/3/2020,VAR
2020Q1,3/3/2020,VFC
2020Q1,3/3/2020,VIAC
2020Q1,3/3/2020,VLO
2020Q1,3/3/2020,VMC
2020Q1,3/3/2020,VNO
2020Q1,3/3/2020,VRSK
2020Q1,3/3/2020,VRSN
2020Q1,3/3/2020,VRTX
2020Q1,3/3/2020,VTR
2020Q1,3/3/2020,VZ
2020Q1,3/3/2020,WAB
2020Q1,3/3/2020,WAT
2020Q1,3/3/2020,WBA
2020Q1,3/3/2020,WDC
2020Q1,3/3/2020,WEC
2020Q1,3/3/2020,WELL
2020Q1,3/3/2020,WFC
2020Q1,3/3/2020,WHR
2020Q1,3/3/2020,WLTW
2020Q1,3/3/2020,WM
2020Q1,3/3/2020,WMB
2020Q1,3/3/2020,WMT
2020Q1,3/3/2020,WRB
2020Q1,3/3/2020,WRK
2020Q1,3/3/2020,WU
2020Q1,3/3/2020,WY
2020Q1,3/3/2020,WYNN
2020Q1,3/3/2020,XEL
2020Q1,3/3/2020,XLNX
2020Q1,3/3/2020,XOM
2020Q1,3/3/2020,XRAY
2020Q1,3/3/2020,XRX
2020Q1,3/3/2020,XYL
2020Q1,3/3/2020,YUM
2020Q1,3/3/2020,ZBH
2020Q1,3/3/2020,ZBRA
2020Q1,3/3/2020,ZION
2020Q1,3/3/2020,ZTS
2020Q2,6/22/2020,A
2020Q2,6/22/2020,AAL
2020Q2,6/22/2020,AAP
2020Q2,6/22/2020,AAPL
2020Q2,6/22/2020,ABBV
2020Q2,6/22/2020,ABC
2020Q2,6/22/2020,ABMD
2020Q2,6/22/2020,ABT
2020Q2,6/22/2020,ACN
2020Q2,6/22/2020,ADBE
2020Q2,6/22/2020,ADI
2020Q2,6/22/2020,ADM
2020Q2,6/22/2020,ADP
2020Q2,6/22/2020,ADSK
2020Q2,6/22/2020,AEE
2020Q2,6/22/2020,AEP
2020Q2,6/22/2020,AES
2020Q2,6/22/2020,AFL
2020Q2,6/22/2020,AIG
2020Q2,6/22/2020,AIV
2020Q2,6/22/2020,AIZ
2020Q2,6/22/2020,AJG
2020Q2,6/22/2020,AKAM
2020Q2,6/22/2020,ALB
2020Q2,6/22/2020,ALGN
2020Q2,6/22/2020,ALK
2020Q2,6/22/2020,ALL
2020Q2,6/22/2020,ALLE
2020Q2,6/22/2020,ALXN
2020Q2,6/22/2020,AMAT
2020Q2,6/22/2020,AMCR
2020Q2,6/22/2020,AMD
2020Q2,6/22/2020,AME
2020Q2,6/22/2020,AMGN
2020Q2,6/22/2020,AMP
2020Q2,6/22/2020,AMT
2020Q2,6/22/2020,AMZN
2020Q2,6/22/2020,ANET
2020Q2,6/22/2020,ANSS
2020Q2,6/22/2020,ANTM
2020Q2,6/22/2020,AON
2020Q2,6/22/2020,AOS
2020Q2,6/22/2020,APA
2020Q2,6/22/2020,APD
2020Q2,6/22/2020,APH
2020Q2,6/22/2020,APTV
2020Q2,6/22/2020,ARE
2020Q2,6/22/2020,ATO
2020Q2,6/22/2020,ATVI
2020Q2,6/22/2020,AVB
2020Q2,6/22/2020,AVGO
2020Q2,6/22/2020,AVY
2020Q2,6/22/2020,AWK
2020Q2,6/22/2020,AXP
2020Q2,6/22/2020,AZO
2020Q2,6/22/2020,BA
2020Q2,6/22/2020,BAC
2020Q2,6/22/2020,BAX
2020Q2,6/22/2020,BBY
2020Q2,6/22/2020,BDX
2020Q2,6/22/2020,BEN
2020Q2,6/22/2020,BF.B
2020Q2,6/22/2020,BIIB
2020Q2,6/22/2020,BIO
2020Q2,6/22/2020,BK
2020Q2,6/22/2020,BKNG
2020Q2,6/22/2020,BKR
2020Q2,6/22/2020,BLK
2020Q2,6/22/2020,BLL
2020Q2,6/22/2020,BMY
2020Q2,6/22/2020,BR
2020Q2,6/22/2020,BRK.B
2020Q2,6/22/2020,BSX
2020Q2,6/22/2020,BWA
2020Q2,6/22/2020,BXP
2020Q2,6/22/2020,C
2020Q2,6/22/2020,CAG
2020Q2,6/22/2020,CAH
2020Q2,6/22/2020,CARR
2020Q2,6/22/2020,CAT
2020Q2,6/22/2020,CB
2020Q2,6/22/2020,CBOE
2020Q2,6/22/2020,CBRE
2020Q2,6/22/2020,CCI
2020Q2,6/22/2020,CCL
2020Q2,6/22/2020,CDNS
2020Q2,6/22/2020,CDW
2020Q2,6/22/2020,CE
2020Q2,6/22/2020,CERN
2020Q2,6/22/2020,CF
2020Q2,6/22/2020,CFG
2020Q2,6/22/2020,CHD
2020Q2,6/22/2020,CHRW
2020Q2,6/22/2020,CHTR
2020Q2,6/22/2020,CI
2020Q2,6/22/2020,CINF
2020Q2,6/22/2020,CL
2020Q2,6/22/2020,CLX
2020Q2,6/22/2020,CMA
2020Q2,6/22/2020,CMCSA
2020Q2,6/22/2020,CME
2020Q2,6/22/2020,CMG
2020Q2,6/22/2020,CMI
2020Q2,6/22/2020,CMS
2020Q2,6/22/2020,CNC
2020Q2,6/22/2020,CNP
2020Q2,6/22/2020,COF
2020Q2,6/22/2020,COG
2020Q2,6/22/2020,COO
2020Q2,6/22/2020,COP
2020Q2,6/22/2020,COST
2020Q2,6/22/2020,COTY
2020Q2,6/22/2020,CPB
2020Q2,6/22/2020,CPRT
2020Q2,6/22/2020,CRM
2020Q2,6/22/2020,CSCO
2020Q2,6/22/2020,CSX
2020Q2,6/22/2020,CTAS
2020Q2,6/22/2020,CTL
2020Q2,6/22/2020,CTSH
2020Q2,6/22/2020,CTVA
2020Q2,6/22/2020,CTXS
2020Q2,6/22/2020,CVS
2020Q2,6/22/2020,CVX
2020Q2,6/22/2020,CXO
2020Q2,6/22/2020,D
2020Q2,6/22/2020,DAL
2020Q2,6/22/2020,DD
2020Q2,6/22/2020,DE
2020Q2,6/22/2020,DFS
2020Q2,6/22/2020,DG
2020Q2,6/22/2020,DGX
2020Q2,6/22/2020,DHI
2020Q2,6/22/2020,DHR
2020Q2,6/22/2020,DIS
2020Q2,6/22/2020,DISCA
2020Q2,6/22/2020,DISCK
2020Q2,6/22/2020,DISH
2020Q2,6/22/2020,DLR
2020Q2,6/22/2020,DLTR
2020Q2,6/22/2020,DOV
2020Q2,6/22/2020,DOW
2020Q2,6/22/2020,DPZ
2020Q2,6/22/2020,DRE
2020Q2,6/22/2020,DRI
2020Q2,6/22/2020,DTE
2020Q2,6/22/2020,DUK
2020Q2,6/22/2020,DVA
2020Q2,6/22/2020,DVN
2020Q2,6/22/2020,DXC
2020Q2,6/22/2020,DXCM
2020Q2,6/22/2020,EA
2020Q2,6/22/2020,EBAY
2020Q2,6/22/2020,ECL
2020Q2,6/22/2020,ED
2020Q2,6/22/2020,EFX
2020Q2,6/22/2020,EIX
2020Q2,6/22/2020,EL
2020Q2,6/22/2020,EMN
2020Q2,6/22/2020,EMR
2020Q2,6/22/2020,EOG
2020Q2,6/22/2020,EQIX
2020Q2,6/22/2020,EQR
2020Q2,6/22/2020,ES
2020Q2,6/22/2020,ESS
2020Q2,6/22/2020,ETFC
2020Q2,6/22/2020,ETN
2020Q2,6/22/2020,ETR
2020Q2,6/22/2020,EVRG
2020Q2,6/22/2020,EW
2020Q2,6/22/2020,EXC
2020Q2,6/22/2020,EXPD
2020Q2,6/22/2020,EXPE
2020Q2,6/22/2020,EXR
2020Q2,6/22/2020,F
2020Q2,6/22/2020,FANG
2020Q2,6/22/2020,FAST
2020Q2,6/22/2020,FB
2020Q2,6/22/2020,FBHS
2020Q2,6/22/2020,FCX
2020Q2,6/22/2020,FDX
2020Q2,6/22/2020,FE
2020Q2,6/22/2020,FFIV
2020Q2,6/22/2020,FIS
2020Q2,6/22/2020,FISV
2020Q2,6/22/2020,FITB
2020Q2,6/22/2020,FLIR
2020Q2,6/22/2020,FLS
2020Q2,6/22/2020,FLT
2020Q2,6/22/2020,FMC
2020Q2,6/22/2020,FOX
2020Q2,6/22/2020,FOXA
2020Q2,6/22/2020,FRC
2020Q2,6/22/2020,FRT
2020Q2,6/22/2020,FTI
2020Q2,6/22/2020,FTNT
2020Q2,6/22/2020,FTV
2020Q2,6/22/2020,GD
2020Q2,6/22/2020,GE
2020Q2,6/22/2020,GILD
2020Q2,6/22/2020,GIS
2020Q2,6/22/2020,GL
2020Q2,6/22/2020,GLW
2020Q2,6/22/2020,GM
2020Q2,6/22/2020,GOOG
2020Q2,6/22/2020,GOOGL
2020Q2,6/22/2020,GPC
2020Q2,6/22/2020,GPN
2020Q2,6/22/2020,GPS
2020Q2,6/22/2020,GRMN
2020Q2,6/22/2020,GS
2020Q2,6/22/2020,GWW
2020Q2,6/22/2020,HAL
2020Q2,6/22/2020,HAS
2020Q2,6/22/2020,HBAN
2020Q2,6/22/2020,HBI
2020Q2,6/22/2020,HCA
2020Q2,6/22/2020,HD
2020Q2,6/22/2020,HES
2020Q2,6/22/2020,HFC
2020Q2,6/22/2020,HIG
2020Q2,6/22/2020,HII
2020Q2,6/22/2020,HLT
2020Q2,6/22/2020,HOLX
2020Q2,6/22/2020,HON
2020Q2,6/22/2020,HPE
2020Q2,6/22/2020,HPQ
2020Q2,6/22/2020,HRB
2020Q2,6/22/2020,HRL
2020Q2,6/22/2020,HSIC
2020Q2,6/22/2020,HST
2020Q2,6/22/2020,HSY
2020Q2,6/22/2020,HUM
2020Q2,6/22/2020,HWM
2020Q2,6/22/2020,IBM
2020Q2,6/22/2020,ICE
2020Q2,6/22/2020,IDXX
2020Q2,6/22/2020,IEX
2020Q2,6/22/2020,IFF
2020Q2,6/22/2020,ILMN
2020Q2,6/22/2020,INCY
2020Q2,6/22/2020,INFO
2020Q2,6/22/2020,INTC
2020Q2,6/22/2020,INTU
2020Q2,6/22/2020,IP
2020Q2,6/22/2020,IPG
2020Q2,6/22/2020,IPGP
2020Q2,6/22/2020,IQV
2020Q2,6/22/2020,IR
2020Q2,6/22/2020,IRM
2020Q2,6/22/2020,ISRG
2020Q2,6/22/2020,IT
2020Q2,6/22/2020,ITW
2020Q2,6/22/2020,IVZ
2020Q2,6/22/2020,J
2020Q2,6/22/2020,JBHT
2020Q2,6/22/2020,JCI
2020Q2,6/22/2020,JKHY
2020Q2,6/22/2020,JNJ
2020Q2,6/22/2020,JNPR
2020Q2,6/22/2020,JPM
2020Q2,6/22/2020,K
2020Q2,6/22/2020,KEY
2020Q2,6/22/2020,KEYS
2020Q2,6/22/2020,KHC
2020Q2,6/22/2020,KIM
2020Q2,6/22/2020,KLAC
2020Q2,6/22/2020,KMB
2020Q2,6/22/2020,KMI
2020Q2,6/22/2020,KMX
2020Q2,6/22/2020,KO
2020Q2,6/22/2020,KR
2020Q2,6/22/2020,KSS
2020Q2,6/22/2020,KSU
2020Q2,6/22/2020,L
2020Q2,6/22/2020,LB
2020Q2,6/22/2020,LDOS
2020Q2,6/22/2020,LEG
2020Q2,6/22/2020,LEN
2020Q2,6/22/2020,LH
2020Q2,6/22/2020,LHX
2020Q2,6/22/2020,LIN
2020Q2,6/22/2020,LKQ
2020Q2,6/22/2020,LLY
2020Q2,6/22/2020,LMT
2020Q2,6/22/2020,LNC
2020Q2,6/22/2020,LNT
2020Q2,6/22/2020,LOW
2020Q2,6/22/2020,LRCX
2020Q2,6/22/2020,LUV
2020Q2,6/22/2020,LVS
2020Q2,6/22/2020,LW
2020Q2,6/22/2020,LYB
2020Q2,6/22/2020,LYV
2020Q2,6/22/2020,MA
2020Q2,6/22/2020,MAA
2020Q2,6/22/2020,MAR
2020Q2,6/22/2020,MAS
2020Q2,6/22/2020,MCD
2020Q2,6/22/2020,MCHP
2020Q2,6/22/2020,MCK
2020Q2,6/22/2020,MCO
2020Q2,6/22/2020,MDLZ
2020Q2,6/22/2020,MDT
2020Q2,6/22/2020,MET
2020Q2,6/22/2020,MGM
2020Q2,6/22/2020,MHK
2020Q2,6/22/2020,MKC
2020Q2,6/22/2020,MKTX
2020Q2,6/22/2020,MLM
2020Q2,6/22/2020,MMC
2020Q2,6/22/2020,MMM
2020Q2,6/22/2020,MNST
2020Q2,6/22/2020,MO
2020Q2,6/22/2020,MOS
2020Q2,6/22/2020,MPC
2020Q2,6/22/2020,MRK
2020Q2,6/22/2020,MRO
2020Q2,6/22/2020,MS
2020Q2,6/22/2020,MSCI
2020Q2,6/22/2020,MSFT
2020Q2,6/22/2020,MSI
2020Q2,6/22/2020,MTB
2020Q2,6/22/2020,MTD
2020Q2,6/22/2020,MU
2020Q2,6/22/2020,MXIM
2020Q2,6/22/2020,MYL
2020Q2,6/22/2020,NBL
2020Q2,6/22/2020,NCLH
2020Q2,6/22/2020,NDAQ
2020Q2,6/22/2020,NEE
2020Q2,6/22/2020,NEM
2020Q2,6/22/2020,NFLX
2020Q2,6/22/2020,NI
2020Q2,6/22/2020,NKE
2020Q2,6/22/2020,NLOK
2020Q2,6/22/2020,NLSN
2020Q2,6/22/2020,NOC
2020Q2,6/22/2020,NOV
2020Q2,6/22/2020,NOW
2020Q2,6/22/2020,NRG
2020Q2,6/22/2020,NSC
2020Q2,6/22/2020,NTAP
2020Q2,6/22/2020,NTRS
2020Q2,6/22/2020,NUE
2020Q2,6/22/2020,NVDA
2020Q2,6/22/2020,NVR
2020Q2,6/22/2020,NWL
2020Q2,6/22/2020,NWS
2020Q2,6/22/2020,NWSA
2020Q2,6/22/2020,O
2020Q2,6/22/2020,ODFL
2020Q2,6/22/2020,OKE
2020Q2,6/22/2020,OMC
2020Q2,6/22/2020,ORCL
2020Q2,6/22/2020,ORLY
2020Q2,6/22/2020,OTIS
2020Q2,6/22/2020,OXY
2020Q2,6/22/2020,PAYC
2020Q2,6/22/2020,PAYX
2020Q2,6/22/2020,PBCT
2020Q2,6/22/2020,PCAR
2020Q2,6/22/2020,PEAK
2020Q2,6/22/2020,PEG
2020Q2,6/22/2020,PEP
2020Q2,6/22/2020,PFE
2020Q2,6/22/2020,PFG
2020Q2,6/22/2020,PG
2020Q2,6/22/2020,PGR
2020Q2,6/22/2020,PH
2020Q2,6/22/2020,PHM
2020Q2,6/22/2020,PKG
2020Q2,6/22/2020,PKI
2020Q2,6/22/2020,PLD
2020Q2,6/22/2020,PM
2020Q2,6/22/2020,PNC
2020Q2,6/22/2020,PNR
2020Q2,6/22/2020,PNW
2020Q2,6/22/2020,PPG
2020Q2,6/22/2020,PPL
2020Q2,6/22/2020,PRGO
2020Q2,6/22/2020,PRU
2020Q2,6/22/2020,PSA
2020Q2,6/22/2020,PSX
2020Q2,6/22/2020,PVH
2020Q2,6/22/2020,PWR
2020Q2,6/22/2020,PXD
2020Q2,6/22/2020,PYPL
2020Q2,6/22/2020,QCOM
2020Q2,6/22/2020,QRVO
2020Q2,6/22/2020,RCL
2020Q2,6/22/2020,RE
2020Q2,6/22/2020,REG
2020Q2,6/22/2020,REGN
2020Q2,6/22/2020,RF
2020Q2,6/22/2020,RHI
2020Q2,6/22/2020,RJF
2020Q2,6/22/2020,RL
2020Q2,6/22/2020,RMD
2020Q2,6/22/2020,ROK
2020Q2,6/22/2020,ROL
2020Q2,6/22/2020,ROP
2020Q2,6/22/2020,ROST
2020Q2,6/22/2020,RSG
2020Q2,6/22/2020,RTX
2020Q2,6/22/2020,SBAC
2020Q2,6/22/2020,SBUX
2020Q2,6/22/2020,SCHW
2020Q2,6/22/2020,SEE
2020Q2,6/22/2020,SHW
2020Q2,6/22/2020,SIVB
2020Q2,6/22/2020,SJM
2020Q2,6/22/2020,SLB
2020Q2,6/22/2020,SLG
2020Q2,6/22/2020,SNA
2020Q2,6/22/2020,SNPS
2020Q2,6/22/2020,SO
2020Q2,6/22/2020,SPG
2020Q2,6/22/2020,SPGI
2020Q2,6/22/2020,SRE
2020Q2,6/22/2020,STE
2020Q2,6/22/2020,STT
2020Q2,6/22/2020,STX
2020Q2,6/22/2020,STZ
2020Q2,6/22/2020,SWK
2020Q2,6/22/2020,SWKS
2020Q2,6/22/2020,SYF
2020Q2,6/22/2020,SYK
2020Q2,6/22/2020,SYY
2020Q2,6/22/2020,T
2020Q2,6/22/2020,TAP
2020Q2,6/22/2020,TDG
2020Q2,6/22/2020,TDY
2020Q2,6/22/2020,TEL
2020Q2,6/22/2020,TFC
2020Q2,6/22/2020,TFX
2020Q2,6/22/2020,TGT
2020Q2,6/22/2020,TIF
2020Q2,6/22/2020,TJX
2020Q2,6/22/2020,TMO
2020Q2,6/22/2020,TMUS
2020Q2,6/22/2020,TPR
2020Q2,6/22/2020,TROW
2020Q2,6/22/2020,TRV
2020Q2,6/22/2020,TSCO
2020Q2,6/22/2020,TSN
2020Q2,6/22/2020,TT
2020Q2,6/22/2020,TTWO
2020Q2,6/22/2020,TWTR
2020Q2,6/22/2020,TXN
2020Q2,6/22/2020,TXT
2020Q2,6/22/2020,TYL
2020Q2,6/22/2020,UA
2020Q2,6/22/2020,UAA
2020Q2,6/22/2020,UAL
2020Q2,6/22/2020,UDR
2020Q2,6/22/2020,UHS
2020Q2,6/22/2020,ULTA
2020Q2,6/22/2020,UNH
2020Q2,6/22/2020,UNM
2020Q2,6/22/2020,UNP
2020Q2,6/22/2020,UPS
2020Q2,6/22/2020,URI
2020Q2,6/22/2020,USB
2020Q2,6/22/2020,V
2020Q2,6/22/2020,VAR
2020Q2,6/22/2020,VFC
2020Q2,6/22/2020,VIAC
2020Q2,6/22/2020,VLO
2020Q2,6/22/2020,VMC
2020Q2,6/22/2020,VNO
2020Q2,6/22/2020,VRSK
2020Q2,6/22/2020,VRSN
2020Q2,6/22/2020,VRTX
2020Q2,6/22/2020,VTR
2020Q2,6/22/2020,VZ
2020Q2,6/22/2020,WAB
2020Q2,6/22/2020,WAT
2020Q2,6/22/2020,WBA
2020Q2,6/22/2020,WDC
2020Q2,6/22/2020,WEC
2020Q2,6/22/2020,WELL
2020Q2,6/22/2020,WFC
2020Q2,6/22/2020,WHR
2020Q2,6/22/2020,WLTW
2020Q2,6/22/2020,WM
2020Q2,6/22/2020,WMB
2020Q2,6/22/2020,WMT
2020Q2,6/22/2020,WRB
2020Q2,6/22/2020,WRK
2020Q2,6/22/2020,WST
2020Q2,6/22/2020,WU
2020Q2,6/22/2020,WY
2020Q2,6/22/2020,WYNN
2020Q2,6/22/2020,XEL
2020Q2,6/22/2020,XLNX
2020Q2,6/22/2020,XOM
2020Q2,6/22/2020,XRAY
2020Q2,6/22/2020,XRX
2020Q2,6/22/2020,XYL
2020Q2,6/22/2020,YUM
2020Q2,6/22/2020,ZBH
2020Q2,6/22/2020,ZBRA
2020Q2,6/22/2020,ZION
2020Q2,6/22/2020,ZTS
2020Q3,9/21/2020,A
2020Q3,9/21/2020,AAL
2020Q3,9/21/2020,AAP
2020Q3,9/21/2020,AAPL
2020Q3,9/21/2020,ABBV
2020Q3,9/21/2020,ABC
2020Q3,9/21/2020,ABMD
2020Q3,9/21/2020,ABT
2020Q3,9/21/2020,ACN
2020Q3,9/21/2020,ADBE
2020Q3,9/21/2020,ADI
2020Q3,9/21/2020,ADM
2020Q3,9/21/2020,ADP
2020Q3,9/21/2020,ADSK
2020Q3,9/21/2020,AEE
2020Q3,9/21/2020,AEP
2020Q3,9/21/2020,AES
2020Q3,9/21/2020,AFL
2020Q3,9/21/2020,AIG
2020Q3,9/21/2020,AIV
2020Q3,9/21/2020,AIZ
2020Q3,9/21/2020,AJG
2020Q3,9/21/2020,AKAM
2020Q3,9/21/2020,ALB
2020Q3,9/21/2020,ALGN
2020Q3,9/21/2020,ALK
2020Q3,9/21/2020,ALL
2020Q3,9/21/2020,ALLE
2020Q3,9/21/2020,ALXN
2020Q3,9/21/2020,AMAT
2020Q3,9/21/2020,AMCR
2020Q3,9/21/2020,AMD
2020Q3,9/21/2020,AME
2020Q3,9/21/2020,AMGN
2020Q3,9/21/2020,AMP
2020Q3,9/21/2020,AMT
2020Q3,9/21/2020,AMZN
2020Q3,9/21/2020,ANET
2020Q3,9/21/2020,ANSS
2020Q3,9/21/2020,ANTM
2020Q3,9/21/2020,AON
2020Q3,9/21/2020,AOS
2020Q3,9/21/2020,APA
2020Q3,9/21/2020,APD
2020Q3,9/21/2020,APH
2020Q3,9/21/2020,APTV
2020Q3,9/21/2020,ARE
2020Q3,9/21/2020,ATO
2020Q3,9/21/2020,ATVI
2020Q3,9/21/2020,AVB
2020Q3,9/21/2020,AVGO
2020Q3,9/21/2020,AVY
2020Q3,9/21/2020,AWK
2020Q3,9/21/2020,AXP
2020Q3,9/21/2020,AZO
2020Q3,9/21/2020,BA
2020Q3,9/21/2020,BAC
2020Q3,9/21/2020,BAX
2020Q3,9/21/2020,BBY
2020Q3,9/21/2020,BDX
2020Q3,9/21/2020,BEN
2020Q3,9/21/2020,BF.B
2020Q3,9/21/2020,BIIB
2020Q3,9/21/2020,BIO
2020Q3,9/21/2020,BK
2020Q3,9/21/2020,BKNG
2020Q3,9/21/2020,BKR
2020Q3,9/21/2020,BLK
2020Q3,9/21/2020,BLL
2020Q3,9/21/2020,BMY
2020Q3,9/21/2020,BR
2020Q3,9/21/2020,BRK.B
2020Q3,9/21/2020,BSX
2020Q3,9/21/2020,BWA
2020Q3,9/21/2020,BXP
2020Q3,9/21/2020,C
2020Q3,9/21/2020,CAG
2020Q3,9/21/2020,CAH
2020Q3,9/21/2020,CARR
2020Q3,9/21/2020,CAT
2020Q3,9/21/2020,CB
2020Q3,9/21/2020,CBOE
2020Q3,9/21/2020,CBRE
2020Q3,9/21/2020,CCI
2020Q3,9/21/2020,CCL
2020Q3,9/21/2020,CDNS
2020Q3,9/21/2020,CDW
2020Q3,9/21/2020,CE
2020Q3,9/21/2020,CERN
2020Q3,9/21/2020,CF
2020Q3,9/21/2020,CFG
2020Q3,9/21/2020,CHD
2020Q3,9/21/2020,CHRW
2020Q3,9/21/2020,CHTR
2020Q3,9/21/2020,CI
2020Q3,9/21/2020,CINF
2020Q3,9/21/2020,CL
2020Q3,9/21/2020,CLX
2020Q3,9/21/2020,CMA
2020Q3,9/21/2020,CMCSA
2020Q3,9/21/2020,CME
2020Q3,9/21/2020,CMG
2020Q3,9/21/2020,CMI
2020Q3,9/21/2020,CMS
2020Q3,9/21/2020,CNC
2020Q3,9/21/2020,CNP
2020Q3,9/21/2020,COF
2020Q3,9/21/2020,COG
2020Q3,9/21/2020,COO
2020Q3,9/21/2020,COP
2020Q3,9/21/2020,COST
2020Q3,9/21/2020,CPB
2020Q3,9/21/2020,CPRT
2020Q3,9/21/2020,CRM
2020Q3,9/21/2020,CSCO
2020Q3,9/21/2020,CSX
2020Q3,9/21/2020,CTAS
2020Q3,9/21/2020,CTLT
2020Q3,9/21/2020,CTSH
2020Q3,9/21/2020,CTVA
2020Q3,9/21/2020,CTXS
2020Q3,9/21/2020,CVS
2020Q3,9/21/2020,CVX
2020Q3,9/21/2020,CXO
2020Q3,9/21/2020,D
2020Q3,9/21/2020,DAL
2020Q3,9/21/2020,DD
2020Q3,9/21/2020,DE
2020Q3,9/21/2020,DFS
2020Q3,9/21/2020,DG
2020Q3,9/21/2020,DGX
2020Q3,9/21/2020,DHI
2020Q3,9/21/2020,DHR
2020Q3,9/21/2020,DIS
2020Q3,9/21/2020,DISCA
2020Q3,9/21/2020,DISCK
2020Q3,9/21/2020,DISH
2020Q3,9/21/2020,DLR
2020Q3,9/21/2020,DLTR
2020Q3,9/21/2020,DOV
2020Q3,9/21/2020,DOW
2020Q3,9/21/2020,DPZ
2020Q3,9/21/2020,DRE
2020Q3,9/21/2020,DRI
2020Q3,9/21/2020,DTE
2020Q3,9/21/2020,DUK
2020Q3,9/21/2020,DVA
2020Q3,9/21/2020,DVN
2020Q3,9/21/2020,DXC
2020Q3,9/21/2020,DXCM
2020Q3,9/21/2020,EA
2020Q3,9/21/2020,EBAY
2020Q3,9/21/2020,ECL
2020Q3,9/21/2020,ED
2020Q3,9/21/2020,EFX
2020Q3,9/21/2020,EIX
2020Q3,9/21/2020,EL
2020Q3,9/21/2020,EMN
2020Q3,9/21/2020,EMR
2020Q3,9/21/2020,EOG
2020Q3,9/21/2020,EQIX
2020Q3,9/21/2020,EQR
2020Q3,9/21/2020,ES
2020Q3,9/21/2020,ESS
2020Q3,9/21/2020,ETFC
2020Q3,9/21/2020,ETN
2020Q3,9/21/2020,ETR
2020Q3,9/21/2020,ETSY
2020Q3,9/21/2020,EVRG
2020Q3,9/21/2020,EW
2020Q3,9/21/2020,EXC
2020Q3,9/21/2020,EXPD
2020Q3,9/21/2020,EXPE
2020Q3,9/21/2020,EXR
2020Q3,9/21/2020,F
2020Q3,9/21/2020,FANG
2020Q3,9/21/2020,FAST
2020Q3,9/21/2020,FB
2020Q3,9/21/2020,FBHS
2020Q3,9/21/2020,FCX
2020Q3,9/21/2020,FDX
2020Q3,9/21/2020,FE
2020Q3,9/21/2020,FFIV
2020Q3,9/21/2020,FIS
2020Q3,9/21/2020,FISV
2020Q3,9/21/2020,FITB
2020Q3,9/21/2020,FLIR
2020Q3,9/21/2020,FLS
2020Q3,9/21/2020,FLT
2020Q3,9/21/2020,FMC
2020Q3,9/21/2020,FOX
2020Q3,9/21/2020,FOXA
2020Q3,9/21/2020,FRC
2020Q3,9/21/2020,FRT
2020Q3,9/21/2020,FTI
2020Q3,9/21/2020,FTNT
2020Q3,9/21/2020,FTV
2020Q3,9/21/2020,GD
2020Q3,9/21/2020,GE
2020Q3,9/21/2020,GILD
2020Q3,9/21/2020,GIS
2020Q3,9/21/2020,GL
2020Q3,9/21/2020,GLW
2020Q3,9/21/2020,GM
2020Q3,9/21/2020,GOOG
2020Q3,9/21/2020,GOOGL
2020Q3,9/21/2020,GPC
2020Q3,9/21/2020,GPN
2020Q3,9/21/2020,GPS
2020Q3,9/21/2020,GRMN
2020Q3,9/21/2020,GS
2020Q3,9/21/2020,GWW
2020Q3,9/21/2020,HAL
2020Q3,9/21/2020,HAS
2020Q3,9/21/2020,HBAN
2020Q3,9/21/2020,HBI
2020Q3,9/21/2020,HCA
2020Q3,9/21/2020,HD
2020Q3,9/21/2020,HES
2020Q3,9/21/2020,HFC
2020Q3,9/21/2020,HIG
2020Q3,9/21/2020,HII
2020Q3,9/21/2020,HLT
2020Q3,9/21/2020,HOLX
2020Q3,9/21/2020,HON
2020Q3,9/21/2020,HPE
2020Q3,9/21/2020,HPQ
2020Q3,9/21/2020,HRL
2020Q3,9/21/2020,HSIC
2020Q3,9/21/2020,HST
2020Q3,9/21/2020,HSY
2020Q3,9/21/2020,HUM
2020Q3,9/21/2020,HWM
2020Q3,9/21/2020,IBM
2020Q3,9/21/2020,ICE
2020Q3,9/21/2020,IDXX
2020Q3,9/21/2020,IEX
2020Q3,9/21/2020,IFF
2020Q3,9/21/2020,ILMN
2020Q3,9/21/2020,INCY
2020Q3,9/21/2020,INFO
2020Q3,9/21/2020,INTC
2020Q3,9/21/2020,INTU
2020Q3,9/21/2020,IP
2020Q3,9/21/2020,IPG
2020Q3,9/21/2020,IPGP
2020Q3,9/21/2020,IQV
2020Q3,9/21/2020,IR
2020Q3,9/21/2020,IRM
2020Q3,9/21/2020,ISRG
2020Q3,9/21/2020,IT
2020Q3,9/21/2020,ITW
2020Q3,9/21/2020,IVZ
2020Q3,9/21/2020,J
2020Q3,9/21/2020,JBHT
2020Q3,9/21/2020,JCI
2020Q3,9/21/2020,JKHY
2020Q3,9/21/2020,JNJ
2020Q3,9/21/2020,JNPR
2020Q3,9/21/2020,JPM
2020Q3,9/21/2020,K
2020Q3,9/21/2020,KEY
2020Q3,9/21/2020,KEYS
2020Q3,9/21/2020,KHC
2020Q3,9/21/2020,KIM
2020Q3,9/21/2020,KLAC
2020Q3,9/21/2020,KMB
2020Q3,9/21/2020,KMI
2020Q3,9/21/2020,KMX
2020Q3,9/21/2020,KO
2020Q3,9/21/2020,KR
2020Q3,9/21/2020,KSU
2020Q3,9/21/2020,L
2020Q3,9/21/2020,LB
2020Q3,9/21/2020,LDOS
2020Q3,9/21/2020,LEG
2020Q3,9/21/2020,LEN
2020Q3,9/21/2020,LH
2020Q3,9/21/2020,LHX
2020Q3,9/21/2020,LIN
2020Q3,9/21/2020,LKQ
2020Q3,9/21/2020,LLY
2020Q3,9/21/2020,LMT
2020Q3,9/21/2020,LNC
2020Q3,9/21/2020,LNT
2020Q3,9/21/2020,LOW
2020Q3,9/21/2020,LRCX
2020Q3,9/21/2020,LUMN
2020Q3,9/21/2020,LUV
2020Q3,9/21/2020,LVS
2020Q3,9/21/2020,LW
2020Q3,9/21/2020,LYB
2020Q3,9/21/2020,LYV
2020Q3,9/21/2020,MA
2020Q3,9/21/2020,MAA
2020Q3,9/21/2020,MAR
2020Q3,9/21/2020,MAS
2020Q3,9/21/2020,MCD
2020Q3,9/21/2020,MCHP
2020Q3,9/21/2020,MCK
2020Q3,9/21/2020,MCO
2020Q3,9/21/2020,MDLZ
2020Q3,9/21/2020,MDT
2020Q3,9/21/2020,MET
2020Q3,9/21/2020,MGM
2020Q3,9/21/2020,MHK
2020Q3,9/21/2020,MKC
2020Q3,9/21/2020,MKTX
2020Q3,9/21/2020,MLM
2020Q3,9/21/2020,MMC
2020Q3,9/21/2020,MMM
2020Q3,9/21/2020,MNST
2020Q3,9/21/2020,MO
2020Q3,9/21/2020,MOS
2020Q3,9/21/2020,MPC
2020Q3,9/21/2020,MRK
2020Q3,9/21/2020,MRO
2020Q3,9/21/2020,MS
2020Q3,9/21/2020,MSCI
2020Q3,9/21/2020,MSFT
2020Q3,9/21/2020,MSI
2020Q3,9/21/2020,MTB
2020Q3,9/21/2020,MTD
2020Q3,9/21/2020,MU
2020Q3,9/21/2020,MXIM
2020Q3,9/21/2020,MYL
2020Q3,9/21/2020,NBL
2020Q3,9/21/2020,NCLH
2020Q3,9/21/2020,NDAQ
2020Q3,9/21/2020,NEE
2020Q3,9/21/2020,NEM
2020Q3,9/21/2020,NFLX
2020Q3,9/21/2020,NI
2020Q3,9/21/2020,NKE
2020Q3,9/21/2020,NLOK
2020Q3,9/21/2020,NLSN
2020Q3,9/21/2020,NOC
2020Q3,9/21/2020,NOV
2020Q3,9/21/2020,NOW
2020Q3,9/21/2020,NRG
2020Q3,9/21/2020,NSC
2020Q3,9/21/2020,NTAP
2020Q3,9/21/2020,NTRS
2020Q3,9/21/2020,NUE
2020Q3,9/21/2020,NVDA
2020Q3,9/21/2020,NVR
2020Q3,9/21/2020,NWL
2020Q3,9/21/2020,NWS
2020Q3,9/21/2020,NWSA
2020Q3,9/21/2020,O
2020Q3,9/21/2020,ODFL
2020Q3,9/21/2020,OKE
2020Q3,9/21/2020,OMC
2020Q3,9/21/2020,ORCL
2020Q3,9/21/2020,ORLY
2020Q3,9/21/2020,OTIS
2020Q3,9/21/2020,OXY
2020Q3,9/21/2020,PAYC
2020Q3,9/21/2020,PAYX
2020Q3,9/21/2020,PBCT
2020Q3,9/21/2020,PCAR
2020Q3,9/21/2020,PEAK
2020Q3,9/21/2020,PEG
2020Q3,9/21/2020,PEP
2020Q3,9/21/2020,PFE
2020Q3,9/21/2020,PFG
2020Q3,9/21/2020,PG
2020Q3,9/21/2020,PGR
2020Q3,9/21/2020,PH
2020Q3,9/21/2020,PHM
2020Q3,9/21/2020,PKG
2020Q3,9/21/2020,PKI
2020Q3,9/21/2020,PLD
2020Q3,9/21/2020,PM
2020Q3,9/21/2020,PNC
2020Q3,9/21/2020,PNR
2020Q3,9/21/2020,PNW
2020Q3,9/21/2020,PPG
2020Q3,9/21/2020,PPL
2020Q3,9/21/2020,PRGO
2020Q3,9/21/2020,PRU
2020Q3,9/21/2020,PSA
2020Q3,9/21/2020,PSX
2020Q3,9/21/2020,PVH
2020Q3,9/21/2020,PWR
2020Q3,9/21/2020,PXD
2020Q3,9/21/2020,PYPL
2020Q3,9/21/2020,QCOM
2020Q3,9/21/2020,QRVO
2020Q3,9/21/2020,RCL
2020Q3,9/21/2020,RE
2020Q3,9/21/2020,REG
2020Q3,9/21/2020,REGN
2020Q3,9/21/2020,RF
2020Q3,9/21/2020,RHI
2020Q3,9/21/2020,RJF
2020Q3,9/21/2020,RL
2020Q3,9/21/2020,RMD
2020Q3,9/21/2020,ROK
2020Q3,9/21/2020,ROL
2020Q3,9/21/2020,ROP
2020Q3,9/21/2020,ROST
2020Q3,9/21/2020,RSG
2020Q3,9/21/2020,RTX
2020Q3,9/21/2020,SBAC
2020Q3,9/21/2020,SBUX
2020Q3,9/21/2020,SCHW
2020Q3,9/21/2020,SEE
2020Q3,9/21/2020,SHW
2020Q3,9/21/2020,SIVB
2020Q3,9/21/2020,SJM
2020Q3,9/21/2020,SLB
2020Q3,9/21/2020,SLG
2020Q3,9/21/2020,SNA
2020Q3,9/21/2020,SNPS
2020Q3,9/21/2020,SO
2020Q3,9/21/2020,SPG
2020Q3,9/21/2020,SPGI
2020Q3,9/21/2020,SRE
2020Q3,9/21/2020,STE
2020Q3,9/21/2020,STT
2020Q3,9/21/2020,STX
2020Q3,9/21/2020,STZ
2020Q3,9/21/2020,SWK
2020Q3,9/21/2020,SWKS
2020Q3,9/21/2020,SYF
2020Q3,9/21/2020,SYK
2020Q3,9/21/2020,SYY
2020Q3,9/21/2020,T
2020Q3,9/21/2020,TAP
2020Q3,9/21/2020,TDG
2020Q3,9/21/2020,TDY
2020Q3,9/21/2020,TEL
2020Q3,9/21/2020,TER
2020Q3,9/21/2020,TFC
2020Q3,9/21/2020,TFX
2020Q3,9/21/2020,TGT
2020Q3,9/21/2020,TIF
2020Q3,9/21/2020,TJX
2020Q3,9/21/2020,TMO
2020Q3,9/21/2020,TMUS
2020Q3,9/21/2020,TPR
2020Q3,9/21/2020,TROW
2020Q3,9/21/2020,TRV
2020Q3,9/21/2020,TSCO
2020Q3,9/21/2020,TSN
2020Q3,9/21/2020,TT
2020Q3,9/21/2020,TTWO
2020Q3,9/21/2020,TWTR
2020Q3,9/21/2020,TXN
2020Q3,9/21/2020,TXT
2020Q3,9/21/2020,TYL
2020Q3,9/21/2020,UA
2020Q3,9/21/2020,UAA
2020Q3,9/21/2020,UAL
2020Q3,9/21/2020,UDR
2020Q3,9/21/2020,UHS
2020Q3,9/21/2020,ULTA
2020Q3,9/21/2020,UNH
2020Q3,9/21/2020,UNM
2020Q3,9/21/2020,UNP
2020Q3,9/21/2020,UPS
2020Q3,9/21/2020,URI
2020Q3,9/21/2020,USB
2020Q3,9/21/2020,V
2020Q3,9/21/2020,VAR
2020Q3,9/21/2020,VFC
2020Q3,9/21/2020,VIAC
2020Q3,9/21/2020,VLO
2020Q3,9/21/2020,VMC
2020Q3,9/21/2020,VNO
2020Q3,9/21/2020,VRSK
2020Q3,9/21/2020,VRSN
2020Q3,9/21/2020,VRTX
2020Q3,9/21/2020,VTR
2020Q3,9/21/2020,VZ
2020Q3,9/21/2020,WAB
2020Q3,9/21/2020,WAT
2020Q3,9/21/2020,WBA
2020Q3,9/21/2020,WDC
2020Q3,9/21/2020,WEC
2020Q3,9/21/2020,WELL
2020Q3,9/21/2020,WFC
2020Q3,9/21/2020,WHR
2020Q3,9/21/2020,WLTW
2020Q3,9/21/2020,WM
2020Q3,9/21/2020,WMB
2020Q3,9/21/2020,WMT
2020Q3,9/21/2020,WRB
2020Q3,9/21/2020,WRK
2020Q3,9/21/2020,WST
2020Q3,9/21/2020,WU
2020Q3,9/21/2020,WY
2020Q3,9/21/2020,WYNN
2020Q3,9/21/2020,XEL
2020Q3,9/21/2020,XLNX
2020Q3,9/21/2020,XOM
2020Q3,9/21/2020,XRAY
2020Q3,9/21/2020,XRX
2020Q3,9/21/2020,XYL
2020Q3,9/21/2020,YUM
2020Q3,9/21/2020,ZBH
2020Q3,9/21/2020,ZBRA
2020Q3,9/21/2020,ZION
2020Q3,9/21/2020,ZTS
2021Q1,1/7/2021,A
2021Q1,1/7/2021,AAL
2021Q1,1/7/2021,AAP
2021Q1,1/7/2021,AAPL
2021Q1,1/7/2021,ABBV
2021Q1,1/7/2021,ABC
2021Q1,1/7/2021,ABMD
2021Q1,1/7/2021,ABT
2021Q1,1/7/2021,ACN
2021Q1,1/7/2021,ADBE
2021Q1,1/7/2021,ADI
2021Q1,1/7/2021,ADM
2021Q1,1/7/2021,ADP
2021Q1,1/7/2021,ADSK
2021Q1,1/7/2021,AEE
2021Q1,1/7/2021,AEP
2021Q1,1/7/2021,AES
2021Q1,1/7/2021,AFL
2021Q1,1/7/2021,AIG
2021Q1,1/7/2021,AIZ
2021Q1,1/7/2021,AJG
2021Q1,1/7/2021,AKAM
2021Q1,1/7/2021,ALB
2021Q1,1/7/2021,ALGN
2021Q1,1/7/2021,ALK
2021Q1,1/7/2021,ALL
2021Q1,1/7/2021,ALLE
2021Q1,1/7/2021,ALXN
2021Q1,1/7/2021,AMAT
2021Q1,1/7/2021,AMCR
2021Q1,1/7/2021,AMD
2021Q1,1/7/2021,AME
2021Q1,1/7/2021,AMGN
2021Q1,1/7/2021,AMP
2021Q1,1/7/2021,AMT
2021Q1,1/7/2021,AMZN
2021Q1,1/7/2021,ANET
2021Q1,1/7/2021,ANSS
2021Q1,1/7/2021,ANTM
2021Q1,1/7/2021,AON
2021Q1,1/7/2021,AOS
2021Q1,1/7/2021,APA
2021Q1,1/7/2021,APD
2021Q1,1/7/2021,APH
2021Q1,1/7/2021,APTV
2021Q1,1/7/2021,ARE
2021Q1,1/7/2021,ATO
2021Q1,1/7/2021,ATVI
2021Q1,1/7/2021,AVB
2021Q1,1/7/2021,AVGO
2021Q1,1/7/2021,AVY
2021Q1,1/7/2021,AWK
2021Q1,1/7/2021,AXP
2021Q1,1/7/2021,AZO
2021Q1,1/7/2021,BA
2021Q1,1/7/2021,BAC
2021Q1,1/7/2021,BAX
2021Q1,1/7/2021,BBY
2021Q1,1/7/2021,BDX
2021Q1,1/7/2021,BEN
2021Q1,1/7/2021,BF.B
2021Q1,1/7/2021,BIIB
2021Q1,1/7/2021,BIO
2021Q1,1/7/2021,BK
2021Q1,1/7/2021,BKNG
2021Q1,1/7/2021,BKR
2021Q1,1/7/2021,BLK
2021Q1,1/7/2021,BLL
2021Q1,1/7/2021,BMY
2021Q1,1/7/2021,BR
2021Q1,1/7/2021,BRK.B
2021Q1,1/7/2021,BSX
2021Q1,1/7/2021,BWA
2021Q1,1/7/2021,BXP
2021Q1,1/7/2021,C
2021Q1,1/7/2021,CAG
2021Q1,1/7/2021,CAH
2021Q1,1/7/2021,CARR
2021Q1,1/7/2021,CAT
2021Q1,1/7/2021,CB
2021Q1,1/7/2021,CBOE
2021Q1,1/7/2021,CBRE
2021Q1,1/7/2021,CCI
2021Q1,1/7/2021,CCL
2021Q1,1/7/2021,CDNS
2021Q1,1/7/2021,CDW
2021Q1,1/7/2021,CE
2021Q1,1/7/2021,CERN
2021Q1,1/7/2021,CF
2021Q1,1/7/2021,CFG
2021Q1,1/7/2021,CHD
2021Q1,1/7/2021,CHRW
2021Q1,1/7/2021,CHTR
2021Q1,1/7/2021,CI
2021Q1,1/7/2021,CINF
2021Q1,1/7/2021,CL
2021Q1,1/7/2021,CLX
2021Q1,1/7/2021,CMA
2021Q1,1/7/2021,CMCSA
2021Q1,1/7/2021,CME
2021Q1,1/7/2021,CMG
2021Q1,1/7/2021,CMI
2021Q1,1/7/2021,CMS
2021Q1,1/7/2021,CNC
2021Q1,1/7/2021,CNP
2021Q1,1/7/2021,COF
2021Q1,1/7/2021,COG
2021Q1,1/7/2021,COO
2021Q1,1/7/2021,COP
2021Q1,1/7/2021,COST
2021Q1,1/7/2021,CPB
2021Q1,1/7/2021,CPRT
2021Q1,1/7/2021,CRM
2021Q1,1/7/2021,CSCO
2021Q1,1/7/2021,CSX
2021Q1,1/7/2021,CTAS
2021Q1,1/7/2021,CTLT
2021Q1,1/7/2021,CTSH
2021Q1,1/7/2021,CTVA
2021Q1,1/7/2021,CTXS
2021Q1,1/7/2021,CVS
2021Q1,1/7/2021,CVX
2021Q1,1/7/2021,CXO
2021Q1,1/7/2021,D
2021Q1,1/7/2021,DAL
2021Q1,1/7/2021,DD
2021Q1,1/7/2021,DE
2021Q1,1/7/2021,DFS
2021Q1,1/7/2021,DG
2021Q1,1/7/2021,DGX
2021Q1,1/7/2021,DHI
2021Q1,1/7/2021,DHR
2021Q1,1/7/2021,DIS
2021Q1,1/7/2021,DISCA
2021Q1,1/7/2021,DISCK
2021Q1,1/7/2021,DISH
2021Q1,1/7/2021,DLR
2021Q1,1/7/2021,DLTR
2021Q1,1/7/2021,DOV
2021Q1,1/7/2021,DOW
2021Q1,1/7/2021,DPZ
2021Q1,1/7/2021,DRE
2021Q1,1/7/2021,DRI
2021Q1,1/7/2021,DTE
2021Q1,1/7/2021,DUK
2021Q1,1/7/2021,DVA
2021Q1,1/7/2021,DVN
2021Q1,1/7/2021,DXC
2021Q1,1/7/2021,DXCM
2021Q1,1/7/2021,EA
2021Q1,1/7/2021,EBAY
2021Q1,1/7/2021,ECL
2021Q1,1/7/2021,ED
2021Q1,1/7/2021,EFX
2021Q1,1/7/2021,EIX
2021Q1,1/7/2021,EL
2021Q1,1/7/2021,EMN
2021Q1,1/7/2021,EMR
2021Q1,1/7/2021,ENPH
2021Q1,1/7/2021,EOG
2021Q1,1/7/2021,EQIX
2021Q1,1/7/2021,EQR
2021Q1,1/7/2021,ES
2021Q1,1/7/2021,ESS
2021Q1,1/7/2021,ETN
2021Q1,1/7/2021,ETR
2021Q1,1/7/2021,ETSY
2021Q1,1/7/2021,EVRG
2021Q1,1/7/2021,EW
2021Q1,1/7/2021,EXC
2021Q1,1/7/2021,EXPD
2021Q1,1/7/2021,EXPE
2021Q1,1/7/2021,EXR
2021Q1,1/7/2021,F
2021Q1,1/7/2021,FANG
2021Q1,1/7/2021,FAST
2021Q1,1/7/2021,FB
2021Q1,1/7/2021,FBHS
2021Q1,1/7/2021,FCX
2021Q1,1/7/2021,FDX
2021Q1,1/7/2021,FE
2021Q1,1/7/2021,FFIV
2021Q1,1/7/2021,FIS
2021Q1,1/7/2021,FISV
2021Q1,1/7/2021,FITB
2021Q1,1/7/2021,FLIR
2021Q1,1/7/2021,FLS
2021Q1,1/7/2021,FLT
2021Q1,1/7/2021,FMC
2021Q1,1/7/2021,FOX
2021Q1,1/7/2021,FOXA
2021Q1,1/7/2021,FRC
2021Q1,1/7/2021,FRT
2021Q1,1/7/2021,FTI
2021Q1,1/7/2021,FTNT
2021Q1,1/7/2021,FTV
2021Q1,1/7/2021,GD
2021Q1,1/7/2021,GE
2021Q1,1/7/2021,GILD
2021Q1,1/7/2021,GIS
2021Q1,1/7/2021,GL
2021Q1,1/7/2021,GLW
2021Q1,1/7/2021,GM
2021Q1,1/7/2021,GOOG
2021Q1,1/7/2021,GOOGL
2021Q1,1/7/2021,GPC
2021Q1,1/7/2021,GPN
2021Q1,1/7/2021,GPS
2021Q1,1/7/2021,GRMN
2021Q1,1/7/2021,GS
2021Q1,1/7/2021,GWW
2021Q1,1/7/2021,HAL
2021Q1,1/7/2021,HAS
2021Q1,1/7/2021,HBAN
2021Q1,1/7/2021,HBI
2021Q1,1/7/2021,HCA
2021Q1,1/7/2021,HD
2021Q1,1/7/2021,HES
2021Q1,1/7/2021,HFC
2021Q1,1/7/2021,HIG
2021Q1,1/7/2021,HII
2021Q1,1/7/2021,HLT
2021Q1,1/7/2021,HOLX
2021Q1,1/7/2021,HON
2021Q1,1/7/2021,HPE
2021Q1,1/7/2021,HPQ
2021Q1,1/7/2021,HRL
2021Q1,1/7/2021,HSIC
2021Q1,1/7/2021,HST
2021Q1,1/7/2021,HSY
2021Q1,1/7/2021,HUM
2021Q1,1/7/2021,HWM
2021Q1,1/7/2021,IBM
2021Q1,1/7/2021,ICE
2021Q1,1/7/2021,IDXX
2021Q1,1/7/2021,IEX
2021Q1,1/7/2021,IFF
2021Q1,1/7/2021,ILMN
2021Q1,1/7/2021,INCY
2021Q1,1/7/2021,INFO
2021Q1,1/7/2021,INTC
2021Q1,1/7/2021,INTU
2021Q1,1/7/2021,IP
2021Q1,1/7/2021,IPG
2021Q1,1/7/2021,IPGP
2021Q1,1/7/2021,IQV
2021Q1,1/7/2021,IR
2021Q1,1/7/2021,IRM
2021Q1,1/7/2021,ISRG
2021Q1,1/7/2021,IT
2021Q1,1/7/2021,ITW
2021Q1,1/7/2021,IVZ
2021Q1,1/7/2021,J
2021Q1,1/7/2021,JBHT
2021Q1,1/7/2021,JCI
2021Q1,1/7/2021,JKHY
2021Q1,1/7/2021,JNJ
2021Q1,1/7/2021,JNPR
2021Q1,1/7/2021,JPM
2021Q1,1/7/2021,K
2021Q1,1/7/2021,KEY
2021Q1,1/7/2021,KEYS
2021Q1,1/7/2021,KHC
2021Q1,1/7/2021,KIM
2021Q1,1/7/2021,KLAC
2021Q1,1/7/2021,KMB
2021Q1,1/7/2021,KMI
2021Q1,1/7/2021,KMX
2021Q1,1/7/2021,KO
2021Q1,1/7/2021,KR
2021Q1,1/7/2021,KSU
2021Q1,1/7/2021,L
2021Q1,1/7/2021,LB
2021Q1,1/7/2021,LDOS
2021Q1,1/7/2021,LEG
2021Q1,1/7/2021,LEN
2021Q1,1/7/2021,LH
2021Q1,1/7/2021,LHX
2021Q1,1/7/2021,LIN
2021Q1,1/7/2021,LKQ
2021Q1,1/7/2021,LLY
2021Q1,1/7/2021,LMT
2021Q1,1/7/2021,LNC
2021Q1,1/7/2021,LNT
2021Q1,1/7/2021,LOW
2021Q1,1/7/2021,LRCX
2021Q1,1/7/2021,LUMN
2021Q1,1/7/2021,LUV
2021Q1,1/7/2021,LVS
2021Q1,1/7/2021,LW
2021Q1,1/7/2021,LYB
2021Q1,1/7/2021,LYV
2021Q1,1/7/2021,MA
2021Q1,1/7/2021,MAA
2021Q1,1/7/2021,MAR
2021Q1,1/7/2021,MAS
2021Q1,1/7/2021,MCD
2021Q1,1/7/2021,MCHP
2021Q1,1/7/2021,MCK
2021Q1,1/7/2021,MCO
2021Q1,1/7/2021,MDLZ
2021Q1,1/7/2021,MDT
2021Q1,1/7/2021,MET
2021Q1,1/7/2021,MGM
2021Q1,1/7/2021,MHK
2021Q1,1/7/2021,MKC
2021Q1,1/7/2021,MKTX
2021Q1,1/7/2021,MLM
2021Q1,1/7/2021,MMC
2021Q1,1/7/2021,MMM
2021Q1,1/7/2021,MNST
2021Q1,1/7/2021,MO
2021Q1,1/7/2021,MOS
2021Q1,1/7/2021,MPC
2021Q1,1/7/2021,MRK
2021Q1,1/7/2021,MRO
2021Q1,1/7/2021,MS
2021Q1,1/7/2021,MSCI
2021Q1,1/7/2021,MSFT
2021Q1,1/7/2021,MSI
2021Q1,1/7/2021,MTB
2021Q1,1/7/2021,MTD
2021Q1,1/7/2021,MU
2021Q1,1/7/2021,MXIM
2021Q1,1/7/2021,NCLH
2021Q1,1/7/2021,NDAQ
2021Q1,1/7/2021,NEE
2021Q1,1/7/2021,NEM
2021Q1,1/7/2021,NFLX
2021Q1,1/7/2021,NI
2021Q1,1/7/2021,NKE
2021Q1,1/7/2021,NLOK
2021Q1,1/7/2021,NLSN
2021Q1,1/7/2021,NOC
2021Q1,1/7/2021,NOV
2021Q1,1/7/2021,NOW
2021Q1,1/7/2021,NRG
2021Q1,1/7/2021,NSC
2021Q1,1/7/2021,NTAP
2021Q1,1/7/2021,NTRS
2021Q1,1/7/2021,NUE
2021Q1,1/7/2021,NVDA
2021Q1,1/7/2021,NVR
2021Q1,1/7/2021,NWL
2021Q1,1/7/2021,NWS
2021Q1,1/7/2021,NWSA
2021Q1,1/7/2021,O
2021Q1,1/7/2021,ODFL
2021Q1,1/7/2021,OKE
2021Q1,1/7/2021,OMC
2021Q1,1/7/2021,ORCL
2021Q1,1/7/2021,ORLY
2021Q1,1/7/2021,OTIS
2021Q1,1/7/2021,OXY
2021Q1,1/7/2021,PAYC
2021Q1,1/7/2021,PAYX
2021Q1,1/7/2021,PBCT
2021Q1,1/7/2021,PCAR
2021Q1,1/7/2021,PEAK
2021Q1,1/7/2021,PEG
2021Q1,1/7/2021,PEP
2021Q1,1/7/2021,PFE
2021Q1,1/7/2021,PFG
2021Q1,1/7/2021,PG
2021Q1,1/7/2021,PGR
2021Q1,1/7/2021,PH
2021Q1,1/7/2021,PHM
2021Q1,1/7/2021,PKG
2021Q1,1/7/2021,PKI
2021Q1,1/7/2021,PLD
2021Q1,1/7/2021,PM
2021Q1,1/7/2021,PNC
2021Q1,1/7/2021,PNR
2021Q1,1/7/2021,PNW
2021Q1,1/7/2021,POOL
2021Q1,1/7/2021,PPG
2021Q1,1/7/2021,PPL
2021Q1,1/7/2021,PRGO
2021Q1,1/7/2021,PRU
2021Q1,1/7/2021,PSA
2021Q1,1/7/2021,PSX
2021Q1,1/7/2021,PVH
2021Q1,1/7/2021,PWR
2021Q1,1/7/2021,PXD
2021Q1,1/7/2021,PYPL
2021Q1,1/7/2021,QCOM
2021Q1,1/7/2021,QRVO
2021Q1,1/7/2021,RCL
2021Q1,1/7/2021,RE
2021Q1,1/7/2021,REG
2021Q1,1/7/2021,REGN
2021Q1,1/7/2021,RF
2021Q1,1/7/2021,RHI
2021Q1,1/7/2021,RJF
2021Q1,1/7/2021,RL
2021Q1,1/7/2021,RMD
2021Q1,1/7/2021,ROK
2021Q1,1/7/2021,ROL
2021Q1,1/7/2021,ROP
2021Q1,1/7/2021,ROST
2021Q1,1/7/2021,RSG
2021Q1,1/7/2021,RTX
2021Q1,1/7/2021,SBAC
2021Q1,1/7/2021,SBUX
2021Q1,1/7/2021,SCHW
2021Q1,1/7/2021,SEE
2021Q1,1/7/2021,SHW
2021Q1,1/7/2021,SIVB
2021Q1,1/7/2021,SJM
2021Q1,1/7/2021,SLB
2021Q1,1/7/2021,SLG
2021Q1,1/7/2021,SNA
2021Q1,1/7/2021,SNPS
2021Q1,1/7/2021,SO
2021Q1,1/7/2021,SPG
2021Q1,1/7/2021,SPGI
2021Q1,1/7/2021,SRE
2021Q1,1/7/2021,STE
2021Q1,1/7/2021,STT
2021Q1,1/7/2021,STX
2021Q1,1/7/2021,STZ
2021Q1,1/7/2021,SWK
2021Q1,1/7/2021,SWKS
2021Q1,1/7/2021,SYF
2021Q1,1/7/2021,SYK
2021Q1,1/7/2021,SYY
2021Q1,1/7/2021,T
2021Q1,1/7/2021,TAP
2021Q1,1/7/2021,TDG
2021Q1,1/7/2021,TDY
2021Q1,1/7/2021,TEL
2021Q1,1/7/2021,TER
2021Q1,1/7/2021,TFC
2021Q1,1/7/2021,TFX
2021Q1,1/7/2021,TGT
2021Q1,1/7/2021,TJX
2021Q1,1/7/2021,TMO
2021Q1,1/7/2021,TMUS
2021Q1,1/7/2021,TPR
2021Q1,1/7/2021,TROW
2021Q1,1/7/2021,TRV
2021Q1,1/7/2021,TSCO
2021Q1,1/7/2021,TSLA
2021Q1,1/7/2021,TSN
2021Q1,1/7/2021,TT
2021Q1,1/7/2021,TTWO
2021Q1,1/7/2021,TWTR
2021Q1,1/7/2021,TXN
2021Q1,1/7/2021,TXT
2021Q1,1/7/2021,TYL
2021Q1,1/7/2021,UA
2021Q1,1/7/2021,UAA
2021Q1,1/7/2021,UAL
2021Q1,1/7/2021,UDR
2021Q1,1/7/2021,UHS
2021Q1,1/7/2021,ULTA
2021Q1,1/7/2021,UNH
2021Q1,1/7/2021,UNM
2021Q1,1/7/2021,UNP
2021Q1,1/7/2021,UPS
2021Q1,1/7/2021,URI
2021Q1,1/7/2021,USB
2021Q1,1/7/2021,V
2021Q1,1/7/2021,VAR
2021Q1,1/7/2021,VFC
2021Q1,1/7/2021,VIAC
2021Q1,1/7/2021,VLO
2021Q1,1/7/2021,VMC
2021Q1,1/7/2021,VNO
2021Q1,1/7/2021,VNT
2021Q1,1/7/2021,VRSK
2021Q1,1/7/2021,VRSN
2021Q1,1/7/2021,VRTX
2021Q1,1/7/2021,VTR
2021Q1,1/7/2021,VTRS
2021Q1,1/7/2021,VZ
2021Q1,1/7/2021,WAB
2021Q1,1/7/2021,WAT
2021Q1,1/7/2021,WBA
2021Q1,1/7/2021,WDC
2021Q1,1/7/2021,WEC
2021Q1,1/7/2021,WELL
2021Q1,1/7/2021,WFC
2021Q1,1/7/2021,WHR
2021Q1,1/7/2021,WLTW
2021Q1,1/7/2021,WM
2021Q1,1/7/2021,WMB
2021Q1,1/7/2021,WMT
2021Q1,1/7/2021,WRB
2021Q1,1/7/2021,WRK
2021Q1,1/7/2021,WST
2021Q1,1/7/2021,WU
2021Q1,1/7/2021,WY
2021Q1,1/7/2021,WYNN
2021Q1,1/7/2021,XEL
2021Q1,1/7/2021,XLNX
2021Q1,1/7/2021,XOM
2021Q1,1/7/2021,XRAY
2021Q1,1/7/2021,XRX
2021Q1,1/7/2021,XYL
2021Q1,1/7/2021,YUM
2021Q1,1/7/2021,ZBH
2021Q1,1/7/2021,ZBRA
2021Q1,1/7/2021,ZION
2021Q1,1/7/2021,ZTS
2021Q2,4/20/2021,A
2021Q2,4/20/2021,AAL
2021Q2,4/20/2021,AAP
2021Q2,4/20/2021,AAPL
2021Q2,4/20/2021,ABBV
2021Q2,4/20/2021,ABC
2021Q2,4/20/2021,ABMD
2021Q2,4/20/2021,ABT
2021Q2,4/20/2021,ACN
2021Q2,4/20/2021,ADBE
2021Q2,4/20/2021,ADI
2021Q2,4/20/2021,ADM
2021Q2,4/20/2021,ADP
2021Q2,4/20/2021,ADSK
2021Q2,4/20/2021,AEE
2021Q2,4/20/2021,AEP
2021Q2,4/20/2021,AES
2021Q2,4/20/2021,AFL
2021Q2,4/20/2021,AIG
2021Q2,4/20/2021,AIZ
2021Q2,4/20/2021,AJG
2021Q2,4/20/2021,AKAM
2021Q2,4/20/2021,ALB
2021Q2,4/20/2021,ALGN
2021Q2,4/20/2021,ALK
2021Q2,4/20/2021,ALL
2021Q2,4/20/2021,ALLE
2021Q2,4/20/2021,ALXN
2021Q2,4/20/2021,AMAT
2021Q2,4/20/2021,AMCR
2021Q2,4/20/2021,AMD
2021Q2,4/20/2021,AME
2021Q2,4/20/2021,AMGN
2021Q2,4/20/2021,AMP
2021Q2,4/20/2021,AMT
2021Q2,4/20/2021,AMZN
2021Q2,4/20/2021,ANET
2021Q2,4/20/2021,ANSS
2021Q2,4/20/2021,ANTM
2021Q2,4/20/2021,AON
2021Q2,4/20/2021,AOS
2021Q2,4/20/2021,APA
2021Q2,4/20/2021,APD
2021Q2,4/20/2021,APH
2021Q2,4/20/2021,APTV
2021Q2,4/20/2021,ARE
2021Q2,4/20/2021,ATO
2021Q2,4/20/2021,ATVI
2021Q2,4/20/2021,AVB
2021Q2,4/20/2021,AVGO
2021Q2,4/20/2021,AVY
2021Q2,4/20/2021,AWK
2021Q2,4/20/2021,AXP
2021Q2,4/20/2021,AZO
2021Q2,4/20/2021,BA
2021Q2,4/20/2021,BAC
2021Q2,4/20/2021,BAX
2021Q2,4/20/2021,BBY
2021Q2,4/20/2021,BDX
2021Q2,4/20/2021,BEN
2021Q2,4/20/2021,BF.B
2021Q2,4/20/2021,BIIB
2021Q2,4/20/2021,BIO
2021Q2,4/20/2021,BK
2021Q2,4/20/2021,BKNG
2021Q2,4/20/2021,BKR
2021Q2,4/20/2021,BLK
2021Q2,4/20/2021,BLL
2021Q2,4/20/2021,BMY
2021Q2,4/20/2021,BR
2021Q2,4/20/2021,BRK.B
2021Q2,4/20/2021,BSX
2021Q2,4/20/2021,BWA
2021Q2,4/20/2021,BXP
2021Q2,4/20/2021,C
2021Q2,4/20/2021,CAG
2021Q2,4/20/2021,CAH
2021Q2,4/20/2021,CARR
2021Q2,4/20/2021,CAT
2021Q2,4/20/2021,CB
2021Q2,4/20/2021,CBOE
2021Q2,4/20/2021,CBRE
2021Q2,4/20/2021,CCI
2021Q2,4/20/2021,CCL
2021Q2,4/20/2021,CDNS
2021Q2,4/20/2021,CDW
2021Q2,4/20/2021,CE
2021Q2,4/20/2021,CERN
2021Q2,4/20/2021,CF
2021Q2,4/20/2021,CFG
2021Q2,4/20/2021,CHD
2021Q2,4/20/2021,CHRW
2021Q2,4/20/2021,CHTR
2021Q2,4/20/2021,CI
2021Q2,4/20/2021,CINF
2021Q2,4/20/2021,CL
2021Q2,4/20/2021,CLX
2021Q2,4/20/2021,CMA
2021Q2,4/20/2021,CMCSA
2021Q2,4/20/2021,CME
2021Q2,4/20/2021,CMG
2021Q2,4/20/2021,CMI
2021Q2,4/20/2021,CMS
2021Q2,4/20/2021,CNC
2021Q2,4/20/2021,CNP
2021Q2,4/20/2021,COF
2021Q2,4/20/2021,COG
2021Q2,4/20/2021,COO
2021Q2,4/20/2021,COP
2021Q2,4/20/2021,COST
2021Q2,4/20/2021,CPB
2021Q2,4/20/2021,CPRT
2021Q2,4/20/2021,CRM
2021Q2,4/20/2021,CSCO
2021Q2,4/20/2021,CSX
2021Q2,4/20/2021,CTAS
2021Q2,4/20/2021,CTLT
2021Q2,4/20/2021,CTSH
2021Q2,4/20/2021,CTVA
2021Q2,4/20/2021,CTXS
2021Q2,4/20/2021,CVS
2021Q2,4/20/2021,CVX
2021Q2,4/20/2021,CZR
2021Q2,4/20/2021,D
2021Q2,4/20/2021,DAL
2021Q2,4/20/2021,DD
2021Q2,4/20/2021,DE
2021Q2,4/20/2021,DFS
2021Q2,4/20/2021,DG
2021Q2,4/20/2021,DGX
2021Q2,4/20/2021,DHI
2021Q2,4/20/2021,DHR
2021Q2,4/20/2021,DIS
2021Q2,4/20/2021,DISCA
2021Q2,4/20/2021,DISCK
2021Q2,4/20/2021,DISH
2021Q2,4/20/2021,DLR
2021Q2,4/20/2021,DLTR
2021Q2,4/20/2021,DOV
2021Q2,4/20/2021,DOW
2021Q2,4/20/2021,DPZ
2021Q2,4/20/2021,DRE
2021Q2,4/20/2021,DRI
2021Q2,4/20/2021,DTE
2021Q2,4/20/2021,DUK
2021Q2,4/20/2021,DVA
2021Q2,4/20/2021,DVN
2021Q2,4/20/2021,DXC
2021Q2,4/20/2021,DXCM
2021Q2,4/20/2021,EA
2021Q2,4/20/2021,EBAY
2021Q2,4/20/2021,ECL
2021Q2,4/20/2021,ED
2021Q2,4/20/2021,EFX
2021Q2,4/20/2021,EIX
2021Q2,4/20/2021,EL
2021Q2,4/20/2021,EMN
2021Q2,4/20/2021,EMR
2021Q2,4/20/2021,ENPH
2021Q2,4/20/2021,EOG
2021Q2,4/20/2021,EQIX
2021Q2,4/20/2021,EQR
2021Q2,4/20/2021,ES
2021Q2,4/20/2021,ESS
2021Q2,4/20/2021,ETN
2021Q2,4/20/2021,ETR
2021Q2,4/20/2021,ETSY
2021Q2,4/20/2021,EVRG
2021Q2,4/20/2021,EW
2021Q2,4/20/2021,EXC
2021Q2,4/20/2021,EXPD
2021Q2,4/20/2021,EXPE
2021Q2,4/20/2021,EXR
2021Q2,4/20/2021,F
2021Q2,4/20/2021,FANG
2021Q2,4/20/2021,FAST
2021Q2,4/20/2021,FB
2021Q2,4/20/2021,FBHS
2021Q2,4/20/2021,FCX
2021Q2,4/20/2021,FDX
2021Q2,4/20/2021,FE
2021Q2,4/20/2021,FFIV
2021Q2,4/20/2021,FIS
2021Q2,4/20/2021,FISV
2021Q2,4/20/2021,FITB
2021Q2,4/20/2021,FLIR
2021Q2,4/20/2021,FLT
2021Q2,4/20/2021,FMC
2021Q2,4/20/2021,FOX
2021Q2,4/20/2021,FOXA
2021Q2,4/20/2021,FRC
2021Q2,4/20/2021,FRT
2021Q2,4/20/2021,FTNT
2021Q2,4/20/2021,FTV
2021Q2,4/20/2021,GD
2021Q2,4/20/2021,GE
2021Q2,4/20/2021,GILD
2021Q2,4/20/2021,GIS
2021Q2,4/20/2021,GL
2021Q2,4/20/2021,GLW
2021Q2,4/20/2021,GM
2021Q2,4/20/2021,GNRC
2021Q2,4/20/2021,GOOG
2021Q2,4/20/2021,GOOGL
2021Q2,4/20/2021,GPC
2021Q2,4/20/2021,GPN
2021Q2,4/20/2021,GPS
2021Q2,4/20/2021,GRMN
2021Q2,4/20/2021,GS
2021Q2,4/20/2021,GWW
2021Q2,4/20/2021,HAL
2021Q2,4/20/2021,HAS
2021Q2,4/20/2021,HBAN
2021Q2,4/20/2021,HBI
2021Q2,4/20/2021,HCA
2021Q2,4/20/2021,HD
2021Q2,4/20/2021,HES
2021Q2,4/20/2021,HFC
2021Q2,4/20/2021,HIG
2021Q2,4/20/2021,HII
2021Q2,4/20/2021,HLT
2021Q2,4/20/2021,HOLX
2021Q2,4/20/2021,HON
2021Q2,4/20/2021,HPE
2021Q2,4/20/2021,HPQ
2021Q2,4/20/2021,HRL
2021Q2,4/20/2021,HSIC
2021Q2,4/20/2021,HST
2021Q2,4/20/2021,HSY
2021Q2,4/20/2021,HUM
2021Q2,4/20/2021,HWM
2021Q2,4/20/2021,IBM
2021Q2,4/20/2021,ICE
2021Q2,4/20/2021,IDXX
2021Q2,4/20/2021,IEX
2021Q2,4/20/2021,IFF
2021Q2,4/20/2021,ILMN
2021Q2,4/20/2021,INCY
2021Q2,4/20/2021,INFO
2021Q2,4/20/2021,INTC
2021Q2,4/20/2021,INTU
2021Q2,4/20/2021,IP
2021Q2,4/20/2021,IPG
2021Q2,4/20/2021,IPGP
2021Q2,4/20/2021,IQV
2021Q2,4/20/2021,IR
2021Q2,4/20/2021,IRM
2021Q2,4/20/2021,ISRG
2021Q2,4/20/2021,IT
2021Q2,4/20/2021,ITW
2021Q2,4/20/2021,IVZ
2021Q2,4/20/2021,J
2021Q2,4/20/2021,JBHT
2021Q2,4/20/2021,JCI
2021Q2,4/20/2021,JKHY
2021Q2,4/20/2021,JNJ
2021Q2,4/20/2021,JNPR
2021Q2,4/20/2021,JPM
2021Q2,4/20/2021,K
2021Q2,4/20/2021,KEY
2021Q2,4/20/2021,KEYS
2021Q2,4/20/2021,KHC
2021Q2,4/20/2021,KIM
2021Q2,4/20/2021,KLAC
2021Q2,4/20/2021,KMB
2021Q2,4/20/2021,KMI
2021Q2,4/20/2021,KMX
2021Q2,4/20/2021,KO
2021Q2,4/20/2021,KR
2021Q2,4/20/2021,KSU
2021Q2,4/20/2021,L
2021Q2,4/20/2021,LB
2021Q2,4/20/2021,LDOS
2021Q2,4/20/2021,LEG
2021Q2,4/20/2021,LEN
2021Q2,4/20/2021,LH
2021Q2,4/20/2021,LHX
2021Q2,4/20/2021,LIN
2021Q2,4/20/2021,LKQ
2021Q2,4/20/2021,LLY
2021Q2,4/20/2021,LMT
2021Q2,4/20/2021,LNC
2021Q2,4/20/2021,LNT
2021Q2,4/20/2021,LOW
2021Q2,4/20/2021,LRCX
2021Q2,4/20/2021,LUMN
2021Q2,4/20/2021,LUV
2021Q2,4/20/2021,LVS
2021Q2,4/20/2021,LW
2021Q2,4/20/2021,LYB
2021Q2,4/20/2021,LYV
2021Q2,4/20/2021,MA
2021Q2,4/20/2021,MAA
2021Q2,4/20/2021,MAR
2021Q2,4/20/2021,MAS
2021Q2,4/20/2021,MCD
2021Q2,4/20/2021,MCHP
2021Q2,4/20/2021,MCK
2021Q2,4/20/2021,MCO
2021Q2,4/20/2021,MDLZ
2021Q2,4/20/2021,MDT
2021Q2,4/20/2021,MET
2021Q2,4/20/2021,MGM
2021Q2,4/20/2021,MHK
2021Q2,4/20/2021,MKC
2021Q2,4/20/2021,MKTX
2021Q2,4/20/2021,MLM
2021Q2,4/20/2021,MMC
2021Q2,4/20/2021,MMM
2021Q2,4/20/2021,MNST
2021Q2,4/20/2021,MO
2021Q2,4/20/2021,MOS
2021Q2,4/20/2021,MPC
2021Q2,4/20/2021,MPWR
2021Q2,4/20/2021,MRK
2021Q2,4/20/2021,MRO
2021Q2,4/20/2021,MS
2021Q2,4/20/2021,MSCI
2021Q2,4/20/2021,MSFT
2021Q2,4/20/2021,MSI
2021Q2,4/20/2021,MTB
2021Q2,4/20/2021,MTD
2021Q2,4/20/2021,MU
2021Q2,4/20/2021,MXIM
2021Q2,4/20/2021,NCLH
2021Q2,4/20/2021,NDAQ
2021Q2,4/20/2021,NEE
2021Q2,4/20/2021,NEM
2021Q2,4/20/2021,NFLX
2021Q2,4/20/2021,NI
2021Q2,4/20/2021,NKE
2021Q2,4/20/2021,NLOK
2021Q2,4/20/2021,NLSN
2021Q2,4/20/2021,NOC
2021Q2,4/20/2021,NOV
2021Q2,4/20/2021,NOW
2021Q2,4/20/2021,NRG
2021Q2,4/20/2021,NSC
2021Q2,4/20/2021,NTAP
2021Q2,4/20/2021,NTRS
2021Q2,4/20/2021,NUE
2021Q2,4/20/2021,NVDA
2021Q2,4/20/2021,NVR
2021Q2,4/20/2021,NWL
2021Q2,4/20/2021,NWS
2021Q2,4/20/2021,NWSA
2021Q2,4/20/2021,NXPI
2021Q2,4/20/2021,O
2021Q2,4/20/2021,ODFL
2021Q2,4/20/2021,OKE
2021Q2,4/20/2021,OMC
2021Q2,4/20/2021,ORCL
2021Q2,4/20/2021,ORLY
2021Q2,4/20/2021,OTIS
2021Q2,4/20/2021,OXY
2021Q2,4/20/2021,PAYC
2021Q2,4/20/2021,PAYX
2021Q2,4/20/2021,PBCT
2021Q2,4/20/2021,PCAR
2021Q2,4/20/2021,PEAK
2021Q2,4/20/2021,PEG
2021Q2,4/20/2021,PENN
2021Q2,4/20/2021,PEP
2021Q2,4/20/2021,PFE
2021Q2,4/20/2021,PFG
2021Q2,4/20/2021,PG
2021Q2,4/20/2021,PGR
2021Q2,4/20/2021,PH
2021Q2,4/20/2021,PHM
2021Q2,4/20/2021,PKG
2021Q2,4/20/2021,PKI
2021Q2,4/20/2021,PLD
2021Q2,4/20/2021,PM
2021Q2,4/20/2021,PNC
2021Q2,4/20/2021,PNR
2021Q2,4/20/2021,PNW
2021Q2,4/20/2021,POOL
2021Q2,4/20/2021,PPG
2021Q2,4/20/2021,PPL
2021Q2,4/20/2021,PRGO
2021Q2,4/20/2021,PRU
2021Q2,4/20/2021,PSA
2021Q2,4/20/2021,PSX
2021Q2,4/20/2021,PTC
2021Q2,4/20/2021,PVH
2021Q2,4/20/2021,PWR
2021Q2,4/20/2021,PXD
2021Q2,4/20/2021,PYPL
2021Q2,4/20/2021,QCOM
2021Q2,4/20/2021,QRVO
2021Q2,4/20/2021,RCL
2021Q2,4/20/2021,RE
2021Q2,4/20/2021,REG
2021Q2,4/20/2021,REGN
2021Q2,4/20/2021,RF
2021Q2,4/20/2021,RHI
2021Q2,4/20/2021,RJF
2021Q2,4/20/2021,RL
2021Q2,4/20/2021,RMD
2021Q2,4/20/2021,ROK
2021Q2,4/20/2021,ROL
2021Q2,4/20/2021,ROP
2021Q2,4/20/2021,ROST
2021Q2,4/20/2021,RSG
2021Q2,4/20/2021,RTX
2021Q2,4/20/2021,SBAC
2021Q2,4/20/2021,SBUX
2021Q2,4/20/2021,SCHW
2021Q2,4/20/2021,SEE
2021Q2,4/20/2021,SHW
2021Q2,4/20/2021,SIVB
2021Q2,4/20/2021,SJM
2021Q2,4/20/2021,SLB
2021Q2,4/20/2021,SNA
2021Q2,4/20/2021,SNPS
2021Q2,4/20/2021,SO
2021Q2,4/20/2021,SPG
2021Q2,4/20/2021,SPGI
2021Q2,4/20/2021,SRE
2021Q2,4/20/2021,STE
2021Q2,4/20/2021,STT
2021Q2,4/20/2021,STX
2021Q2,4/20/2021,STZ
2021Q2,4/20/2021,SWK
2021Q2,4/20/2021,SWKS
2021Q2,4/20/2021,SYF
2021Q2,4/20/2021,SYK
2021Q2,4/20/2021,SYY
2021Q2,4/20/2021,T
2021Q2,4/20/2021,TAP
2021Q2,4/20/2021,TDG
2021Q2,4/20/2021,TDY
2021Q2,4/20/2021,TEL
2021Q2,4/20/2021,TER
2021Q2,4/20/2021,TFC
2021Q2,4/20/2021,TFX
2021Q2,4/20/2021,TGT
2021Q2,4/20/2021,TJX
2021Q2,4/20/2021,TMO
2021Q2,4/20/2021,TMUS
2021Q2,4/20/2021,TPR
2021Q2,4/20/2021,TRMB
2021Q2,4/20/2021,TROW
2021Q2,4/20/2021,TRV
2021Q2,4/20/2021,TSCO
2021Q2,4/20/2021,TSLA
2021Q2,4/20/2021,TSN
2021Q2,4/20/2021,TT
2021Q2,4/20/2021,TTWO
2021Q2,4/20/2021,TWTR
2021Q2,4/20/2021,TXN
2021Q2,4/20/2021,TXT
2021Q2,4/20/2021,TYL
2021Q2,4/20/2021,UA
2021Q2,4/20/2021,UAA
2021Q2,4/20/2021,UAL
2021Q2,4/20/2021,UDR
2021Q2,4/20/2021,UHS
2021Q2,4/20/2021,ULTA
2021Q2,4/20/2021,UNH
2021Q2,4/20/2021,UNM
2021Q2,4/20/2021,UNP
2021Q2,4/20/2021,UPS
2021Q2,4/20/2021,URI
2021Q2,4/20/2021,USB
2021Q2,4/20/2021,V
2021Q2,4/20/2021,VFC
2021Q2,4/20/2021,VIAC
2021Q2,4/20/2021,VLO
2021Q2,4/20/2021,VMC
2021Q2,4/20/2021,VNO
2021Q2,4/20/2021,VRSK
2021Q2,4/20/2021,VRSN
2021Q2,4/20/2021,VRTX
2021Q2,4/20/2021,VTR
2021Q2,4/20/2021,VTRS
2021Q2,4/20/2021,VZ
2021Q2,4/20/2021,WAB
2021Q2,4/20/2021,WAT
2021Q2,4/20/2021,WBA
2021Q2,4/20/2021,WDC
2021Q2,4/20/2021,WEC
2021Q2,4/20/2021,WELL
2021Q2,4/20/2021,WFC
2021Q2,4/20/2021,WHR
2021Q2,4/20/2021,WLTW
2021Q2,4/20/2021,WM
2021Q2,4/20/2021,WMB
2021Q2,4/20/2021,WMT
2021Q2,4/20/2021,WRB
2021Q2,4/20/2021,WRK
2021Q2,4/20/2021,WST
2021Q2,4/20/2021,WU
2021Q2,4/20/2021,WY
2021Q2,4/20/2021,WYNN
2021Q2,4/20/2021,XEL
2021Q2,4/20/2021,XLNX
2021Q2,4/20/2021,XOM
2021Q2,4/20/2021,XRAY
2021Q2,4/20/2021,XYL
2021Q2,4/20/2021,YUM
2021Q2,4/20/2021,ZBH
2021Q2,4/20/2021,ZBRA
2021Q2,4/20/2021,ZION
2021Q2,4/20/2021,ZTS
2021Q3,7/21/2021,A
2021Q3,7/21/2021,AAL
2021Q3,7/21/2021,AAP
2021Q3,7/21/2021,AAPL
2021Q3,7/21/2021,ABBV
2021Q3,7/21/2021,ABC
2021Q3,7/21/2021,ABMD
2021Q3,7/21/2021,ABT
2021Q3,7/21/2021,ACN
2021Q3,7/21/2021,ADBE
2021Q3,7/21/2021,ADI
2021Q3,7/21/2021,ADM
2021Q3,7/21/2021,ADP
2021Q3,7/21/2021,ADSK
2021Q3,7/21/2021,AEE
2021Q3,7/21/2021,AEP
2021Q3,7/21/2021,AES
2021Q3,7/21/2021,AFL
2021Q3,7/21/2021,AIG
2021Q3,7/21/2021,AIZ
2021Q3,7/21/2021,AJG
2021Q3,7/21/2021,AKAM
2021Q3,7/21/2021,ALB
2021Q3,7/21/2021,ALGN
2021Q3,7/21/2021,ALK
2021Q3,7/21/2021,ALL
2021Q3,7/21/2021,ALLE
2021Q3,7/21/2021,AMAT
2021Q3,7/21/2021,AMCR
2021Q3,7/21/2021,AMD
2021Q3,7/21/2021,AME
2021Q3,7/21/2021,AMGN
2021Q3,7/21/2021,AMP
2021Q3,7/21/2021,AMT
2021Q3,7/21/2021,AMZN
2021Q3,7/21/2021,ANET
2021Q3,7/21/2021,ANSS
2021Q3,7/21/2021,ANTM
2021Q3,7/21/2021,AON
2021Q3,7/21/2021,AOS
2021Q3,7/21/2021,APA
2021Q3,7/21/2021,APD
2021Q3,7/21/2021,APH
2021Q3,7/21/2021,APTV
2021Q3,7/21/2021,ARE
2021Q3,7/21/2021,ATO
2021Q3,7/21/2021,ATVI
2021Q3,7/21/2021,AVB
2021Q3,7/21/2021,AVGO
2021Q3,7/21/2021,AVY
2021Q3,7/21/2021,AWK
2021Q3,7/21/2021,AXP
2021Q3,7/21/2021,AZO
2021Q3,7/21/2021,BA
2021Q3,7/21/2021,BAC
2021Q3,7/21/2021,BAX
2021Q3,7/21/2021,BBY
2021Q3,7/21/2021,BDX
2021Q3,7/21/2021,BEN
2021Q3,7/21/2021,BF.B
2021Q3,7/21/2021,BIIB
2021Q3,7/21/2021,BIO
2021Q3,7/21/2021,BK
2021Q3,7/21/2021,BKNG
2021Q3,7/21/2021,BKR
2021Q3,7/21/2021,BLK
2021Q3,7/21/2021,BLL
2021Q3,7/21/2021,BMY
2021Q3,7/21/2021,BR
2021Q3,7/21/2021,BRK.B
2021Q3,7/21/2021,BSX
2021Q3,7/21/2021,BWA
2021Q3,7/21/2021,BXP
2021Q3,7/21/2021,C
2021Q3,7/21/2021,CAG
2021Q3,7/21/2021,CAH
2021Q3,7/21/2021,CARR
2021Q3,7/21/2021,CAT
2021Q3,7/21/2021,CB
2021Q3,7/21/2021,CBOE
2021Q3,7/21/2021,CBRE
2021Q3,7/21/2021,CCI
2021Q3,7/21/2021,CCL
2021Q3,7/21/2021,CDNS
2021Q3,7/21/2021,CDW
2021Q3,7/21/2021,CE
2021Q3,7/21/2021,CERN
2021Q3,7/21/2021,CF
2021Q3,7/21/2021,CFG
2021Q3,7/21/2021,CHD
2021Q3,7/21/2021,CHRW
2021Q3,7/21/2021,CHTR
2021Q3,7/21/2021,CI
2021Q3,7/21/2021,CINF
2021Q3,7/21/2021,CL
2021Q3,7/21/2021,CLX
2021Q3,7/21/2021,CMA
2021Q3,7/21/2021,CMCSA
2021Q3,7/21/2021,CME
2021Q3,7/21/2021,CMG
2021Q3,7/21/2021,CMI
2021Q3,7/21/2021,CMS
2021Q3,7/21/2021,CNC
2021Q3,7/21/2021,CNP
2021Q3,7/21/2021,COF
2021Q3,7/21/2021,COG
2021Q3,7/21/2021,COO
2021Q3,7/21/2021,COP
2021Q3,7/21/2021,COST
2021Q3,7/21/2021,CPB
2021Q3,7/21/2021,CPRT
2021Q3,7/21/2021,CRL
2021Q3,7/21/2021,CRM
2021Q3,7/21/2021,CSCO
2021Q3,7/21/2021,CSX
2021Q3,7/21/2021,CTAS
2021Q3,7/21/2021,CTLT
2021Q3,7/21/2021,CTSH
2021Q3,7/21/2021,CTVA
2021Q3,7/21/2021,CTXS
2021Q3,7/21/2021,CVS
2021Q3,7/21/2021,CVX
2021Q3,7/21/2021,CZR
2021Q3,7/21/2021,D
2021Q3,7/21/2021,DAL
2021Q3,7/21/2021,DD
2021Q3,7/21/2021,DE
2021Q3,7/21/2021,DFS
2021Q3,7/21/2021,DG
2021Q3,7/21/2021,DGX
2021Q3,7/21/2021,DHI
2021Q3,7/21/2021,DHR
2021Q3,7/21/2021,DIS
2021Q3,7/21/2021,DISCA
2021Q3,7/21/2021,DISCK
2021Q3,7/21/2021,DISH
2021Q3,7/21/2021,DLR
2021Q3,7/21/2021,DLTR
2021Q3,7/21/2021,DOV
2021Q3,7/21/2021,DOW
2021Q3,7/21/2021,DPZ
2021Q3,7/21/2021,DRE
2021Q3,7/21/2021,DRI
2021Q3,7/21/2021,DTE
2021Q3,7/21/2021,DUK
2021Q3,7/21/2021,DVA
2021Q3,7/21/2021,DVN
2021Q3,7/21/2021,DXC
2021Q3,7/21/2021,DXCM
2021Q3,7/21/2021,EA
2021Q3,7/21/2021,EBAY
2021Q3,7/21/2021,ECL
2021Q3,7/21/2021,ED
2021Q3,7/21/2021,EFX
2021Q3,7/21/2021,EIX
2021Q3,7/21/2021,EL
2021Q3,7/21/2021,EMN
2021Q3,7/21/2021,EMR
2021Q3,7/21/2021,ENPH
2021Q3,7/21/2021,EOG
2021Q3,7/21/2021,EQIX
2021Q3,7/21/2021,EQR
2021Q3,7/21/2021,ES
2021Q3,7/21/2021,ESS
2021Q3,7/21/2021,ETN
2021Q3,7/21/2021,ETR
2021Q3,7/21/2021,ETSY
2021Q3,7/21/2021,EVRG
2021Q3,7/21/2021,EW
2021Q3,7/21/2021,EXC
2021Q3,7/21/2021,EXPD
2021Q3,7/21/2021,EXPE
2021Q3,7/21/2021,EXR
2021Q3,7/21/2021,F
2021Q3,7/21/2021,FANG
2021Q3,7/21/2021,FAST
2021Q3,7/21/2021,FB
2021Q3,7/21/2021,FBHS
2021Q3,7/21/2021,FCX
2021Q3,7/21/2021,FDX
2021Q3,7/21/2021,FE
2021Q3,7/21/2021,FFIV
2021Q3,7/21/2021,FIS
2021Q3,7/21/2021,FISV
2021Q3,7/21/2021,FITB
2021Q3,7/21/2021,FLT
2021Q3,7/21/2021,FMC
2021Q3,7/21/2021,FOX
2021Q3,7/21/2021,FOXA
2021Q3,7/21/2021,FRC
2021Q3,7/21/2021,FRT
2021Q3,7/21/2021,FTNT
2021Q3,7/21/2021,FTV
2021Q3,7/21/2021,GD
2021Q3,7/21/2021,GE
2021Q3,7/21/2021,GILD
2021Q3,7/21/2021,GIS
2021Q3,7/21/2021,GL
2021Q3,7/21/2021,GLW
2021Q3,7/21/2021,GM
2021Q3,7/21/2021,GNRC
2021Q3,7/21/2021,GOOG
2021Q3,7/21/2021,GOOGL
2021Q3,7/21/2021,GPC
2021Q3,7/21/2021,GPN
2021Q3,7/21/2021,GPS
2021Q3,7/21/2021,GRMN
2021Q3,7/21/2021,GS
2021Q3,7/21/2021,GWW
2021Q3,7/21/2021,HAL
2021Q3,7/21/2021,HAS
2021Q3,7/21/2021,HBAN
2021Q3,7/21/2021,HBI
2021Q3,7/21/2021,HCA
2021Q3,7/21/2021,HD
2021Q3,7/21/2021,HES
2021Q3,7/21/2021,HIG
2021Q3,7/21/2021,HII
2021Q3,7/21/2021,HLT
2021Q3,7/21/2021,HOLX
2021Q3,7/21/2021,HON
2021Q3,7/21/2021,HPE
2021Q3,7/21/2021,HPQ
2021Q3,7/21/2021,HRL
2021Q3,7/21/2021,HSIC
2021Q3,7/21/2021,HST
2021Q3,7/21/2021,HSY
2021Q3,7/21/2021,HUM
2021Q3,7/21/2021,HWM
2021Q3,7/21/2021,IBM
2021Q3,7/21/2021,ICE
2021Q3,7/21/2021,IDXX
2021Q3,7/21/2021,IEX
2021Q3,7/21/2021,IFF
2021Q3,7/21/2021,ILMN
2021Q3,7/21/2021,INCY
2021Q3,7/21/2021,INFO
2021Q3,7/21/2021,INTC
2021Q3,7/21/2021,INTU
2021Q3,7/21/2021,IP
2021Q3,7/21/2021,IPG
2021Q3,7/21/2021,IPGP
2021Q3,7/21/2021,IQV
2021Q3,7/21/2021,IR
2021Q3,7/21/2021,IRM
2021Q3,7/21/2021,ISRG
2021Q3,7/21/2021,IT
2021Q3,7/21/2021,ITW
2021Q3,7/21/2021,IVZ
2021Q3,7/21/2021,J
2021Q3,7/21/2021,JBHT
2021Q3,7/21/2021,JCI
2021Q3,7/21/2021,JKHY
2021Q3,7/21/2021,JNJ
2021Q3,7/21/2021,JNPR
2021Q3,7/21/2021,JPM
2021Q3,7/21/2021,K
2021Q3,7/21/2021,KEY
2021Q3,7/21/2021,KEYS
2021Q3,7/21/2021,KHC
2021Q3,7/21/2021,KIM
2021Q3,7/21/2021,KLAC
2021Q3,7/21/2021,KMB
2021Q3,7/21/2021,KMI
2021Q3,7/21/2021,KMX
2021Q3,7/21/2021,KO
2021Q3,7/21/2021,KR
2021Q3,7/21/2021,KSU
2021Q3,7/21/2021,L
2021Q3,7/21/2021,LB
2021Q3,7/21/2021,LDOS
2021Q3,7/21/2021,LEG
2021Q3,7/21/2021,LEN
2021Q3,7/21/2021,LH
2021Q3,7/21/2021,LHX
2021Q3,7/21/2021,LIN
2021Q3,7/21/2021,LKQ
2021Q3,7/21/2021,LLY
2021Q3,7/21/2021,LMT
2021Q3,7/21/2021,LNC
2021Q3,7/21/2021,LNT
2021Q3,7/21/2021,LOW
2021Q3,7/21/2021,LRCX
2021Q3,7/21/2021,LUMN
2021Q3,7/21/2021,LUV
2021Q3,7/21/2021,LVS
2021Q3,7/21/2021,LW
2021Q3,7/21/2021,LYB
2021Q3,7/21/2021,LYV
2021Q3,7/21/2021,MA
2021Q3,7/21/2021,MAA
2021Q3,7/21/2021,MAR
2021Q3,7/21/2021,MAS
2021Q3,7/21/2021,MCD
2021Q3,7/21/2021,MCHP
2021Q3,7/21/2021,MCK
2021Q3,7/21/2021,MCO
2021Q3,7/21/2021,MDLZ
2021Q3,7/21/2021,MDT
2021Q3,7/21/2021,MET
2021Q3,7/21/2021,MGM
2021Q3,7/21/2021,MHK
2021Q3,7/21/2021,MKC
2021Q3,7/21/2021,MKTX
2021Q3,7/21/2021,MLM
2021Q3,7/21/2021,MMC
2021Q3,7/21/2021,MMM
2021Q3,7/21/2021,MNST
2021Q3,7/21/2021,MO
2021Q3,7/21/2021,MOS
2021Q3,7/21/2021,MPC
2021Q3,7/21/2021,MPWR
2021Q3,7/21/2021,MRK
2021Q3,7/21/2021,MRNA
2021Q3,7/21/2021,MRO
2021Q3,7/21/2021,MS
2021Q3,7/21/2021,MSCI
2021Q3,7/21/2021,MSFT
2021Q3,7/21/2021,MSI
2021Q3,7/21/2021,MTB
2021Q3,7/21/2021,MTD
2021Q3,7/21/2021,MU
2021Q3,7/21/2021,MXIM
2021Q3,7/21/2021,NCLH
2021Q3,7/21/2021,NDAQ
2021Q3,7/21/2021,NEE
2021Q3,7/21/2021,NEM
2021Q3,7/21/2021,NFLX
2021Q3,7/21/2021,NI
2021Q3,7/21/2021,NKE
2021Q3,7/21/2021,NLOK
2021Q3,7/21/2021,NLSN
2021Q3,7/21/2021,NOC
2021Q3,7/21/2021,NOV
2021Q3,7/21/2021,NOW
2021Q3,7/21/2021,NRG
2021Q3,7/21/2021,NSC
2021Q3,7/21/2021,NTAP
2021Q3,7/21/2021,NTRS
2021Q3,7/21/2021,NUE
2021Q3,7/21/2021,NVDA
2021Q3,7/21/2021,NVR
2021Q3,7/21/2021,NWL
2021Q3,7/21/2021,NWS
2021Q3,7/21/2021,NWSA
2021Q3,7/21/2021,NXPI
2021Q3,7/21/2021,O
2021Q3,7/21/2021,ODFL
2021Q3,7/21/2021,OGN
2021Q3,7/21/2021,OKE
2021Q3,7/21/2021,OMC
2021Q3,7/21/2021,ORCL
2021Q3,7/21/2021,ORLY
2021Q3,7/21/2021,OTIS
2021Q3,7/21/2021,OXY
2021Q3,7/21/2021,PAYC
2021Q3,7/21/2021,PAYX
2021Q3,7/21/2021,PBCT
2021Q3,7/21/2021,PCAR
2021Q3,7/21/2021,PEAK
2021Q3,7/21/2021,PEG
2021Q3,7/21/2021,PENN
2021Q3,7/21/2021,PEP
2021Q3,7/21/2021,PFE
2021Q3,7/21/2021,PFG
2021Q3,7/21/2021,PG
2021Q3,7/21/2021,PGR
2021Q3,7/21/2021,PH
2021Q3,7/21/2021,PHM
2021Q3,7/21/2021,PKG
2021Q3,7/21/2021,PKI
2021Q3,7/21/2021,PLD
2021Q3,7/21/2021,PM
2021Q3,7/21/2021,PNC
2021Q3,7/21/2021,PNR
2021Q3,7/21/2021,PNW
2021Q3,7/21/2021,POOL
2021Q3,7/21/2021,PPG
2021Q3,7/21/2021,PPL
2021Q3,7/21/2021,PRGO
2021Q3,7/21/2021,PRU
2021Q3,7/21/2021,PSA
2021Q3,7/21/2021,PSX
2021Q3,7/21/2021,PTC
2021Q3,7/21/2021,PVH
2021Q3,7/21/2021,PWR
2021Q3,7/21/2021,PXD
2021Q3,7/21/2021,PYPL
2021Q3,7/21/2021,QCOM
2021Q3,7/21/2021,QRVO
2021Q3,7/21/2021,RCL
2021Q3,7/21/2021,RE
2021Q3,7/21/2021,REG
2021Q3,7/21/2021,REGN
2021Q3,7/21/2021,RF
2021Q3,7/21/2021,RHI
2021Q3,7/21/2021,RJF
2021Q3,7/21/2021,RL
2021Q3,7/21/2021,RMD
2021Q3,7/21/2021,ROK
2021Q3,7/21/2021,ROL
2021Q3,7/21/2021,ROP
2021Q3,7/21/2021,ROST
2021Q3,7/21/2021,RSG
2021Q3,7/21/2021,RTX
2021Q3,7/21/2021,SBAC
2021Q3,7/21/2021,SBUX
2021Q3,7/21/2021,SCHW
2021Q3,7/21/2021,SEE
2021Q3,7/21/2021,SHW
2021Q3,7/21/2021,SIVB
2021Q3,7/21/2021,SJM
2021Q3,7/21/2021,SLB
2021Q3,7/21/2021,SNA
2021Q3,7/21/2021,SNPS
2021Q3,7/21/2021,SO
2021Q3,7/21/2021,SPG
2021Q3,7/21/2021,SPGI
2021Q3,7/21/2021,SRE
2021Q3,7/21/2021,STE
2021Q3,7/21/2021,STT
2021Q3,7/21/2021,STX
2021Q3,7/21/2021,STZ
2021Q3,7/21/2021,SWK
2021Q3,7/21/2021,SWKS
2021Q3,7/21/2021,SYF
2021Q3,7/21/2021,SYK
2021Q3,7/21/2021,SYY
2021Q3,7/21/2021,T
2021Q3,7/21/2021,TAP
2021Q3,7/21/2021,TDG
2021Q3,7/21/2021,TDY
2021Q3,7/21/2021,TEL
2021Q3,7/21/2021,TER
2021Q3,7/21/2021,TFC
2021Q3,7/21/2021,TFX
2021Q3,7/21/2021,TGT
2021Q3,7/21/2021,TJX
2021Q3,7/21/2021,TMO
2021Q3,7/21/2021,TMUS
2021Q3,7/21/2021,TPR
2021Q3,7/21/2021,TRMB
2021Q3,7/21/2021,TROW
2021Q3,7/21/2021,TRV
2021Q3,7/21/2021,TSCO
2021Q3,7/21/2021,TSLA
2021Q3,7/21/2021,TSN
2021Q3,7/21/2021,TT
2021Q3,7/21/2021,TTWO
2021Q3,7/21/2021,TWTR
2021Q3,7/21/2021,TXN
2021Q3,7/21/2021,TXT
2021Q3,7/21/2021,TYL
2021Q3,7/21/2021,UA
2021Q3,7/21/2021,UAA
2021Q3,7/21/2021,UAL
2021Q3,7/21/2021,UDR
2021Q3,7/21/2021,UHS
2021Q3,7/21/2021,ULTA
2021Q3,7/21/2021,UNH
2021Q3,7/21/2021,UNM
2021Q3,7/21/2021,UNP
2021Q3,7/21/2021,UPS
2021Q3,7/21/2021,URI
2021Q3,7/21/2021,USB
2021Q3,7/21/2021,V
2021Q3,7/21/2021,VFC
2021Q3,7/21/2021,VIAC
2021Q3,7/21/2021,VLO
2021Q3,7/21/2021,VMC
2021Q3,7/21/2021,VNO
2021Q3,7/21/2021,VRSK
2021Q3,7/21/2021,VRSN
2021Q3,7/21/2021,VRTX
2021Q3,7/21/2021,VTR
2021Q3,7/21/2021,VTRS
2021Q3,7/21/2021,VZ
2021Q3,7/21/2021,WAB
2021Q3,7/21/2021,WAT
2021Q3,7/21/2021,WBA
2021Q3,7/21/2021,WDC
2021Q3,7/21/2021,WEC
2021Q3,7/21/2021,WELL
2021Q3,7/21/2021,WFC
2021Q3,7/21/2021,WHR
2021Q3,7/21/2021,WLTW
2021Q3,7/21/2021,WM
2021Q3,7/21/2021,WMB
2021Q3,7/21/2021,WMT
2021Q3,7/21/2021,WRB
2021Q3,7/21/2021,WRK
2021Q3,7/21/2021,WST
2021Q3,7/21/2021,WU
2021Q3,7/21/2021,WY
2021Q3,7/21/2021,WYNN
2021Q3,7/21/2021,XEL
2021Q3,7/21/2021,XLNX
2021Q3,7/21/2021,XOM
2021Q3,7/21/2021,XRAY
2021Q3,7/21/2021,XYL
2021Q3,7/21/2021,YUM
2021Q3,7/21/2021,ZBH
2021Q3,7/21/2021,ZBRA
2021Q3,7/21/2021,ZION
2021Q3,7/21/2021,ZTS
2021Q4,10/4/2021,A
2021Q4,10/4/2021,AAL
2021Q4,10/4/2021,AAP
2021Q4,10/4/2021,AAPL
2021Q4,10/4/2021,ABBV
2021Q4,10/4/2021,ABC
2021Q4,10/4/2021,ABMD
2021Q4,10/4/2021,ABT
2021Q4,10/4/2021,ACN
2021Q4,10/4/2021,ADBE
2021Q4,10/4/2021,ADI
2021Q4,10/4/2021,ADM
2021Q4,10/4/2021,ADP
2021Q4,10/4/2021,ADSK
2021Q4,10/4/2021,AEE
2021Q4,10/4/2021,AEP
2021Q4,10/4/2021,AES
2021Q4,10/4/2021,AFL
2021Q4,10/4/2021,AIG
2021Q4,10/4/2021,AIZ
2021Q4,10/4/2021,AJG
2021Q4,10/4/2021,AKAM
2021Q4,10/4/2021,ALB
2021Q4,10/4/2021,ALGN
2021Q4,10/4/2021,ALK
2021Q4,10/4/2021,ALL
2021Q4,10/4/2021,ALLE
2021Q4,10/4/2021,AMAT
2021Q4,10/4/2021,AMCR
2021Q4,10/4/2021,AMD
2021Q4,10/4/2021,AME
2021Q4,10/4/2021,AMGN
2021Q4,10/4/2021,AMP
2021Q4,10/4/2021,AMT
2021Q4,10/4/2021,AMZN
2021Q4,10/4/2021,ANET
2021Q4,10/4/2021,ANSS
2021Q4,10/4/2021,ANTM
2021Q4,10/4/2021,AON
2021Q4,10/4/2021,AOS
2021Q4,10/4/2021,APA
2021Q4,10/4/2021,APD
2021Q4,10/4/2021,APH
2021Q4,10/4/2021,APTV
2021Q4,10/4/2021,ARE
2021Q4,10/4/2021,ATO
2021Q4,10/4/2021,ATVI
2021Q4,10/4/2021,AVB
2021Q4,10/4/2021,AVGO
2021Q4,10/4/2021,AVY
2021Q4,10/4/2021,AWK
2021Q4,10/4/2021,AXP
2021Q4,10/4/2021,AZO
2021Q4,10/4/2021,BA
2021Q4,10/4/2021,BAC
2021Q4,10/4/2021,BAX
2021Q4,10/4/2021,BBWI
2021Q4,10/4/2021,BBY
2021Q4,10/4/2021,BDX
2021Q4,10/4/2021,BEN
2021Q4,10/4/2021,BF.B
2021Q4,10/4/2021,BIIB
2021Q4,10/4/2021,BIO
2021Q4,10/4/2021,BK
2021Q4,10/4/2021,BKNG
2021Q4,10/4/2021,BKR
2021Q4,10/4/2021,BLK
2021Q4,10/4/2021,BLL
2021Q4,10/4/2021,BMY
2021Q4,10/4/2021,BR
2021Q4,10/4/2021,BRK.B
2021Q4,10/4/2021,BRO
2021Q4,10/4/2021,BSX
2021Q4,10/4/2021,BWA
2021Q4,10/4/2021,BXP
2021Q4,10/4/2021,C
2021Q4,10/4/2021,CAG
2021Q4,10/4/2021,CAH
2021Q4,10/4/2021,CARR
2021Q4,10/4/2021,CAT
2021Q4,10/4/2021,CB
2021Q4,10/4/2021,CBOE
2021Q4,10/4/2021,CBRE
2021Q4,10/4/2021,CCI
2021Q4,10/4/2021,CCL
2021Q4,10/4/2021,CDAY
2021Q4,10/4/2021,CDNS
2021Q4,10/4/2021,CDW
2021Q4,10/4/2021,CE
2021Q4,10/4/2021,CERN
2021Q4,10/4/2021,CF
2021Q4,10/4/2021,CFG
2021Q4,10/4/2021,CHD
2021Q4,10/4/2021,CHRW
2021Q4,10/4/2021,CHTR
2021Q4,10/4/2021,CI
2021Q4,10/4/2021,CINF
2021Q4,10/4/2021,CL
2021Q4,10/4/2021,CLX
2021Q4,10/4/2021,CMA
2021Q4,10/4/2021,CMCSA
2021Q4,10/4/2021,CME
2021Q4,10/4/2021,CMG
2021Q4,10/4/2021,CMI
2021Q4,10/4/2021,CMS
2021Q4,10/4/2021,CNC
2021Q4,10/4/2021,CNP
2021Q4,10/4/2021,COF
2021Q4,10/4/2021,COO
2021Q4,10/4/2021,COP
2021Q4,10/4/2021,COST
2021Q4,10/4/2021,CPB
2021Q4,10/4/2021,CPRT
2021Q4,10/4/2021,CRL
2021Q4,10/4/2021,CRM
2021Q4,10/4/2021,CSCO
2021Q4,10/4/2021,CSX
2021Q4,10/4/2021,CTAS
2021Q4,10/4/2021,CTLT
2021Q4,10/4/2021,CTRA
2021Q4,10/4/2021,CTSH
2021Q4,10/4/2021,CTVA
2021Q4,10/4/2021,CTXS
2021Q4,10/4/2021,CVS
2021Q4,10/4/2021,CVX
2021Q4,10/4/2021,CZR
2021Q4,10/4/2021,D
2021Q4,10/4/2021,DAL
2021Q4,10/4/2021,DD
2021Q4,10/4/2021,DE
2021Q4,10/4/2021,DFS
2021Q4,10/4/2021,DG
2021Q4,10/4/2021,DGX
2021Q4,10/4/2021,DHI
2021Q4,10/4/2021,DHR
2021Q4,10/4/2021,DIS
2021Q4,10/4/2021,DISCA
2021Q4,10/4/2021,DISCK
2021Q4,10/4/2021,DISH
2021Q4,10/4/2021,DLR
2021Q4,10/4/2021,DLTR
2021Q4,10/4/2021,DOV
2021Q4,10/4/2021,DOW
2021Q4,10/4/2021,DPZ
2021Q4,10/4/2021,DRE
2021Q4,10/4/2021,DRI
2021Q4,10/4/2021,DTE
2021Q4,10/4/2021,DUK
2021Q4,10/4/2021,DVA
2021Q4,10/4/2021,DVN
2021Q4,10/4/2021,DXC
2021Q4,10/4/2021,DXCM
2021Q4,10/4/2021,EA
2021Q4,10/4/2021,EBAY
2021Q4,10/4/2021,ECL
2021Q4,10/4/2021,ED
2021Q4,10/4/2021,EFX
2021Q4,10/4/2021,EIX
2021Q4,10/4/2021,EL
2021Q4,10/4/2021,EMN
2021Q4,10/4/2021,EMR
2021Q4,10/4/2021,ENPH
2021Q4,10/4/2021,EOG
2021Q4,10/4/2021,EQIX
2021Q4,10/4/2021,EQR
2021Q4,10/4/2021,ES
2021Q4,10/4/2021,ESS
2021Q4,10/4/2021,ETN
2021Q4,10/4/2021,ETR
2021Q4,10/4/2021,ETSY
2021Q4,10/4/2021,EVRG
2021Q4,10/4/2021,EW
2021Q4,10/4/2021,EXC
2021Q4,10/4/2021,EXPD
2021Q4,10/4/2021,EXPE
2021Q4,10/4/2021,EXR
2021Q4,10/4/2021,F
2021Q4,10/4/2021,FANG
2021Q4,10/4/2021,FAST
2021Q4,10/4/2021,FB
2021Q4,10/4/2021,FBHS
2021Q4,10/4/2021,FCX
2021Q4,10/4/2021,FDX
2021Q4,10/4/2021,FE
2021Q4,10/4/2021,FFIV
2021Q4,10/4/2021,FIS
2021Q4,10/4/2021,FISV
2021Q4,10/4/2021,FITB
2021Q4,10/4/2021,FLT
2021Q4,10/4/2021,FMC
2021Q4,10/4/2021,FOX
2021Q4,10/4/2021,FOXA
2021Q4,10/4/2021,FRC
2021Q4,10/4/2021,FRT
2021Q4,10/4/2021,FTNT
2021Q4,10/4/2021,FTV
2021Q4,10/4/2021,GD
2021Q4,10/4/2021,GE
2021Q4,10/4/2021,GILD
2021Q4,10/4/2021,GIS
2021Q4,10/4/2021,GL
2021Q4,10/4/2021,GLW
2021Q4,10/4/2021,GM
2021Q4,10/4/2021,GNRC
2021Q4,10/4/2021,GOOG
2021Q4,10/4/2021,GOOGL
2021Q4,10/4/2021,GPC
2021Q4,10/4/2021,GPN
2021Q4,10/4/2021,GPS
2021Q4,10/4/2021,GRMN
2021Q4,10/4/2021,GS
2021Q4,10/4/2021,GWW
2021Q4,10/4/2021,HAL
2021Q4,10/4/2021,HAS
2021Q4,10/4/2021,HBAN
2021Q4,10/4/2021,HBI
2021Q4,10/4/2021,HCA
2021Q4,10/4/2021,HD
2021Q4,10/4/2021,HES
2021Q4,10/4/2021,HIG
2021Q4,10/4/2021,HII
2021Q4,10/4/2021,HLT
2021Q4,10/4/2021,HOLX
2021Q4,10/4/2021,HON
2021Q4,10/4/2021,HPE
2021Q4,10/4/2021,HPQ
2021Q4,10/4/2021,HRL
2021Q4,10/4/2021,HSIC
2021Q4,10/4/2021,HST
2021Q4,10/4/2021,HSY
2021Q4,10/4/2021,HUM
2021Q4,10/4/2021,HWM
2021Q4,10/4/2021,IBM
2021Q4,10/4/2021,ICE
2021Q4,10/4/2021,IDXX
2021Q4,10/4/2021,IEX
2021Q4,10/4/2021,IFF
2021Q4,10/4/2021,ILMN
2021Q4,10/4/2021,INCY
2021Q4,10/4/2021,INFO
2021Q4,10/4/2021,INTC
2021Q4,10/4/2021,INTU
2021Q4,10/4/2021,IP
2021Q4,10/4/2021,IPG
2021Q4,10/4/2021,IPGP
2021Q4,10/4/2021,IQV
2021Q4,10/4/2021,IR
2021Q4,10/4/2021,IRM
2021Q4,10/4/2021,ISRG
2021Q4,10/4/2021,IT
2021Q4,10/4/2021,ITW
2021Q4,10/4/2021,IVZ
2021Q4,10/4/2021,J
2021Q4,10/4/2021,JBHT
2021Q4,10/4/2021,JCI
2021Q4,10/4/2021,JKHY
2021Q4,10/4/2021,JNJ
2021Q4,10/4/2021,JNPR
2021Q4,10/4/2021,JPM
2021Q4,10/4/2021,K
2021Q4,10/4/2021,KEY
2021Q4,10/4/2021,KEYS
2021Q4,10/4/2021,KHC
2021Q4,10/4/2021,KIM
2021Q4,10/4/2021,KLAC
2021Q4,10/4/2021,KMB
2021Q4,10/4/2021,KMI
2021Q4,10/4/2021,KMX
2021Q4,10/4/2021,KO
2021Q4,10/4/2021,KR
2021Q4,10/4/2021,KSU
2021Q4,10/4/2021,L
2021Q4,10/4/2021,LDOS
2021Q4,10/4/2021,LEG
2021Q4,10/4/2021,LEN
2021Q4,10/4/2021,LH
2021Q4,10/4/2021,LHX
2021Q4,10/4/2021,LIN
2021Q4,10/4/2021,LKQ
2021Q4,10/4/2021,LLY
2021Q4,10/4/2021,LMT
2021Q4,10/4/2021,LNC
2021Q4,10/4/2021,LNT
2021Q4,10/4/2021,LOW
2021Q4,10/4/2021,LRCX
2021Q4,10/4/2021,LUMN
2021Q4,10/4/2021,LUV
2021Q4,10/4/2021,LVS
2021Q4,10/4/2021,LW
2021Q4,10/4/2021,LYB
2021Q4,10/4/2021,LYV
2021Q4,10/4/2021,MA
2021Q4,10/4/2021,MAA
2021Q4,10/4/2021,MAR
2021Q4,10/4/2021,MAS
2021Q4,10/4/2021,MCD
2021Q4,10/4/2021,MCHP
2021Q4,10/4/2021,MCK
2021Q4,10/4/2021,MCO
2021Q4,10/4/2021,MDLZ
2021Q4,10/4/2021,MDT
2021Q4,10/4/2021,MET
2021Q4,10/4/2021,MGM
2021Q4,10/4/2021,MHK
2021Q4,10/4/2021,MKC
2021Q4,10/4/2021,MKTX
2021Q4,10/4/2021,MLM
2021Q4,10/4/2021,MMC
2021Q4,10/4/2021,MMM
2021Q4,10/4/2021,MNST
2021Q4,10/4/2021,MO
2021Q4,10/4/2021,MOS
2021Q4,10/4/2021,MPC
2021Q4,10/4/2021,MPWR
2021Q4,10/4/2021,MRK
2021Q4,10/4/2021,MRNA
2021Q4,10/4/2021,MRO
2021Q4,10/4/2021,MS
2021Q4,10/4/2021,MSCI
2021Q4,10/4/2021,MSFT
2021Q4,10/4/2021,MSI
2021Q4,10/4/2021,MTB
2021Q4,10/4/2021,MTCH
2021Q4,10/4/2021,MTD
2021Q4,10/4/2021,MU
2021Q4,10/4/2021,NCLH
2021Q4,10/4/2021,NDAQ
2021Q4,10/4/2021,NEE
2021Q4,10/4/2021,NEM
2021Q4,10/4/2021,NFLX
2021Q4,10/4/2021,NI
2021Q4,10/4/2021,NKE
2021Q4,10/4/2021,NLOK
2021Q4,10/4/2021,NLSN
2021Q4,10/4/2021,NOC
2021Q4,10/4/2021,NOW
2021Q4,10/4/2021,NRG
2021Q4,10/4/2021,NSC
2021Q4,10/4/2021,NTAP
2021Q4,10/4/2021,NTRS
2021Q4,10/4/2021,NUE
2021Q4,10/4/2021,NVDA
2021Q4,10/4/2021,NVR
2021Q4,10/4/2021,NWL
2021Q4,10/4/2021,NWS
2021Q4,10/4/2021,NWSA
2021Q4,10/4/2021,NXPI
2021Q4,10/4/2021,O
2021Q4,10/4/2021,ODFL
2021Q4,10/4/2021,OGN
2021Q4,10/4/2021,OKE
2021Q4,10/4/2021,OMC
2021Q4,10/4/2021,ORCL
2021Q4,10/4/2021,ORLY
2021Q4,10/4/2021,OTIS
2021Q4,10/4/2021,OXY
2021Q4,10/4/2021,PAYC
2021Q4,10/4/2021,PAYX
2021Q4,10/4/2021,PBCT
2021Q4,10/4/2021,PCAR
2021Q4,10/4/2021,PEAK
2021Q4,10/4/2021,PEG
2021Q4,10/4/2021,PENN
2021Q4,10/4/2021,PEP
2021Q4,10/4/2021,PFE
2021Q4,10/4/2021,PFG
2021Q4,10/4/2021,PG
2021Q4,10/4/2021,PGR
2021Q4,10/4/2021,PH
2021Q4,10/4/2021,PHM
2021Q4,10/4/2021,PKG
2021Q4,10/4/2021,PKI
2021Q4,10/4/2021,PLD
2021Q4,10/4/2021,PM
2021Q4,10/4/2021,PNC
2021Q4,10/4/2021,PNR
2021Q4,10/4/2021,PNW
2021Q4,10/4/2021,POOL
2021Q4,10/4/2021,PPG
2021Q4,10/4/2021,PPL
2021Q4,10/4/2021,PRU
2021Q4,10/4/2021,PSA
2021Q4,10/4/2021,PSX
2021Q4,10/4/2021,PTC
2021Q4,10/4/2021,PVH
2021Q4,10/4/2021,PWR
2021Q4,10/4/2021,PXD
2021Q4,10/4/2021,PYPL
2021Q4,10/4/2021,QCOM
2021Q4,10/4/2021,QRVO
2021Q4,10/4/2021,RCL
2021Q4,10/4/2021,RE
2021Q4,10/4/2021,REG
2021Q4,10/4/2021,REGN
2021Q4,10/4/2021,RF
2021Q4,10/4/2021,RHI
2021Q4,10/4/2021,RJF
2021Q4,10/4/2021,RL
2021Q4,10/4/2021,RMD
2021Q4,10/4/2021,ROK
2021Q4,10/4/2021,ROL
2021Q4,10/4/2021,ROP
2021Q4,10/4/2021,ROST
2021Q4,10/4/2021,RSG
2021Q4,10/4/2021,RTX
2021Q4,10/4/2021,SBAC
2021Q4,10/4/2021,SBUX
2021Q4,10/4/2021,SCHW
2021Q4,10/4/2021,SEE
2021Q4,10/4/2021,SHW
2021Q4,10/4/2021,SIVB
2021Q4,10/4/2021,SJM
2021Q4,10/4/2021,SLB
2021Q4,10/4/2021,SNA
2021Q4,10/4/2021,SNPS
2021Q4,10/4/2021,SO
2021Q4,10/4/2021,SPG
2021Q4,10/4/2021,SPGI
2021Q4,10/4/2021,SRE
2021Q4,10/4/2021,STE
2021Q4,10/4/2021,STT
2021Q4,10/4/2021,STX
2021Q4,10/4/2021,STZ
2021Q4,10/4/2021,SWK
2021Q4,10/4/2021,SWKS
2021Q4,10/4/2021,SYF
2021Q4,10/4/2021,SYK
2021Q4,10/4/2021,SYY
2021Q4,10/4/2021,T
2021Q4,10/4/2021,TAP
2021Q4,10/4/2021,TDG
2021Q4,10/4/2021,TDY
2021Q4,10/4/2021,TECH
2021Q4,10/4/2021,TEL
2021Q4,10/4/2021,TER
2021Q4,10/4/2021,TFC
2021Q4,10/4/2021,TFX
2021Q4,10/4/2021,TGT
2021Q4,10/4/2021,TJX
2021Q4,10/4/2021,TMO
2021Q4,10/4/2021,TMUS
2021Q4,10/4/2021,TPR
2021Q4,10/4/2021,TRMB
2021Q4,10/4/2021,TROW
2021Q4,10/4/2021,TRV
2021Q4,10/4/2021,TSCO
2021Q4,10/4/2021,TSLA
2021Q4,10/4/2021,TSN
2021Q4,10/4/2021,TT
2021Q4,10/4/2021,TTWO
2021Q4,10/4/2021,TWTR
2021Q4,10/4/2021,TXN
2021Q4,10/4/2021,TXT
2021Q4,10/4/2021,TYL
2021Q4,10/4/2021,UA
2021Q4,10/4/2021,UAA
2021Q4,10/4/2021,UAL
2021Q4,10/4/2021,UDR
2021Q4,10/4/2021,UHS
2021Q4,10/4/2021,ULTA
2021Q4,10/4/2021,UNH
2021Q4,10/4/2021,UNP
2021Q4,10/4/2021,UPS
2021Q4,10/4/2021,URI
2021Q4,10/4/2021,USB
2021Q4,10/4/2021,V
2021Q4,10/4/2021,VFC
2021Q4,10/4/2021,VIAC
2021Q4,10/4/2021,VLO
2021Q4,10/4/2021,VMC
2021Q4,10/4/2021,VNO
2021Q4,10/4/2021,VRSK
2021Q4,10/4/2021,VRSN
2021Q4,10/4/2021,VRTX
2021Q4,10/4/2021,VTR
2021Q4,10/4/2021,VTRS
2021Q4,10/4/2021,VZ
2021Q4,10/4/2021,WAB
2021Q4,10/4/2021,WAT
2021Q4,10/4/2021,WBA
2021Q4,10/4/2021,WDC
2021Q4,10/4/2021,WEC
2021Q4,10/4/2021,WELL
2021Q4,10/4/2021,WFC
2021Q4,10/4/2021,WHR
2021Q4,10/4/2021,WLTW
2021Q4,10/4/2021,WM
2021Q4,10/4/2021,WMB
2021Q4,10/4/2021,WMT
2021Q4,10/4/2021,WRB
2021Q4,10/4/2021,WRK
2021Q4,10/4/2021,WST
2021Q4,10/4/2021,WU
2021Q4,10/4/2021,WY
2021Q4,10/4/2021,WYNN
2021Q4,10/4/2021,XEL
2021Q4,10/4/2021,XLNX
2021Q4,10/4/2021,XOM
2021Q4,10/4/2021,XRAY
2021Q4,10/4/2021,XYL
2021Q4,10/4/2021,YUM
2021Q4,10/4/2021,ZBH
2021Q4,10/4/2021,ZBRA
2021Q4,10/4/2021,ZION
2021Q4,10/4/2021,ZTS
2022Q1,1/10/2022,A
2022Q1,1/10/2022,AAL
2022Q1,1/10/2022,AAP
2022Q1,1/10/2022,AAPL
2022Q1,1/10/2022,ABBV
2022Q1,1/10/2022,ABC
2022Q1,1/10/2022,ABMD
2022Q1,1/10/2022,ABT
2022Q1,1/10/2022,ACN
2022Q1,1/10/2022,ADBE
2022Q1,1/10/2022,ADI
2022Q1,1/10/2022,ADM
2022Q1,1/10/2022,ADP
2022Q1,1/10/2022,ADSK
2022Q1,1/10/2022,AEE
2022Q1,1/10/2022,AEP
2022Q1,1/10/2022,AES
2022Q1,1/10/2022,AFL
2022Q1,1/10/2022,AIG
2022Q1,1/10/2022,AIZ
2022Q1,1/10/2022,AJG
2022Q1,1/10/2022,AKAM
2022Q1,1/10/2022,ALB
2022Q1,1/10/2022,ALGN
2022Q1,1/10/2022,ALK
2022Q1,1/10/2022,ALL
2022Q1,1/10/2022,ALLE
2022Q1,1/10/2022,AMAT
2022Q1,1/10/2022,AMCR
2022Q1,1/10/2022,AMD
2022Q1,1/10/2022,AME
2022Q1,1/10/2022,AMGN
2022Q1,1/10/2022,AMP
2022Q1,1/10/2022,AMT
2022Q1,1/10/2022,AMZN
2022Q1,1/10/2022,ANET
2022Q1,1/10/2022,ANSS
2022Q1,1/10/2022,ANTM
2022Q1,1/10/2022,AON
2022Q1,1/10/2022,AOS
2022Q1,1/10/2022,APA
2022Q1,1/10/2022,APD
2022Q1,1/10/2022,APH
2022Q1,1/10/2022,APTV
2022Q1,1/10/2022,ARE
2022Q1,1/10/2022,ATO
2022Q1,1/10/2022,ATVI
2022Q1,1/10/2022,AVB
2022Q1,1/10/2022,AVGO
2022Q1,1/10/2022,AVY
2022Q1,1/10/2022,AWK
2022Q1,1/10/2022,AXP
2022Q1,1/10/2022,AZO
2022Q1,1/10/2022,BA
2022Q1,1/10/2022,BAC
2022Q1,1/10/2022,BAX
2022Q1,1/10/2022,BBWI
2022Q1,1/10/2022,BBY
2022Q1,1/10/2022,BDX
2022Q1,1/10/2022,BEN
2022Q1,1/10/2022,BF.B
2022Q1,1/10/2022,BIIB
2022Q1,1/10/2022,BIO
2022Q1,1/10/2022,BK
2022Q1,1/10/2022,BKNG
2022Q1,1/10/2022,BKR
2022Q1,1/10/2022,BLK
2022Q1,1/10/2022,BLL
2022Q1,1/10/2022,BMY
2022Q1,1/10/2022,BR
2022Q1,1/10/2022,BRK.B
2022Q1,1/10/2022,BRO
2022Q1,1/10/2022,BSX
2022Q1,1/10/2022,BWA
2022Q1,1/10/2022,BXP
2022Q1,1/10/2022,C
2022Q1,1/10/2022,CAG
2022Q1,1/10/2022,CAH
2022Q1,1/10/2022,CARR
2022Q1,1/10/2022,CAT
2022Q1,1/10/2022,CB
2022Q1,1/10/2022,CBOE
2022Q1,1/10/2022,CBRE
2022Q1,1/10/2022,CCI
2022Q1,1/10/2022,CCL
2022Q1,1/10/2022,CDAY
2022Q1,1/10/2022,CDNS
2022Q1,1/10/2022,CDW
2022Q1,1/10/2022,CE
2022Q1,1/10/2022,CERN
2022Q1,1/10/2022,CF
2022Q1,1/10/2022,CFG
2022Q1,1/10/2022,CHD
2022Q1,1/10/2022,CHRW
2022Q1,1/10/2022,CHTR
2022Q1,1/10/2022,CI
2022Q1,1/10/2022,CINF
2022Q1,1/10/2022,CL
2022Q1,1/10/2022,CLX
2022Q1,1/10/2022,CMA
2022Q1,1/10/2022,CMCSA
2022Q1,1/10/2022,CME
2022Q1,1/10/2022,CMG
2022Q1,1/10/2022,CMI
2022Q1,1/10/2022,CMS
2022Q1,1/10/2022,CNC
2022Q1,1/10/2022,CNP
2022Q1,1/10/2022,COF
2022Q1,1/10/2022,COO
2022Q1,1/10/2022,COP
2022Q1,1/10/2022,COST
2022Q1,1/10/2022,CPB
2022Q1,1/10/2022,CPRT
2022Q1,1/10/2022,CRL
2022Q1,1/10/2022,CRM
2022Q1,1/10/2022,CSCO
2022Q1,1/10/2022,CSX
2022Q1,1/10/2022,CTAS
2022Q1,1/10/2022,CTLT
2022Q1,1/10/2022,CTRA
2022Q1,1/10/2022,CTSH
2022Q1,1/10/2022,CTVA
2022Q1,1/10/2022,CTXS
2022Q1,1/10/2022,CVS
2022Q1,1/10/2022,CVX
2022Q1,1/10/2022,CZR
2022Q1,1/10/2022,D
2022Q1,1/10/2022,DAL
2022Q1,1/10/2022,DD
2022Q1,1/10/2022,DE
2022Q1,1/10/2022,DFS
2022Q1,1/10/2022,DG
2022Q1,1/10/2022,DGX
2022Q1,1/10/2022,DHI
2022Q1,1/10/2022,DHR
2022Q1,1/10/2022,DIS
2022Q1,1/10/2022,DISCA
2022Q1,1/10/2022,DISCK
2022Q1,1/10/2022,DISH
2022Q1,1/10/2022,DLR
2022Q1,1/10/2022,DLTR
2022Q1,1/10/2022,DOV
2022Q1,1/10/2022,DOW
2022Q1,1/10/2022,DPZ
2022Q1,1/10/2022,DRE
2022Q1,1/10/2022,DRI
2022Q1,1/10/2022,DTE
2022Q1,1/10/2022,DUK
2022Q1,1/10/2022,DVA
2022Q1,1/10/2022,DVN
2022Q1,1/10/2022,DXC
2022Q1,1/10/2022,DXCM
2022Q1,1/10/2022,EA
2022Q1,1/10/2022,EBAY
2022Q1,1/10/2022,ECL
2022Q1,1/10/2022,ED
2022Q1,1/10/2022,EFX
2022Q1,1/10/2022,EIX
2022Q1,1/10/2022,EL
2022Q1,1/10/2022,EMN
2022Q1,1/10/2022,EMR
2022Q1,1/10/2022,ENPH
2022Q1,1/10/2022,EOG
2022Q1,1/10/2022,EPAM
2022Q1,1/10/2022,EQIX
2022Q1,1/10/2022,EQR
2022Q1,1/10/2022,ES
2022Q1,1/10/2022,ESS
2022Q1,1/10/2022,ETN
2022Q1,1/10/2022,ETR
2022Q1,1/10/2022,ETSY
2022Q1,1/10/2022,EVRG
2022Q1,1/10/2022,EW
2022Q1,1/10/2022,EXC
2022Q1,1/10/2022,EXPD
2022Q1,1/10/2022,EXPE
2022Q1,1/10/2022,EXR
2022Q1,1/10/2022,F
2022Q1,1/10/2022,FANG
2022Q1,1/10/2022,FAST
2022Q1,1/10/2022,FB
2022Q1,1/10/2022,FBHS
2022Q1,1/10/2022,FCX
2022Q1,1/10/2022,FDS
2022Q1,1/10/2022,FDX
2022Q1,1/10/2022,FE
2022Q1,1/10/2022,FFIV
2022Q1,1/10/2022,FIS
2022Q1,1/10/2022,FISV
2022Q1,1/10/2022,FITB
2022Q1,1/10/2022,FLT
2022Q1,1/10/2022,FMC
2022Q1,1/10/2022,FOX
2022Q1,1/10/2022,FOXA
2022Q1,1/10/2022,FRC
2022Q1,1/10/2022,FRT
2022Q1,1/10/2022,FTNT
2022Q1,1/10/2022,FTV
2022Q1,1/10/2022,GD
2022Q1,1/10/2022,GE
2022Q1,1/10/2022,GILD
2022Q1,1/10/2022,GIS
2022Q1,1/10/2022,GL
2022Q1,1/10/2022,GLW
2022Q1,1/10/2022,GM
2022Q1,1/10/2022,GNRC
2022Q1,1/10/2022,GOOG
2022Q1,1/10/2022,GOOGL
2022Q1,1/10/2022,GPC
2022Q1,1/10/2022,GPN
2022Q1,1/10/2022,GPS
2022Q1,1/10/2022,GRMN
2022Q1,1/10/2022,GS
2022Q1,1/10/2022,GWW
2022Q1,1/10/2022,HAL
2022Q1,1/10/2022,HAS
2022Q1,1/10/2022,HBAN
2022Q1,1/10/2022,HCA
2022Q1,1/10/2022,HD
2022Q1,1/10/2022,HES
2022Q1,1/10/2022,HIG
2022Q1,1/10/2022,HII
2022Q1,1/10/2022,HLT
2022Q1,1/10/2022,HOLX
2022Q1,1/10/2022,HON
2022Q1,1/10/2022,HPE
2022Q1,1/10/2022,HPQ
2022Q1,1/10/2022,HRL
2022Q1,1/10/2022,HSIC
2022Q1,1/10/2022,HST
2022Q1,1/10/2022,HSY
2022Q1,1/10/2022,HUM
2022Q1,1/10/2022,HWM
2022Q1,1/10/2022,IBM
2022Q1,1/10/2022,ICE
2022Q1,1/10/2022,IDXX
2022Q1,1/10/2022,IEX
2022Q1,1/10/2022,IFF
2022Q1,1/10/2022,ILMN
2022Q1,1/10/2022,INCY
2022Q1,1/10/2022,INFO
2022Q1,1/10/2022,INTC
2022Q1,1/10/2022,INTU
2022Q1,1/10/2022,IP
2022Q1,1/10/2022,IPG
2022Q1,1/10/2022,IPGP
2022Q1,1/10/2022,IQV
2022Q1,1/10/2022,IR
2022Q1,1/10/2022,IRM
2022Q1,1/10/2022,ISRG
2022Q1,1/10/2022,IT
2022Q1,1/10/2022,ITW
2022Q1,1/10/2022,IVZ
2022Q1,1/10/2022,J
2022Q1,1/10/2022,JBHT
2022Q1,1/10/2022,JCI
2022Q1,1/10/2022,JKHY
2022Q1,1/10/2022,JNJ
2022Q1,1/10/2022,JNPR
2022Q1,1/10/2022,JPM
2022Q1,1/10/2022,K
2022Q1,1/10/2022,KEY
2022Q1,1/10/2022,KEYS
2022Q1,1/10/2022,KHC
2022Q1,1/10/2022,KIM
2022Q1,1/10/2022,KLAC
2022Q1,1/10/2022,KMB
2022Q1,1/10/2022,KMI
2022Q1,1/10/2022,KMX
2022Q1,1/10/2022,KO
2022Q1,1/10/2022,KR
2022Q1,1/10/2022,L
2022Q1,1/10/2022,LDOS
2022Q1,1/10/2022,LEN
2022Q1,1/10/2022,LH
2022Q1,1/10/2022,LHX
2022Q1,1/10/2022,LIN
2022Q1,1/10/2022,LKQ
2022Q1,1/10/2022,LLY
2022Q1,1/10/2022,LMT
2022Q1,1/10/2022,LNC
2022Q1,1/10/2022,LNT
2022Q1,1/10/2022,LOW
2022Q1,1/10/2022,LRCX
2022Q1,1/10/2022,LUMN
2022Q1,1/10/2022,LUV
2022Q1,1/10/2022,LVS
2022Q1,1/10/2022,LW
2022Q1,1/10/2022,LYB
2022Q1,1/10/2022,LYV
2022Q1,1/10/2022,MA
2022Q1,1/10/2022,MAA
2022Q1,1/10/2022,MAR
2022Q1,1/10/2022,MAS
2022Q1,1/10/2022,MCD
2022Q1,1/10/2022,MCHP
2022Q1,1/10/2022,MCK
2022Q1,1/10/2022,MCO
2022Q1,1/10/2022,MDLZ
2022Q1,1/10/2022,MDT
2022Q1,1/10/2022,MET
2022Q1,1/10/2022,MGM
2022Q1,1/10/2022,MHK
2022Q1,1/10/2022,MKC
2022Q1,1/10/2022,MKTX
2022Q1,1/10/2022,MLM
2022Q1,1/10/2022,MMC
2022Q1,1/10/2022,MMM
2022Q1,1/10/2022,MNST
2022Q1,1/10/2022,MO
2022Q1,1/10/2022,MOS
2022Q1,1/10/2022,MPC
2022Q1,1/10/2022,MPWR
2022Q1,1/10/2022,MRK
2022Q1,1/10/2022,MRNA
2022Q1,1/10/2022,MRO
2022Q1,1/10/2022,MS
2022Q1,1/10/2022,MSCI
2022Q1,1/10/2022,MSFT
2022Q1,1/10/2022,MSI
2022Q1,1/10/2022,MTB
2022Q1,1/10/2022,MTCH
2022Q1,1/10/2022,MTD
2022Q1,1/10/2022,MU
2022Q1,1/10/2022,NCLH
2022Q1,1/10/2022,NDAQ
2022Q1,1/10/2022,NEE
2022Q1,1/10/2022,NEM
2022Q1,1/10/2022,NFLX
2022Q1,1/10/2022,NI
2022Q1,1/10/2022,NKE
2022Q1,1/10/2022,NLOK
2022Q1,1/10/2022,NLSN
2022Q1,1/10/2022,NOC
2022Q1,1/10/2022,NOW
2022Q1,1/10/2022,NRG
2022Q1,1/10/2022,NSC
2022Q1,1/10/2022,NTAP
2022Q1,1/10/2022,NTRS
2022Q1,1/10/2022,NUE
2022Q1,1/10/2022,NVDA
2022Q1,1/10/2022,NVR
2022Q1,1/10/2022,NWL
2022Q1,1/10/2022,NWS
2022Q1,1/10/2022,NWSA
2022Q1,1/10/2022,NXPI
2022Q1,1/10/2022,O
2022Q1,1/10/2022,ODFL
2022Q1,1/10/2022,OGN
2022Q1,1/10/2022,OKE
2022Q1,1/10/2022,OMC
2022Q1,1/10/2022,ORCL
2022Q1,1/10/2022,ORLY
2022Q1,1/10/2022,OTIS
2022Q1,1/10/2022,OXY
2022Q1,1/10/2022,PAYC
2022Q1,1/10/2022,PAYX
2022Q1,1/10/2022,PBCT
2022Q1,1/10/2022,PCAR
2022Q1,1/10/2022,PEAK
2022Q1,1/10/2022,PEG
2022Q1,1/10/2022,PENN
2022Q1,1/10/2022,PEP
2022Q1,1/10/2022,PFE
2022Q1,1/10/2022,PFG
2022Q1,1/10/2022,PG
2022Q1,1/10/2022,PGR
2022Q1,1/10/2022,PH
2022Q1,1/10/2022,PHM
2022Q1,1/10/2022,PKG
2022Q1,1/10/2022,PKI
2022Q1,1/10/2022,PLD
2022Q1,1/10/2022,PM
2022Q1,1/10/2022,PNC
2022Q1,1/10/2022,PNR
2022Q1,1/10/2022,PNW
2022Q1,1/10/2022,POOL
2022Q1,1/10/2022,PPG
2022Q1,1/10/2022,PPL
2022Q1,1/10/2022,PRU
2022Q1,1/10/2022,PSA
2022Q1,1/10/2022,PSX
2022Q1,1/10/2022,PTC
2022Q1,1/10/2022,PVH
2022Q1,1/10/2022,PWR
2022Q1,1/10/2022,PXD
2022Q1,1/10/2022,PYPL
2022Q1,1/10/2022,QCOM
2022Q1,1/10/2022,QRVO
2022Q1,1/10/2022,RCL
2022Q1,1/10/2022,RE
2022Q1,1/10/2022,REG
2022Q1,1/10/2022,REGN
2022Q1,1/10/2022,RF
2022Q1,1/10/2022,RHI
2022Q1,1/10/2022,RJF
2022Q1,1/10/2022,RL
2022Q1,1/10/2022,RMD
2022Q1,1/10/2022,ROK
2022Q1,1/10/2022,ROL
2022Q1,1/10/2022,ROP
2022Q1,1/10/2022,ROST
2022Q1,1/10/2022,RSG
2022Q1,1/10/2022,RTX
2022Q1,1/10/2022,SBAC
2022Q1,1/10/2022,SBNY
2022Q1,1/10/2022,SBUX
2022Q1,1/10/2022,SCHW
2022Q1,1/10/2022,SEDG
2022Q1,1/10/2022,SEE
2022Q1,1/10/2022,SHW
2022Q1,1/10/2022,SIVB
2022Q1,1/10/2022,SJM
2022Q1,1/10/2022,SLB
2022Q1,1/10/2022,SNA
2022Q1,1/10/2022,SNPS
2022Q1,1/10/2022,SO
2022Q1,1/10/2022,SPG
2022Q1,1/10/2022,SPGI
2022Q1,1/10/2022,SRE
2022Q1,1/10/2022,STE
2022Q1,1/10/2022,STT
2022Q1,1/10/2022,STX
2022Q1,1/10/2022,STZ
2022Q1,1/10/2022,SWK
2022Q1,1/10/2022,SWKS
2022Q1,1/10/2022,SYF
2022Q1,1/10/2022,SYK
2022Q1,1/10/2022,SYY
2022Q1,1/10/2022,T
2022Q1,1/10/2022,TAP
2022Q1,1/10/2022,TDG
2022Q1,1/10/2022,TDY
2022Q1,1/10/2022,TECH
2022Q1,1/10/2022,TEL
2022Q1,1/10/2022,TER
2022Q1,1/10/2022,TFC
2022Q1,1/10/2022,TFX
2022Q1,1/10/2022,TGT
2022Q1,1/10/2022,TJX
2022Q1,1/10/2022,TMO
2022Q1,1/10/2022,TMUS
2022Q1,1/10/2022,TPR
2022Q1,1/10/2022,TRMB
2022Q1,1/10/2022,TROW
2022Q1,1/10/2022,TRV
2022Q1,1/10/2022,TSCO
2022Q1,1/10/2022,TSLA
2022Q1,1/10/2022,TSN
2022Q1,1/10/2022,TT
2022Q1,1/10/2022,TTWO
2022Q1,1/10/2022,TWTR
2022Q1,1/10/2022,TXN
2022Q1,1/10/2022,TXT
2022Q1,1/10/2022,TYL
2022Q1,1/10/2022,UA
2022Q1,1/10/2022,UAA
2022Q1,1/10/2022,UAL
2022Q1,1/10/2022,UDR
2022Q1,1/10/2022,UHS
2022Q1,1/10/2022,ULTA
2022Q1,1/10/2022,UNH
2022Q1,1/10/2022,UNP
2022Q1,1/10/2022,UPS
2022Q1,1/10/2022,URI
2022Q1,1/10/2022,USB
2022Q1,1/10/2022,V
2022Q1,1/10/2022,VFC
2022Q1,1/10/2022,VIAC
2022Q1,1/10/2022,VLO
2022Q1,1/10/2022,VMC
2022Q1,1/10/2022,VNO
2022Q1,1/10/2022,VRSK
2022Q1,1/10/2022,VRSN
2022Q1,1/10/2022,VRTX
2022Q1,1/10/2022,VTR
2022Q1,1/10/2022,VTRS
2022Q1,1/10/2022,VZ
2022Q1,1/10/2022,WAB
2022Q1,1/10/2022,WAT
2022Q1,1/10/2022,WBA
2022Q1,1/10/2022,WDC
2022Q1,1/10/2022,WEC
2022Q1,1/10/2022,WELL
2022Q1,1/10/2022,WFC
2022Q1,1/10/2022,WHR
2022Q1,1/10/2022,WM
2022Q1,1/10/2022,WMB
2022Q1,1/10/2022,WMT
2022Q1,1/10/2022,WRB
2022Q1,1/10/2022,WRK
2022Q1,1/10/2022,WST
2022Q1,1/10/2022,WTW
2022Q1,1/10/2022,WY
2022Q1,1/10/2022,WYNN
2022Q1,1/10/2022,XEL
2022Q1,1/10/2022,XLNX
2022Q1,1/10/2022,XOM
2022Q1,1/10/2022,XRAY
2022Q1,1/10/2022,XYL
2022Q1,1/10/2022,YUM
2022Q1,1/10/2022,ZBH
2022Q1,1/10/2022,ZBRA
2022Q1,1/10/2022,ZION
2022Q1,1/10/2022,ZTS
2022Q2,4/4/2022,A
2022Q2,4/4/2022,AAL
2022Q2,4/4/2022,AAP
2022Q2,4/4/2022,AAPL
2022Q2,4/4/2022,ABBV
2022Q2,4/4/2022,ABC
2022Q2,4/4/2022,ABMD
2022Q2,4/4/2022,ABT
2022Q2,4/4/2022,ACN
2022Q2,4/4/2022,ADBE
2022Q2,4/4/2022,ADI
2022Q2,4/4/2022,ADM
2022Q2,4/4/2022,ADP
2022Q2,4/4/2022,ADSK
2022Q2,4/4/2022,AEE
2022Q2,4/4/2022,AEP
2022Q2,4/4/2022,AES
2022Q2,4/4/2022,AFL
2022Q2,4/4/2022,AIG
2022Q2,4/4/2022,AIZ
2022Q2,4/4/2022,AJG
2022Q2,4/4/2022,AKAM
2022Q2,4/4/2022,ALB
2022Q2,4/4/2022,ALGN
2022Q2,4/4/2022,ALK
2022Q2,4/4/2022,ALL
2022Q2,4/4/2022,ALLE
2022Q2,4/4/2022,AMAT
2022Q2,4/4/2022,AMCR
2022Q2,4/4/2022,AMD
2022Q2,4/4/2022,AME
2022Q2,4/4/2022,AMGN
2022Q2,4/4/2022,AMP
2022Q2,4/4/2022,AMT
2022Q2,4/4/2022,AMZN
2022Q2,4/4/2022,ANET
2022Q2,4/4/2022,ANSS
2022Q2,4/4/2022,ANTM
2022Q2,4/4/2022,AON
2022Q2,4/4/2022,AOS
2022Q2,4/4/2022,APA
2022Q2,4/4/2022,APD
2022Q2,4/4/2022,APH
2022Q2,4/4/2022,APTV
2022Q2,4/4/2022,ARE
2022Q2,4/4/2022,ATO
2022Q2,4/4/2022,ATVI
2022Q2,4/4/2022,AVB
2022Q2,4/4/2022,AVGO
2022Q2,4/4/2022,AVY
2022Q2,4/4/2022,AWK
2022Q2,4/4/2022,AXP
2022Q2,4/4/2022,AZO
2022Q2,4/4/2022,BA
2022Q2,4/4/2022,BAC
2022Q2,4/4/2022,BAX
2022Q2,4/4/2022,BBWI
2022Q2,4/4/2022,BBY
2022Q2,4/4/2022,BDX
2022Q2,4/4/2022,BEN
2022Q2,4/4/2022,BF.B
2022Q2,4/4/2022,BIIB
2022Q2,4/4/2022,BIO
2022Q2,4/4/2022,BK
2022Q2,4/4/2022,BKNG
2022Q2,4/4/2022,BKR
2022Q2,4/4/2022,BLK
2022Q2,4/4/2022,BLL
2022Q2,4/4/2022,BMY
2022Q2,4/4/2022,BR
2022Q2,4/4/2022,BRK.B
2022Q2,4/4/2022,BRO
2022Q2,4/4/2022,BSX
2022Q2,4/4/2022,BWA
2022Q2,4/4/2022,BXP
2022Q2,4/4/2022,C
2022Q2,4/4/2022,CAG
2022Q2,4/4/2022,CAH
2022Q2,4/4/2022,CARR
2022Q2,4/4/2022,CAT
2022Q2,4/4/2022,CB
2022Q2,4/4/2022,CBOE
2022Q2,4/4/2022,CBRE
2022Q2,4/4/2022,CCI
2022Q2,4/4/2022,CCL
2022Q2,4/4/2022,CDAY
2022Q2,4/4/2022,CDNS
2022Q2,4/4/2022,CDW
2022Q2,4/4/2022,CE
2022Q2,4/4/2022,CEG
2022Q2,4/4/2022,CERN
2022Q2,4/4/2022,CF
2022Q2,4/4/2022,CFG
2022Q2,4/4/2022,CHD
2022Q2,4/4/2022,CHRW
2022Q2,4/4/2022,CHTR
2022Q2,4/4/2022,CI
2022Q2,4/4/2022,CINF
2022Q2,4/4/2022,CL
2022Q2,4/4/2022,CLX
2022Q2,4/4/2022,CMA
2022Q2,4/4/2022,CMCSA
2022Q2,4/4/2022,CME
2022Q2,4/4/2022,CMG
2022Q2,4/4/2022,CMI
2022Q2,4/4/2022,CMS
2022Q2,4/4/2022,CNC
2022Q2,4/4/2022,CNP
2022Q2,4/4/2022,COF
2022Q2,4/4/2022,COO
2022Q2,4/4/2022,COP
2022Q2,4/4/2022,COST
2022Q2,4/4/2022,CPB
2022Q2,4/4/2022,CPRT
2022Q2,4/4/2022,CPT
2022Q2,4/4/2022,CRL
2022Q2,4/4/2022,CRM
2022Q2,4/4/2022,CSCO
2022Q2,4/4/2022,CSX
2022Q2,4/4/2022,CTAS
2022Q2,4/4/2022,CTLT
2022Q2,4/4/2022,CTRA
2022Q2,4/4/2022,CTSH
2022Q2,4/4/2022,CTVA
2022Q2,4/4/2022,CTXS
2022Q2,4/4/2022,CVS
2022Q2,4/4/2022,CVX
2022Q2,4/4/2022,CZR
2022Q2,4/4/2022,D
2022Q2,4/4/2022,DAL
2022Q2,4/4/2022,DD
2022Q2,4/4/2022,DE
2022Q2,4/4/2022,DFS
2022Q2,4/4/2022,DG
2022Q2,4/4/2022,DGX
2022Q2,4/4/2022,DHI
2022Q2,4/4/2022,DHR
2022Q2,4/4/2022,DIS
2022Q2,4/4/2022,DISCA
2022Q2,4/4/2022,DISCK
2022Q2,4/4/2022,DISH
2022Q2,4/4/2022,DLR
2022Q2,4/4/2022,DLTR
2022Q2,4/4/2022,DOV
2022Q2,4/4/2022,DOW
2022Q2,4/4/2022,DPZ
2022Q2,4/4/2022,DRE
2022Q2,4/4/2022,DRI
2022Q2,4/4/2022,DTE
2022Q2,4/4/2022,DUK
2022Q2,4/4/2022,DVA
2022Q2,4/4/2022,DVN
2022Q2,4/4/2022,DXC
2022Q2,4/4/2022,DXCM
2022Q2,4/4/2022,EA
2022Q2,4/4/2022,EBAY
2022Q2,4/4/2022,ECL
2022Q2,4/4/2022,ED
2022Q2,4/4/2022,EFX
2022Q2,4/4/2022,EIX
2022Q2,4/4/2022,EL
2022Q2,4/4/2022,EMN
2022Q2,4/4/2022,EMR
2022Q2,4/4/2022,ENPH
2022Q2,4/4/2022,EOG
2022Q2,4/4/2022,EPAM
2022Q2,4/4/2022,EQIX
2022Q2,4/4/2022,EQR
2022Q2,4/4/2022,ES
2022Q2,4/4/2022,ESS
2022Q2,4/4/2022,ETN
2022Q2,4/4/2022,ETR
2022Q2,4/4/2022,ETSY
2022Q2,4/4/2022,EVRG
2022Q2,4/4/2022,EW
2022Q2,4/4/2022,EXC
2022Q2,4/4/2022,EXPD
2022Q2,4/4/2022,EXPE
2022Q2,4/4/2022,EXR
2022Q2,4/4/2022,F
2022Q2,4/4/2022,FANG
2022Q2,4/4/2022,FAST
2022Q2,4/4/2022,FB
2022Q2,4/4/2022,FBHS
2022Q2,4/4/2022,FCX
2022Q2,4/4/2022,FDS
2022Q2,4/4/2022,FDX
2022Q2,4/4/2022,FE
2022Q2,4/4/2022,FFIV
2022Q2,4/4/2022,FIS
2022Q2,4/4/2022,FISV
2022Q2,4/4/2022,FITB
2022Q2,4/4/2022,FLT
2022Q2,4/4/2022,FMC
2022Q2,4/4/2022,FOX
2022Q2,4/4/2022,FOXA
2022Q2,4/4/2022,FRC
2022Q2,4/4/2022,FRT
2022Q2,4/4/2022,FTNT
2022Q2,4/4/2022,FTV
2022Q2,4/4/2022,GD
2022Q2,4/4/2022,GE
2022Q2,4/4/2022,GILD
2022Q2,4/4/2022,GIS
2022Q2,4/4/2022,GL
2022Q2,4/4/2022,GLW
2022Q2,4/4/2022,GM
2022Q2,4/4/2022,GNRC
2022Q2,4/4/2022,GOOG
2022Q2,4/4/2022,GOOGL
2022Q2,4/4/2022,GPC
2022Q2,4/4/2022,GPN
2022Q2,4/4/2022,GRMN
2022Q2,4/4/2022,GS
2022Q2,4/4/2022,GWW
2022Q2,4/4/2022,HAL
2022Q2,4/4/2022,HAS
2022Q2,4/4/2022,HBAN
2022Q2,4/4/2022,HCA
2022Q2,4/4/2022,HD
2022Q2,4/4/2022,HES
2022Q2,4/4/2022,HIG
2022Q2,4/4/2022,HII
2022Q2,4/4/2022,HLT
2022Q2,4/4/2022,HOLX
2022Q2,4/4/2022,HON
2022Q2,4/4/2022,HPE
2022Q2,4/4/2022,HPQ
2022Q2,4/4/2022,HRL
2022Q2,4/4/2022,HSIC
2022Q2,4/4/2022,HST
2022Q2,4/4/2022,HSY
2022Q2,4/4/2022,HUM
2022Q2,4/4/2022,HWM
2022Q2,4/4/2022,IBM
2022Q2,4/4/2022,ICE
2022Q2,4/4/2022,IDXX
2022Q2,4/4/2022,IEX
2022Q2,4/4/2022,IFF
2022Q2,4/4/2022,ILMN
2022Q2,4/4/2022,INCY
2022Q2,4/4/2022,INTC
2022Q2,4/4/2022,INTU
2022Q2,4/4/2022,IP
2022Q2,4/4/2022,IPG
2022Q2,4/4/2022,IPGP
2022Q2,4/4/2022,IQV
2022Q2,4/4/2022,IR
2022Q2,4/4/2022,IRM
2022Q2,4/4/2022,ISRG
2022Q2,4/4/2022,IT
2022Q2,4/4/2022,ITW
2022Q2,4/4/2022,IVZ
2022Q2,4/4/2022,J
2022Q2,4/4/2022,JBHT
2022Q2,4/4/2022,JCI
2022Q2,4/4/2022,JKHY
2022Q2,4/4/2022,JNJ
2022Q2,4/4/2022,JNPR
2022Q2,4/4/2022,JPM
2022Q2,4/4/2022,K
2022Q2,4/4/2022,KEY
2022Q2,4/4/2022,KEYS
2022Q2,4/4/2022,KHC
2022Q2,4/4/2022,KIM
2022Q2,4/4/2022,KLAC
2022Q2,4/4/2022,KMB
2022Q2,4/4/2022,KMI
2022Q2,4/4/2022,KMX
2022Q2,4/4/2022,KO
2022Q2,4/4/2022,KR
2022Q2,4/4/2022,L
2022Q2,4/4/2022,LDOS
2022Q2,4/4/2022,LEN
2022Q2,4/4/2022,LH
2022Q2,4/4/2022,LHX
2022Q2,4/4/2022,LIN
2022Q2,4/4/2022,LKQ
2022Q2,4/4/2022,LLY
2022Q2,4/4/2022,LMT
2022Q2,4/4/2022,LNC
2022Q2,4/4/2022,LNT
2022Q2,4/4/2022,LOW
2022Q2,4/4/2022,LRCX
2022Q2,4/4/2022,LUMN
2022Q2,4/4/2022,LUV
2022Q2,4/4/2022,LVS
2022Q2,4/4/2022,LW
2022Q2,4/4/2022,LYB
2022Q2,4/4/2022,LYV
2022Q2,4/4/2022,MA
2022Q2,4/4/2022,MAA
2022Q2,4/4/2022,MAR
2022Q2,4/4/2022,MAS
2022Q2,4/4/2022,MCD
2022Q2,4/4/2022,MCHP
2022Q2,4/4/2022,MCK
2022Q2,4/4/2022,MCO
2022Q2,4/4/2022,MDLZ
2022Q2,4/4/2022,MDT
2022Q2,4/4/2022,MET
2022Q2,4/4/2022,MGM
2022Q2,4/4/2022,MHK
2022Q2,4/4/2022,MKC
2022Q2,4/4/2022,MKTX
2022Q2,4/4/2022,MLM
2022Q2,4/4/2022,MMC
2022Q2,4/4/2022,MMM
2022Q2,4/4/2022,MNST
2022Q2,4/4/2022,MO
2022Q2,4/4/2022,MOH
2022Q2,4/4/2022,MOS
2022Q2,4/4/2022,MPC
2022Q2,4/4/2022,MPWR
2022Q2,4/4/2022,MRK
2022Q2,4/4/2022,MRNA
2022Q2,4/4/2022,MRO
2022Q2,4/4/2022,MS
2022Q2,4/4/2022,MSCI
2022Q2,4/4/2022,MSFT
2022Q2,4/4/2022,MSI
2022Q2,4/4/2022,MTB
2022Q2,4/4/2022,MTCH
2022Q2,4/4/2022,MTD
2022Q2,4/4/2022,MU
2022Q2,4/4/2022,NCLH
2022Q2,4/4/2022,NDAQ
2022Q2,4/4/2022,NDSN
2022Q2,4/4/2022,NEE
2022Q2,4/4/2022,NEM
2022Q2,4/4/2022,NFLX
2022Q2,4/4/2022,NI
2022Q2,4/4/2022,NKE
2022Q2,4/4/2022,NLOK
2022Q2,4/4/2022,NLSN
2022Q2,4/4/2022,NOC
2022Q2,4/4/2022,NOW
2022Q2,4/4/2022,NRG
2022Q2,4/4/2022,NSC
2022Q2,4/4/2022,NTAP
2022Q2,4/4/2022,NTRS
2022Q2,4/4/2022,NUE
2022Q2,4/4/2022,NVDA
2022Q2,4/4/2022,NVR
2022Q2,4/4/2022,NWL
2022Q2,4/4/2022,NWS
2022Q2,4/4/2022,NWSA
2022Q2,4/4/2022,NXPI
2022Q2,4/4/2022,O
2022Q2,4/4/2022,ODFL
2022Q2,4/4/2022,OGN
2022Q2,4/4/2022,OKE
2022Q2,4/4/2022,OMC
2022Q2,4/4/2022,ORCL
2022Q2,4/4/2022,ORLY
2022Q2,4/4/2022,OTIS
2022Q2,4/4/2022,OXY
2022Q2,4/4/2022,PARA
2022Q2,4/4/2022,PAYC
2022Q2,4/4/2022,PAYX
2022Q2,4/4/2022,PCAR
2022Q2,4/4/2022,PEAK
2022Q2,4/4/2022,PEG
2022Q2,4/4/2022,PENN
2022Q2,4/4/2022,PEP
2022Q2,4/4/2022,PFE
2022Q2,4/4/2022,PFG
2022Q2,4/4/2022,PG
2022Q2,4/4/2022,PGR
2022Q2,4/4/2022,PH
2022Q2,4/4/2022,PHM
2022Q2,4/4/2022,PKG
2022Q2,4/4/2022,PKI
2022Q2,4/4/2022,PLD
2022Q2,4/4/2022,PM
2022Q2,4/4/2022,PNC
2022Q2,4/4/2022,PNR
2022Q2,4/4/2022,PNW
2022Q2,4/4/2022,POOL
2022Q2,4/4/2022,PPG
2022Q2,4/4/2022,PPL
2022Q2,4/4/2022,PRU
2022Q2,4/4/2022,PSA
2022Q2,4/4/2022,PSX
2022Q2,4/4/2022,PTC
2022Q2,4/4/2022,PVH
2022Q2,4/4/2022,PWR
2022Q2,4/4/2022,PXD
2022Q2,4/4/2022,PYPL
2022Q2,4/4/2022,QCOM
2022Q2,4/4/2022,QRVO
2022Q2,4/4/2022,RCL
2022Q2,4/4/2022,RE
2022Q2,4/4/2022,REG
2022Q2,4/4/2022,REGN
2022Q2,4/4/2022,RF
2022Q2,4/4/2022,RHI
2022Q2,4/4/2022,RJF
2022Q2,4/4/2022,RL
2022Q2,4/4/2022,RMD
2022Q2,4/4/2022,ROK
2022Q2,4/4/2022,ROL
2022Q2,4/4/2022,ROP
2022Q2,4/4/2022,ROST
2022Q2,4/4/2022,RSG
2022Q2,4/4/2022,RTX
2022Q2,4/4/2022,SBAC
2022Q2,4/4/2022,SBNY
2022Q2,4/4/2022,SBUX
2022Q2,4/4/2022,SCHW
2022Q2,4/4/2022,SEDG
2022Q2,4/4/2022,SEE
2022Q2,4/4/2022,SHW
2022Q2,4/4/2022,SIVB
2022Q2,4/4/2022,SJM
2022Q2,4/4/2022,SLB
2022Q2,4/4/2022,SNA
2022Q2,4/4/2022,SNPS
2022Q2,4/4/2022,SO
2022Q2,4/4/2022,SPG
2022Q2,4/4/2022,SPGI
2022Q2,4/4/2022,SRE
2022Q2,4/4/2022,STE
2022Q2,4/4/2022,STT
2022Q2,4/4/2022,STX
2022Q2,4/4/2022,STZ
2022Q2,4/4/2022,SWK
2022Q2,4/4/2022,SWKS
2022Q2,4/4/2022,SYF
2022Q2,4/4/2022,SYK
2022Q2,4/4/2022,SYY
2022Q2,4/4/2022,T
2022Q2,4/4/2022,TAP
2022Q2,4/4/2022,TDG
2022Q2,4/4/2022,TDY
2022Q2,4/4/2022,TECH
2022Q2,4/4/2022,TEL
2022Q2,4/4/2022,TER
2022Q2,4/4/2022,TFC
2022Q2,4/4/2022,TFX
2022Q2,4/4/2022,TGT
2022Q2,4/4/2022,TJX
2022Q2,4/4/2022,TMO
2022Q2,4/4/2022,TMUS
2022Q2,4/4/2022,TPR
2022Q2,4/4/2022,TRMB
2022Q2,4/4/2022,TROW
2022Q2,4/4/2022,TRV
2022Q2,4/4/2022,TSCO
2022Q2,4/4/2022,TSLA
2022Q2,4/4/2022,TSN
2022Q2,4/4/2022,TT
2022Q2,4/4/2022,TTWO
2022Q2,4/4/2022,TWTR
2022Q2,4/4/2022,TXN
2022Q2,4/4/2022,TXT
2022Q2,4/4/2022,TYL
2022Q2,4/4/2022,UA
2022Q2,4/4/2022,UAA
2022Q2,4/4/2022,UAL
2022Q2,4/4/2022,UDR
2022Q2,4/4/2022,UHS
2022Q2,4/4/2022,ULTA
2022Q2,4/4/2022,UNH
2022Q2,4/4/2022,UNP
2022Q2,4/4/2022,UPS
2022Q2,4/4/2022,URI
2022Q2,4/4/2022,USB
2022Q2,4/4/2022,V
2022Q2,4/4/2022,VFC
2022Q2,4/4/2022,VLO
2022Q2,4/4/2022,VMC
2022Q2,4/4/2022,VNO
2022Q2,4/4/2022,VRSK
2022Q2,4/4/2022,VRSN
2022Q2,4/4/2022,VRTX
2022Q2,4/4/2022,VTR
2022Q2,4/4/2022,VTRS
2022Q2,4/4/2022,VZ
2022Q2,4/4/2022,WAB
2022Q2,4/4/2022,WAT
2022Q2,4/4/2022,WBA
2022Q2,4/4/2022,WDC
2022Q2,4/4/2022,WEC
2022Q2,4/4/2022,WELL
2022Q2,4/4/2022,WFC
2022Q2,4/4/2022,WHR
2022Q2,4/4/2022,WM
2022Q2,4/4/2022,WMB
2022Q2,4/4/2022,WMT
2022Q2,4/4/2022,WRB
2022Q2,4/4/2022,WRK
2022Q2,4/4/2022,WST
2022Q2,4/4/2022,WTW
2022Q2,4/4/2022,WY
2022Q2,4/4/2022,WYNN
2022Q2,4/4/2022,XEL
2022Q2,4/4/2022,XOM
2022Q2,4/4/2022,XRAY
2022Q2,4/4/2022,XYL
2022Q2,4/4/2022,YUM
2022Q2,4/4/2022,ZBH
2022Q2,4/4/2022,ZBRA
2022Q2,4/4/2022,ZION
2022Q2,4/4/2022,ZTS
2022Q2,6/28/2022,A
2022Q2,6/28/2022,AAL
2022Q2,6/28/2022,AAP
2022Q2,6/28/2022,AAPL
2022Q2,6/28/2022,ABBV
2022Q2,6/28/2022,ABC
2022Q2,6/28/2022,ABMD
2022Q2,6/28/2022,ABT
2022Q2,6/28/2022,ACN
2022Q2,6/28/2022,ADBE
2022Q2,6/28/2022,ADI
2022Q2,6/28/2022,ADM
2022Q2,6/28/2022,ADP
2022Q2,6/28/2022,ADSK
2022Q2,6/28/2022,AEE
2022Q2,6/28/2022,AEP
2022Q2,6/28/2022,AES
2022Q2,6/28/2022,AFL
2022Q2,6/28/2022,AIG
2022Q2,6/28/2022,AIZ
2022Q2,6/28/2022,AJG
2022Q2,6/28/2022,AKAM
2022Q2,6/28/2022,ALB
2022Q2,6/28/2022,ALGN
2022Q2,6/28/2022,ALK
2022Q2,6/28/2022,ALL
2022Q2,6/28/2022,ALLE
2022Q2,6/28/2022,AMAT
2022Q2,6/28/2022,AMCR
2022Q2,6/28/2022,AMD
2022Q2,6/28/2022,AME
2022Q2,6/28/2022,AMGN
2022Q2,6/28/2022,AMP
2022Q2,6/28/2022,AMT
2022Q2,6/28/2022,AMZN
2022Q2,6/28/2022,ANET
2022Q2,6/28/2022,ANSS
2022Q2,6/28/2022,AON
2022Q2,6/28/2022,AOS
2022Q2,6/28/2022,APA
2022Q2,6/28/2022,APD
2022Q2,6/28/2022,APH
2022Q2,6/28/2022,APTV
2022Q2,6/28/2022,ARE
2022Q2,6/28/2022,ATO
2022Q2,6/28/2022,ATVI
2022Q2,6/28/2022,AVB
2022Q2,6/28/2022,AVGO
2022Q2,6/28/2022,AVY
2022Q2,6/28/2022,AWK
2022Q2,6/28/2022,AXP
2022Q2,6/28/2022,AZO
2022Q2,6/28/2022,BA
2022Q2,6/28/2022,BAC
2022Q2,6/28/2022,BALL
2022Q2,6/28/2022,BAX
2022Q2,6/28/2022,BBWI
2022Q2,6/28/2022,BBY
2022Q2,6/28/2022,BDX
2022Q2,6/28/2022,BEN
2022Q2,6/28/2022,BF.B
2022Q2,6/28/2022,BIIB
2022Q2,6/28/2022,BIO
2022Q2,6/28/2022,BK
2022Q2,6/28/2022,BKNG
2022Q2,6/28/2022,BKR
2022Q2,6/28/2022,BLK
2022Q2,6/28/2022,BMY
2022Q2,6/28/2022,BR
2022Q2,6/28/2022,BRK.B
2022Q2,6/28/2022,BRO
2022Q2,6/28/2022,BSX
2022Q2,6/28/2022,BWA
2022Q2,6/28/2022,BXP
2022Q2,6/28/2022,C
2022Q2,6/28/2022,CAG
2022Q2,6/28/2022,CAH
2022Q2,6/28/2022,CARR
2022Q2,6/28/2022,CAT
2022Q2,6/28/2022,CB
2022Q2,6/28/2022,CBOE
2022Q2,6/28/2022,CBRE
2022Q2,6/28/2022,CCI
2022Q2,6/28/2022,CCL
2022Q2,6/28/2022,CDAY
2022Q2,6/28/2022,CDNS
2022Q2,6/28/2022,CDW
2022Q2,6/28/2022,CE
2022Q2,6/28/2022,CEG
2022Q2,6/28/2022,CF
2022Q2,6/28/2022,CFG
2022Q2,6/28/2022,CHD
2022Q2,6/28/2022,CHRW
2022Q2,6/28/2022,CHTR
2022Q2,6/28/2022,CI
2022Q2,6/28/2022,CINF
2022Q2,6/28/2022,CL
2022Q2,6/28/2022,CLX
2022Q2,6/28/2022,CMA
2022Q2,6/28/2022,CMCSA
2022Q2,6/28/2022,CME
2022Q2,6/28/2022,CMG
2022Q2,6/28/2022,CMI
2022Q2,6/28/2022,CMS
2022Q2,6/28/2022,CNC
2022Q2,6/28/2022,CNP
2022Q2,6/28/2022,COF
2022Q2,6/28/2022,COO
2022Q2,6/28/2022,COP
2022Q2,6/28/2022,COST
2022Q2,6/28/2022,CPB
2022Q2,6/28/2022,CPRT
2022Q2,6/28/2022,CPT
2022Q2,6/28/2022,CRL
2022Q2,6/28/2022,CRM
2022Q2,6/28/2022,CSCO
2022Q2,6/28/2022,CSX
2022Q2,6/28/2022,CTAS
2022Q2,6/28/2022,CTLT
2022Q2,6/28/2022,CTRA
2022Q2,6/28/2022,CTSH
2022Q2,6/28/2022,CTVA
2022Q2,6/28/2022,CTXS
2022Q2,6/28/2022,CVS
2022Q2,6/28/2022,CVX
2022Q2,6/28/2022,CZR
2022Q2,6/28/2022,D
2022Q2,6/28/2022,DAL
2022Q2,6/28/2022,DD
2022Q2,6/28/2022,DE
2022Q2,6/28/2022,DFS
2022Q2,6/28/2022,DG
2022Q2,6/28/2022,DGX
2022Q2,6/28/2022,DHI
2022Q2,6/28/2022,DHR
2022Q2,6/28/2022,DIS
2022Q2,6/28/2022,DISH
2022Q2,6/28/2022,DLR
2022Q2,6/28/2022,DLTR
2022Q2,6/28/2022,DOV
2022Q2,6/28/2022,DOW
2022Q2,6/28/2022,DPZ
2022Q2,6/28/2022,DRE
2022Q2,6/28/2022,DRI
2022Q2,6/28/2022,DTE
2022Q2,6/28/2022,DUK
2022Q2,6/28/2022,DVA
2022Q2,6/28/2022,DVN
2022Q2,6/28/2022,DXC
2022Q2,6/28/2022,DXCM
2022Q2,6/28/2022,EA
2022Q2,6/28/2022,EBAY
2022Q2,6/28/2022,ECL
2022Q2,6/28/2022,ED
2022Q2,6/28/2022,EFX
2022Q2,6/28/2022,EIX
2022Q2,6/28/2022,EL
2022Q2,6/28/2022,ELV
2022Q2,6/28/2022,EMN
2022Q2,6/28/2022,EMR
2022Q2,6/28/2022,ENPH
2022Q2,6/28/2022,EOG
2022Q2,6/28/2022,EPAM
2022Q2,6/28/2022,EQIX
2022Q2,6/28/2022,EQR
2022Q2,6/28/2022,ES
2022Q2,6/28/2022,ESS
2022Q2,6/28/2022,ETN
2022Q2,6/28/2022,ETR
2022Q2,6/28/2022,ETSY
2022Q2,6/28/2022,EVRG
2022Q2,6/28/2022,EW
2022Q2,6/28/2022,EXC
2022Q2,6/28/2022,EXPD
2022Q2,6/28/2022,EXPE
2022Q2,6/28/2022,EXR
2022Q2,6/28/2022,F
2022Q2,6/28/2022,FANG
2022Q2,6/28/2022,FAST
2022Q2,6/28/2022,FBHS
2022Q2,6/28/2022,FCX
2022Q2,6/28/2022,FDS
2022Q2,6/28/2022,FDX
2022Q2,6/28/2022,FE
2022Q2,6/28/2022,FFIV
2022Q2,6/28/2022,FIS
2022Q2,6/28/2022,FISV
2022Q2,6/28/2022,FITB
2022Q2,6/28/2022,FLT
2022Q2,6/28/2022,FMC
2022Q2,6/28/2022,FOX
2022Q2,6/28/2022,FOXA
2022Q2,6/28/2022,FRC
2022Q2,6/28/2022,FRT
2022Q2,6/28/2022,FTNT
2022Q2,6/28/2022,FTV
2022Q2,6/28/2022,GD
2022Q2,6/28/2022,GE
2022Q2,6/28/2022,GILD
2022Q2,6/28/2022,GIS
2022Q2,6/28/2022,GL
2022Q2,6/28/2022,GLW
2022Q2,6/28/2022,GM
2022Q2,6/28/2022,GNRC
2022Q2,6/28/2022,GOOG
2022Q2,6/28/2022,GOOGL
2022Q2,6/28/2022,GPC
2022Q2,6/28/2022,GPN
2022Q2,6/28/2022,GRMN
2022Q2,6/28/2022,GS
2022Q2,6/28/2022,GWW
2022Q2,6/28/2022,HAL
2022Q2,6/28/2022,HAS
2022Q2,6/28/2022,HBAN
2022Q2,6/28/2022,HCA
2022Q2,6/28/2022,HD
2022Q2,6/28/2022,HES
2022Q2,6/28/2022,HIG
2022Q2,6/28/2022,HII
2022Q2,6/28/2022,HLT
2022Q2,6/28/2022,HOLX
2022Q2,6/28/2022,HON
2022Q2,6/28/2022,HPE
2022Q2,6/28/2022,HPQ
2022Q2,6/28/2022,HRL
2022Q2,6/28/2022,HSIC
2022Q2,6/28/2022,HST
2022Q2,6/28/2022,HSY
2022Q2,6/28/2022,HUM
2022Q2,6/28/2022,HWM
2022Q2,6/28/2022,IBM
2022Q2,6/28/2022,ICE
2022Q2,6/28/2022,IDXX
2022Q2,6/28/2022,IEX
2022Q2,6/28/2022,IFF
2022Q2,6/28/2022,ILMN
2022Q2,6/28/2022,INCY
2022Q2,6/28/2022,INTC
2022Q2,6/28/2022,INTU
2022Q2,6/28/2022,IP
2022Q2,6/28/2022,IPG
2022Q2,6/28/2022,IQV
2022Q2,6/28/2022,IR
2022Q2,6/28/2022,IRM
2022Q2,6/28/2022,ISRG
2022Q2,6/28/2022,IT
2022Q2,6/28/2022,ITW
2022Q2,6/28/2022,IVZ
2022Q2,6/28/2022,J
2022Q2,6/28/2022,JBHT
2022Q2,6/28/2022,JCI
2022Q2,6/28/2022,JKHY
2022Q2,6/28/2022,JNJ
2022Q2,6/28/2022,JNPR
2022Q2,6/28/2022,JPM
2022Q2,6/28/2022,K
2022Q2,6/28/2022,KDP
2022Q2,6/28/2022,KEY
2022Q2,6/28/2022,KEYS
2022Q2,6/28/2022,KHC
2022Q2,6/28/2022,KIM
2022Q2,6/28/2022,KLAC
2022Q2,6/28/2022,KMB
2022Q2,6/28/2022,KMI
2022Q2,6/28/2022,KMX
2022Q2,6/28/2022,KO
2022Q2,6/28/2022,KR
2022Q2,6/28/2022,L
2022Q2,6/28/2022,LDOS
2022Q2,6/28/2022,LEN
2022Q2,6/28/2022,LH
2022Q2,6/28/2022,LHX
2022Q2,6/28/2022,LIN
2022Q2,6/28/2022,LKQ
2022Q2,6/28/2022,LLY
2022Q2,6/28/2022,LMT
2022Q2,6/28/2022,LNC
2022Q2,6/28/2022,LNT
2022Q2,6/28/2022,LOW
2022Q2,6/28/2022,LRCX
2022Q2,6/28/2022,LUMN
2022Q2,6/28/2022,LUV
2022Q2,6/28/2022,LVS
2022Q2,6/28/2022,LW
2022Q2,6/28/2022,LYB
2022Q2,6/28/2022,LYV
2022Q2,6/28/2022,MA
2022Q2,6/28/2022,MAA
2022Q2,6/28/2022,MAR
2022Q2,6/28/2022,MAS
2022Q2,6/28/2022,MCD
2022Q2,6/28/2022,MCHP
2022Q2,6/28/2022,MCK
2022Q2,6/28/2022,MCO
2022Q2,6/28/2022,MDLZ
2022Q2,6/28/2022,MDT
2022Q2,6/28/2022,MET
2022Q2,6/28/2022,META
2022Q2,6/28/2022,MGM
2022Q2,6/28/2022,MHK
2022Q2,6/28/2022,MKC
2022Q2,6/28/2022,MKTX
2022Q2,6/28/2022,MLM
2022Q2,6/28/2022,MMC
2022Q2,6/28/2022,MMM
2022Q2,6/28/2022,MNST
2022Q2,6/28/2022,MO
2022Q2,6/28/2022,MOH
2022Q2,6/28/2022,MOS
2022Q2,6/28/2022,MPC
2022Q2,6/28/2022,MPWR
2022Q2,6/28/2022,MRK
2022Q2,6/28/2022,MRNA
2022Q2,6/28/2022,MRO
2022Q2,6/28/2022,MS
2022Q2,6/28/2022,MSCI
2022Q2,6/28/2022,MSFT
2022Q2,6/28/2022,MSI
2022Q2,6/28/2022,MTB
2022Q2,6/28/2022,MTCH
2022Q2,6/28/2022,MTD
2022Q2,6/28/2022,MU
2022Q2,6/28/2022,NCLH
2022Q2,6/28/2022,NDAQ
2022Q2,6/28/2022,NDSN
2022Q2,6/28/2022,NEE
2022Q2,6/28/2022,NEM
2022Q2,6/28/2022,NFLX
2022Q2,6/28/2022,NI
2022Q2,6/28/2022,NKE
2022Q2,6/28/2022,NLOK
2022Q2,6/28/2022,NLSN
2022Q2,6/28/2022,NOC
2022Q2,6/28/2022,NOW
2022Q2,6/28/2022,NRG
2022Q2,6/28/2022,NSC
2022Q2,6/28/2022,NTAP
2022Q2,6/28/2022,NTRS
2022Q2,6/28/2022,NUE
2022Q2,6/28/2022,NVDA
2022Q2,6/28/2022,NVR
2022Q2,6/28/2022,NWL
2022Q2,6/28/2022,NWS
2022Q2,6/28/2022,NWSA
2022Q2,6/28/2022,NXPI
2022Q2,6/28/2022,O
2022Q2,6/28/2022,ODFL
2022Q2,6/28/2022,OGN
2022Q2,6/28/2022,OKE
2022Q2,6/28/2022,OMC
2022Q2,6/28/2022,ON
2022Q2,6/28/2022,ORCL
2022Q2,6/28/2022,ORLY
2022Q2,6/28/2022,OTIS
2022Q2,6/28/2022,OXY
2022Q2,6/28/2022,PARA
2022Q2,6/28/2022,PAYC
2022Q2,6/28/2022,PAYX
2022Q2,6/28/2022,PCAR
2022Q2,6/28/2022,PEAK
2022Q2,6/28/2022,PEG
2022Q2,6/28/2022,PENN
2022Q2,6/28/2022,PEP
2022Q2,6/28/2022,PFE
2022Q2,6/28/2022,PFG
2022Q2,6/28/2022,PG
2022Q2,6/28/2022,PGR
2022Q2,6/28/2022,PH
2022Q2,6/28/2022,PHM
2022Q2,6/28/2022,PKG
2022Q2,6/28/2022,PKI
2022Q2,6/28/2022,PLD
2022Q2,6/28/2022,PM
2022Q2,6/28/2022,PNC
2022Q2,6/28/2022,PNR
2022Q2,6/28/2022,PNW
2022Q2,6/28/2022,POOL
2022Q2,6/28/2022,PPG
2022Q2,6/28/2022,PPL
2022Q2,6/28/2022,PRU
2022Q2,6/28/2022,PSA
2022Q2,6/28/2022,PSX
2022Q2,6/28/2022,PTC
2022Q2,6/28/2022,PVH
2022Q2,6/28/2022,PWR
2022Q2,6/28/2022,PXD
2022Q2,6/28/2022,PYPL
2022Q2,6/28/2022,QCOM
2022Q2,6/28/2022,QRVO
2022Q2,6/28/2022,RCL
2022Q2,6/28/2022,RE
2022Q2,6/28/2022,REG
2022Q2,6/28/2022,REGN
2022Q2,6/28/2022,RF
2022Q2,6/28/2022,RHI
2022Q2,6/28/2022,RJF
2022Q2,6/28/2022,RL
2022Q2,6/28/2022,RMD
2022Q2,6/28/2022,ROK
2022Q2,6/28/2022,ROL
2022Q2,6/28/2022,ROP
2022Q2,6/28/2022,ROST
2022Q2,6/28/2022,RSG
2022Q2,6/28/2022,RTX
2022Q2,6/28/2022,SBAC
2022Q2,6/28/2022,SBNY
2022Q2,6/28/2022,SBUX
2022Q2,6/28/2022,SCHW
2022Q2,6/28/2022,SEDG
2022Q2,6/28/2022,SEE
2022Q2,6/28/2022,SHW
2022Q2,6/28/2022,SIVB
2022Q2,6/28/2022,SJM
2022Q2,6/28/2022,SLB
2022Q2,6/28/2022,SNA
2022Q2,6/28/2022,SNPS
2022Q2,6/28/2022,SO
2022Q2,6/28/2022,SPG
2022Q2,6/28/2022,SPGI
2022Q2,6/28/2022,SRE
2022Q2,6/28/2022,STE
2022Q2,6/28/2022,STT
2022Q2,6/28/2022,STX
2022Q2,6/28/2022,STZ
2022Q2,6/28/2022,SWK
2022Q2,6/28/2022,SWKS
2022Q2,6/28/2022,SYF
2022Q2,6/28/2022,SYK
2022Q2,6/28/2022,SYY
2022Q2,6/28/2022,T
2022Q2,6/28/2022,TAP
2022Q2,6/28/2022,TDG
2022Q2,6/28/2022,TDY
2022Q2,6/28/2022,TECH
2022Q2,6/28/2022,TEL
2022Q2,6/28/2022,TER
2022Q2,6/28/2022,TFC
2022Q2,6/28/2022,TFX
2022Q2,6/28/2022,TGT
2022Q2,6/28/2022,TJX
2022Q2,6/28/2022,TMO
2022Q2,6/28/2022,TMUS
2022Q2,6/28/2022,TPR
2022Q2,6/28/2022,TRMB
2022Q2,6/28/2022,TROW
2022Q2,6/28/2022,TRV
2022Q2,6/28/2022,TSCO
2022Q2,6/28/2022,TSLA
2022Q2,6/28/2022,TSN
2022Q2,6/28/2022,TT
2022Q2,6/28/2022,TTWO
2022Q2,6/28/2022,TWTR
2022Q2,6/28/2022,TXN
2022Q2,6/28/2022,TXT
2022Q2,6/28/2022,TYL
2022Q2,6/28/2022,UAL
2022Q2,6/28/2022,UDR
2022Q2,6/28/2022,UHS
2022Q2,6/28/2022,ULTA
2022Q2,6/28/2022,UNH
2022Q2,6/28/2022,UNP
2022Q2,6/28/2022,UPS
2022Q2,6/28/2022,URI
2022Q2,6/28/2022,USB
2022Q2,6/28/2022,V
2022Q2,6/28/2022,VFC
2022Q2,6/28/2022,VICI
2022Q2,6/28/2022,VLO
2022Q2,6/28/2022,VMC
2022Q2,6/28/2022,VNO
2022Q2,6/28/2022,VRSK
2022Q2,6/28/2022,VRSN
2022Q2,6/28/2022,VRTX
2022Q2,6/28/2022,VTR
2022Q2,6/28/2022,VTRS
2022Q2,6/28/2022,VZ
2022Q2,6/28/2022,WAB
2022Q2,6/28/2022,WAT
2022Q2,6/28/2022,WBA
2022Q2,6/28/2022,WBD
2022Q2,6/28/2022,WDC
2022Q2,6/28/2022,WEC
2022Q2,6/28/2022,WELL
2022Q2,6/28/2022,WFC
2022Q2,6/28/2022,WHR
2022Q2,6/28/2022,WM
2022Q2,6/28/2022,WMB
2022Q2,6/28/2022,WMT
2022Q2,6/28/2022,WRB
2022Q2,6/28/2022,WRK
2022Q2,6/28/2022,WST
2022Q2,6/28/2022,WTW
2022Q2,6/28/2022,WY
2022Q2,6/28/2022,WYNN
2022Q2,6/28/2022,XEL
2022Q2,6/28/2022,XOM
2022Q2,6/28/2022,XRAY
2022Q2,6/28/2022,XYL
2022Q2,6/28/2022,YUM
2022Q2,6/28/2022,ZBH
2022Q2,6/28/2022,ZBRA
2022Q2,6/28/2022,ZION
2022Q2,6/28/2022,ZTS
2022Q4,10/3/2022,A
2022Q4,10/3/2022,AAL
2022Q4,10/3/2022,AAP
2022Q4,10/3/2022,AAPL
2022Q4,10/3/2022,ABBV
2022Q4,10/3/2022,ABC
2022Q4,10/3/2022,ABMD
2022Q4,10/3/2022,ABT
2022Q4,10/3/2022,ACN
2022Q4,10/3/2022,ADBE
2022Q4,10/3/2022,ADI
2022Q4,10/3/2022,ADM
2022Q4,10/3/2022,ADP
2022Q4,10/3/2022,ADSK
2022Q4,10/3/2022,AEE
2022Q4,10/3/2022,AEP
2022Q4,10/3/2022,AES
2022Q4,10/3/2022,AFL
2022Q4,10/3/2022,AIG
2022Q4,10/3/2022,AIZ
2022Q4,10/3/2022,AJG
2022Q4,10/3/2022,AKAM
2022Q4,10/3/2022,ALB
2022Q4,10/3/2022,ALGN
2022Q4,10/3/2022,ALK
2022Q4,10/3/2022,ALL
2022Q4,10/3/2022,ALLE
2022Q4,10/3/2022,AMAT
2022Q4,10/3/2022,AMCR
2022Q4,10/3/2022,AMD
2022Q4,10/3/2022,AME
2022Q4,10/3/2022,AMGN
2022Q4,10/3/2022,AMP
2022Q4,10/3/2022,AMT
2022Q4,10/3/2022,AMZN
2022Q4,10/3/2022,ANET
2022Q4,10/3/2022,ANSS
2022Q4,10/3/2022,AON
2022Q4,10/3/2022,AOS
2022Q4,10/3/2022,APA
2022Q4,10/3/2022,APD
2022Q4,10/3/2022,APH
2022Q4,10/3/2022,APTV
2022Q4,10/3/2022,ARE
2022Q4,10/3/2022,ATO
2022Q4,10/3/2022,ATVI
2022Q4,10/3/2022,AVB
2022Q4,10/3/2022,AVGO
2022Q4,10/3/2022,AVY
2022Q4,10/3/2022,AWK
2022Q4,10/3/2022,AXP
2022Q4,10/3/2022,AZO
2022Q4,10/3/2022,BA
2022Q4,10/3/2022,BAC
2022Q4,10/3/2022,BALL
2022Q4,10/3/2022,BAX
2022Q4,10/3/2022,BBWI
2022Q4,10/3/2022,BBY
2022Q4,10/3/2022,BDX
2022Q4,10/3/2022,BEN
2022Q4,10/3/2022,BF.B
2022Q4,10/3/2022,BIIB
2022Q4,10/3/2022,BIO
2022Q4,10/3/2022,BK
2022Q4,10/3/2022,BKNG
2022Q4,10/3/2022,BKR
2022Q4,10/3/2022,BLK
2022Q4,10/3/2022,BMY
2022Q4,10/3/2022,BR
2022Q4,10/3/2022,BRK.B
2022Q4,10/3/2022,BRO
2022Q4,10/3/2022,BSX
2022Q4,10/3/2022,BWA
2022Q4,10/3/2022,BXP
2022Q4,10/3/2022,C
2022Q4,10/3/2022,CAG
2022Q4,10/3/2022,CAH
2022Q4,10/3/2022,CARR
2022Q4,10/3/2022,CAT
2022Q4,10/3/2022,CB
2022Q4,10/3/2022,CBOE
2022Q4,10/3/2022,CBRE
2022Q4,10/3/2022,CCI
2022Q4,10/3/2022,CCL
2022Q4,10/3/2022,CDAY
2022Q4,10/3/2022,CDNS
2022Q4,10/3/2022,CDW
2022Q4,10/3/2022,CE
2022Q4,10/3/2022,CEG
2022Q4,10/3/2022,CF
2022Q4,10/3/2022,CFG
2022Q4,10/3/2022,CHD
2022Q4,10/3/2022,CHRW
2022Q4,10/3/2022,CHTR
2022Q4,10/3/2022,CI
2022Q4,10/3/2022,CINF
2022Q4,10/3/2022,CL
2022Q4,10/3/2022,CLX
2022Q4,10/3/2022,CMA
2022Q4,10/3/2022,CMCSA
2022Q4,10/3/2022,CME
2022Q4,10/3/2022,CMG
2022Q4,10/3/2022,CMI
2022Q4,10/3/2022,CMS
2022Q4,10/3/2022,CNC
2022Q4,10/3/2022,CNP
2022Q4,10/3/2022,COF
2022Q4,10/3/2022,COO
2022Q4,10/3/2022,COP
2022Q4,10/3/2022,COST
2022Q4,10/3/2022,CPB
2022Q4,10/3/2022,CPRT
2022Q4,10/3/2022,CPT
2022Q4,10/3/2022,CRL
2022Q4,10/3/2022,CRM
2022Q4,10/3/2022,CSCO
2022Q4,10/3/2022,CSGP
2022Q4,10/3/2022,CSX
2022Q4,10/3/2022,CTAS
2022Q4,10/3/2022,CTLT
2022Q4,10/3/2022,CTRA
2022Q4,10/3/2022,CTSH
2022Q4,10/3/2022,CTVA
2022Q4,10/3/2022,CVS
2022Q4,10/3/2022,CVX
2022Q4,10/3/2022,CZR
2022Q4,10/3/2022,D
2022Q4,10/3/2022,DAL
2022Q4,10/3/2022,DD
2022Q4,10/3/2022,DE
2022Q4,10/3/2022,DFS
2022Q4,10/3/2022,DG
2022Q4,10/3/2022,DGX
2022Q4,10/3/2022,DHI
2022Q4,10/3/2022,DHR
2022Q4,10/3/2022,DIS
2022Q4,10/3/2022,DISH
2022Q4,10/3/2022,DLR
2022Q4,10/3/2022,DLTR
2022Q4,10/3/2022,DOV
2022Q4,10/3/2022,DOW
2022Q4,10/3/2022,DPZ
2022Q4,10/3/2022,DRI
2022Q4,10/3/2022,DTE
2022Q4,10/3/2022,DUK
2022Q4,10/3/2022,DVA
2022Q4,10/3/2022,DVN
2022Q4,10/3/2022,DXC
2022Q4,10/3/2022,DXCM
2022Q4,10/3/2022,EA
2022Q4,10/3/2022,EBAY
2022Q4,10/3/2022,ECL
2022Q4,10/3/2022,ED
2022Q4,10/3/2022,EFX
2022Q4,10/3/2022,EIX
2022Q4,10/3/2022,EL
2022Q4,10/3/2022,ELV
2022Q4,10/3/2022,EMN
2022Q4,10/3/2022,EMR
2022Q4,10/3/2022,ENPH
2022Q4,10/3/2022,EOG
2022Q4,10/3/2022,EPAM
2022Q4,10/3/2022,EQIX
2022Q4,10/3/2022,EQR
2022Q4,10/3/2022,EQT
2022Q4,10/3/2022,ES
2022Q4,10/3/2022,ESS
2022Q4,10/3/2022,ETN
2022Q4,10/3/2022,ETR
2022Q4,10/3/2022,ETSY
2022Q4,10/3/2022,EVRG
2022Q4,10/3/2022,EW
2022Q4,10/3/2022,EXC
2022Q4,10/3/2022,EXPD
2022Q4,10/3/2022,EXPE
2022Q4,10/3/2022,EXR
2022Q4,10/3/2022,F
2022Q4,10/3/2022,FANG
2022Q4,10/3/2022,FAST
2022Q4,10/3/2022,FBHS
2022Q4,10/3/2022,FCX
2022Q4,10/3/2022,FDS
2022Q4,10/3/2022,FDX
2022Q4,10/3/2022,FE
2022Q4,10/3/2022,FFIV
2022Q4,10/3/2022,FIS
2022Q4,10/3/2022,FISV
2022Q4,10/3/2022,FITB
2022Q4,10/3/2022,FLT
2022Q4,10/3/2022,FMC
2022Q4,10/3/2022,FOX
2022Q4,10/3/2022,FOXA
2022Q4,10/3/2022,FRC
2022Q4,10/3/2022,FRT
2022Q4,10/3/2022,FTNT
2022Q4,10/3/2022,FTV
2022Q4,10/3/2022,GD
2022Q4,10/3/2022,GE
2022Q4,10/3/2022,GILD
2022Q4,10/3/2022,GIS
2022Q4,10/3/2022,GL
2022Q4,10/3/2022,GLW
2022Q4,10/3/2022,GM
2022Q4,10/3/2022,GNRC
2022Q4,10/3/2022,GOOG
2022Q4,10/3/2022,GOOGL
2022Q4,10/3/2022,GPC
2022Q4,10/3/2022,GPN
2022Q4,10/3/2022,GRMN
2022Q4,10/3/2022,GS
2022Q4,10/3/2022,GWW
2022Q4,10/3/2022,HAL
2022Q4,10/3/2022,HAS
2022Q4,10/3/2022,HBAN
2022Q4,10/3/2022,HCA
2022Q4,10/3/2022,HD
2022Q4,10/3/2022,HES
2022Q4,10/3/2022,HIG
2022Q4,10/3/2022,HII
2022Q4,10/3/2022,HLT
2022Q4,10/3/2022,HOLX
2022Q4,10/3/2022,HON
2022Q4,10/3/2022,HPE
2022Q4,10/3/2022,HPQ
2022Q4,10/3/2022,HRL
2022Q4,10/3/2022,HSIC
2022Q4,10/3/2022,HST
2022Q4,10/3/2022,HSY
2022Q4,10/3/2022,HUM
2022Q4,10/3/2022,HWM
2022Q4,10/3/2022,IBM
2022Q4,10/3/2022,ICE
2022Q4,10/3/2022,IDXX
2022Q4,10/3/2022,IEX
2022Q4,10/3/2022,IFF
2022Q4,10/3/2022,ILMN
2022Q4,10/3/2022,INCY
2022Q4,10/3/2022,INTC
2022Q4,10/3/2022,INTU
2022Q4,10/3/2022,INVH
2022Q4,10/3/2022,IP
2022Q4,10/3/2022,IPG
2022Q4,10/3/2022,IQV
2022Q4,10/3/2022,IR
2022Q4,10/3/2022,IRM
2022Q4,10/3/2022,ISRG
2022Q4,10/3/2022,IT
2022Q4,10/3/2022,ITW
2022Q4,10/3/2022,IVZ
2022Q4,10/3/2022,J
2022Q4,10/3/2022,JBHT
2022Q4,10/3/2022,JCI
2022Q4,10/3/2022,JKHY
2022Q4,10/3/2022,JNJ
2022Q4,10/3/2022,JNPR
2022Q4,10/3/2022,JPM
2022Q4,10/3/2022,K
2022Q4,10/3/2022,KDP
2022Q4,10/3/2022,KEY
2022Q4,10/3/2022,KEYS
2022Q4,10/3/2022,KHC
2022Q4,10/3/2022,KIM
2022Q4,10/3/2022,KLAC
2022Q4,10/3/2022,KMB
2022Q4,10/3/2022,KMI
2022Q4,10/3/2022,KMX
2022Q4,10/3/2022,KO
2022Q4,10/3/2022,KR
2022Q4,10/3/2022,L
2022Q4,10/3/2022,LDOS
2022Q4,10/3/2022,LEN
2022Q4,10/3/2022,LH
2022Q4,10/3/2022,LHX
2022Q4,10/3/2022,LIN
2022Q4,10/3/2022,LKQ
2022Q4,10/3/2022,LLY
2022Q4,10/3/2022,LMT
2022Q4,10/3/2022,LNC
2022Q4,10/3/2022,LNT
2022Q4,10/3/2022,LOW
2022Q4,10/3/2022,LRCX
2022Q4,10/3/2022,LUMN
2022Q4,10/3/2022,LUV
2022Q4,10/3/2022,LVS
2022Q4,10/3/2022,LW
2022Q4,10/3/2022,LYB
2022Q4,10/3/2022,LYV
2022Q4,10/3/2022,MA
2022Q4,10/3/2022,MAA
2022Q4,10/3/2022,MAR
2022Q4,10/3/2022,MAS
2022Q4,10/3/2022,MCD
2022Q4,10/3/2022,MCHP
2022Q4,10/3/2022,MCK
2022Q4,10/3/2022,MCO
2022Q4,10/3/2022,MDLZ
2022Q4,10/3/2022,MDT
2022Q4,10/3/2022,MET
2022Q4,10/3/2022,META
2022Q4,10/3/2022,MGM
2022Q4,10/3/2022,MHK
2022Q4,10/3/2022,MKC
2022Q4,10/3/2022,MKTX
2022Q4,10/3/2022,MLM
2022Q4,10/3/2022,MMC
2022Q4,10/3/2022,MMM
2022Q4,10/3/2022,MNST
2022Q4,10/3/2022,MO
2022Q4,10/3/2022,MOH
2022Q4,10/3/2022,MOS
2022Q4,10/3/2022,MPC
2022Q4,10/3/2022,MPWR
2022Q4,10/3/2022,MRK
2022Q4,10/3/2022,MRNA
2022Q4,10/3/2022,MRO
2022Q4,10/3/2022,MS
2022Q4,10/3/2022,MSCI
2022Q4,10/3/2022,MSFT
2022Q4,10/3/2022,MSI
2022Q4,10/3/2022,MTB
2022Q4,10/3/2022,MTCH
2022Q4,10/3/2022,MTD
2022Q4,10/3/2022,MU
2022Q4,10/3/2022,NCLH
2022Q4,10/3/2022,NDAQ
2022Q4,10/3/2022,NDSN
2022Q4,10/3/2022,NEE
2022Q4,10/3/2022,NEM
2022Q4,10/3/2022,NFLX
2022Q4,10/3/2022,NI
2022Q4,10/3/2022,NKE
2022Q4,10/3/2022,NLOK
2022Q4,10/3/2022,NLSN
2022Q4,10/3/2022,NOC
2022Q4,10/3/2022,NOW
2022Q4,10/3/2022,NRG
2022Q4,10/3/2022,NSC
2022Q4,10/3/2022,NTAP
2022Q4,10/3/2022,NTRS
2022Q4,10/3/2022,NUE
2022Q4,10/3/2022,NVDA
2022Q4,10/3/2022,NVR
2022Q4,10/3/2022,NWL
2022Q4,10/3/2022,NWS
2022Q4,10/3/2022,NWSA
2022Q4,10/3/2022,NXPI
2022Q4,10/3/2022,O
2022Q4,10/3/2022,ODFL
2022Q4,10/3/2022,OGN
2022Q4,10/3/2022,OKE
2022Q4,10/3/2022,OMC
2022Q4,10/3/2022,ON
2022Q4,10/3/2022,ORCL
2022Q4,10/3/2022,ORLY
2022Q4,10/3/2022,OTIS
2022Q4,10/3/2022,OXY
2022Q4,10/3/2022,PARA
2022Q4,10/3/2022,PAYC
2022Q4,10/3/2022,PAYX
2022Q4,10/3/2022,PCAR
2022Q4,10/3/2022,PCG
2022Q4,10/3/2022,PEAK
2022Q4,10/3/2022,PEG
2022Q4,10/3/2022,PEP
2022Q4,10/3/2022,PFE
2022Q4,10/3/2022,PFG
2022Q4,10/3/2022,PG
2022Q4,10/3/2022,PGR
2022Q4,10/3/2022,PH
2022Q4,10/3/2022,PHM
2022Q4,10/3/2022,PKG
2022Q4,10/3/2022,PKI
2022Q4,10/3/2022,PLD
2022Q4,10/3/2022,PM
2022Q4,10/3/2022,PNC
2022Q4,10/3/2022,PNR
2022Q4,10/3/2022,PNW
2022Q4,10/3/2022,POOL
2022Q4,10/3/2022,PPG
2022Q4,10/3/2022,PPL
2022Q4,10/3/2022,PRU
2022Q4,10/3/2022,PSA
2022Q4,10/3/2022,PSX
2022Q4,10/3/2022,PTC
2022Q4,10/3/2022,PWR
2022Q4,10/3/2022,PXD
2022Q4,10/3/2022,PYPL
2022Q4,10/3/2022,QCOM
2022Q4,10/3/2022,QRVO
2022Q4,10/3/2022,RCL
2022Q4,10/3/2022,RE
2022Q4,10/3/2022,REG
2022Q4,10/3/2022,REGN
2022Q4,10/3/2022,RF
2022Q4,10/3/2022,RHI
2022Q4,10/3/2022,RJF
2022Q4,10/3/2022,RL
2022Q4,10/3/2022,RMD
2022Q4,10/3/2022,ROK
2022Q4,10/3/2022,ROL
2022Q4,10/3/2022,ROP
2022Q4,10/3/2022,ROST
2022Q4,10/3/2022,RSG
2022Q4,10/3/2022,RTX
2022Q4,10/3/2022,SBAC
2022Q4,10/3/2022,SBNY
2022Q4,10/3/2022,SBUX
2022Q4,10/3/2022,SCHW
2022Q4,10/3/2022,SEDG
2022Q4,10/3/2022,SEE
2022Q4,10/3/2022,SHW
2022Q4,10/3/2022,SIVB
2022Q4,10/3/2022,SJM
2022Q4,10/3/2022,SLB
2022Q4,10/3/2022,SNA
2022Q4,10/3/2022,SNPS
2022Q4,10/3/2022,SO
2022Q4,10/3/2022,SPG
2022Q4,10/3/2022,SPGI
2022Q4,10/3/2022,SRE
2022Q4,10/3/2022,STE
2022Q4,10/3/2022,STT
2022Q4,10/3/2022,STX
2022Q4,10/3/2022,STZ
2022Q4,10/3/2022,SWK
2022Q4,10/3/2022,SWKS
2022Q4,10/3/2022,SYF
2022Q4,10/3/2022,SYK
2022Q4,10/3/2022,SYY
2022Q4,10/3/2022,T
2022Q4,10/3/2022,TAP
2022Q4,10/3/2022,TDG
2022Q4,10/3/2022,TDY
2022Q4,10/3/2022,TECH
2022Q4,10/3/2022,TEL
2022Q4,10/3/2022,TER
2022Q4,10/3/2022,TFC
2022Q4,10/3/2022,TFX
2022Q4,10/3/2022,TGT
2022Q4,10/3/2022,TJX
2022Q4,10/3/2022,TMO
2022Q4,10/3/2022,TMUS
2022Q4,10/3/2022,TPR
2022Q4,10/3/2022,TRMB
2022Q4,10/3/2022,TROW
2022Q4,10/3/2022,TRV
2022Q4,10/3/2022,TSCO
2022Q4,10/3/2022,TSLA
2022Q4,10/3/2022,TSN
2022Q4,10/3/2022,TT
2022Q4,10/3/2022,TTWO
2022Q4,10/3/2022,TWTR
2022Q4,10/3/2022,TXN
2022Q4,10/3/2022,TXT
2022Q4,10/3/2022,TYL
2022Q4,10/3/2022,UAL
2022Q4,10/3/2022,UDR
2022Q4,10/3/2022,UHS
2022Q4,10/3/2022,ULTA
2022Q4,10/3/2022,UNH
2022Q4,10/3/2022,UNP
2022Q4,10/3/2022,UPS
2022Q4,10/3/2022,URI
2022Q4,10/3/2022,USB
2022Q4,10/3/2022,V
2022Q4,10/3/2022,VFC
2022Q4,10/3/2022,VICI
2022Q4,10/3/2022,VLO
2022Q4,10/3/2022,VMC
2022Q4,10/3/2022,VNO
2022Q4,10/3/2022,VRSK
2022Q4,10/3/2022,VRSN
2022Q4,10/3/2022,VRTX
2022Q4,10/3/2022,VTR
2022Q4,10/3/2022,VTRS
2022Q4,10/3/2022,VZ
2022Q4,10/3/2022,WAB
2022Q4,10/3/2022,WAT
2022Q4,10/3/2022,WBA
2022Q4,10/3/2022,WBD
2022Q4,10/3/2022,WDC
2022Q4,10/3/2022,WEC
2022Q4,10/3/2022,WELL
2022Q4,10/3/2022,WFC
2022Q4,10/3/2022,WHR
2022Q4,10/3/2022,WM
2022Q4,10/3/2022,WMB
2022Q4,10/3/2022,WMT
2022Q4,10/3/2022,WRB
2022Q4,10/3/2022,WRK
2022Q4,10/3/2022,WST
2022Q4,10/3/2022,WTW
2022Q4,10/3/2022,WY
2022Q4,10/3/2022,WYNN
2022Q4,10/3/2022,XEL
2022Q4,10/3/2022,XOM
2022Q4,10/3/2022,XRAY
2022Q4,10/3/2022,XYL
2022Q4,10/3/2022,YUM
2022Q4,10/3/2022,ZBH
2022Q4,10/3/2022,ZBRA
2022Q4,10/3/2022,ZION
2022Q4,10/3/2022,ZTS
2023Q1,1/4/2023,A
2023Q1,1/4/2023,AAL
2023Q1,1/4/2023,AAP
2023Q1,1/4/2023,AAPL
2023Q1,1/4/2023,ABBV
2023Q1,1/4/2023,ABC
2023Q1,1/4/2023,ABT
2023Q1,1/4/2023,ACGL
2023Q1,1/4/2023,ACN
2023Q1,1/4/2023,ADBE
2023Q1,1/4/2023,ADI
2023Q1,1/4/2023,ADM
2023Q1,1/4/2023,ADP
2023Q1,1/4/2023,ADSK
2023Q1,1/4/2023,AEE
2023Q1,1/4/2023,AEP
2023Q1,1/4/2023,AES
2023Q1,1/4/2023,AFL
2023Q1,1/4/2023,AIG
2023Q1,1/4/2023,AIZ
2023Q1,1/4/2023,AJG
2023Q1,1/4/2023,AKAM
2023Q1,1/4/2023,ALB
2023Q1,1/4/2023,ALGN
2023Q1,1/4/2023,ALK
2023Q1,1/4/2023,ALL
2023Q1,1/4/2023,ALLE
2023Q1,1/4/2023,AMAT
2023Q1,1/4/2023,AMCR
2023Q1,1/4/2023,AMD
2023Q1,1/4/2023,AME
2023Q1,1/4/2023,AMGN
2023Q1,1/4/2023,AMP
2023Q1,1/4/2023,AMT
2023Q1,1/4/2023,AMZN
2023Q1,1/4/2023,ANET
2023Q1,1/4/2023,ANSS
2023Q1,1/4/2023,AON
2023Q1,1/4/2023,AOS
2023Q1,1/4/2023,APA
2023Q1,1/4/2023,APD
2023Q1,1/4/2023,APH
2023Q1,1/4/2023,APTV
2023Q1,1/4/2023,ARE
2023Q1,1/4/2023,ATO
2023Q1,1/4/2023,ATVI
2023Q1,1/4/2023,AVB
2023Q1,1/4/2023,AVGO
2023Q1,1/4/2023,AVY
2023Q1,1/4/2023,AWK
2023Q1,1/4/2023,AXP
2023Q1,1/4/2023,AZO
2023Q1,1/4/2023,BA
2023Q1,1/4/2023,BAC
2023Q1,1/4/2023,BALL
2023Q1,1/4/2023,BAX
2023Q1,1/4/2023,BBWI
2023Q1,1/4/2023,BBY
2023Q1,1/4/2023,BDX
2023Q1,1/4/2023,BEN
2023Q1,1/4/2023,BF.B
2023Q1,1/4/2023,BIIB
2023Q1,1/4/2023,BIO
2023Q1,1/4/2023,BK
2023Q1,1/4/2023,BKNG
2023Q1,1/4/2023,BKR
2023Q1,1/4/2023,BLK
2023Q1,1/4/2023,BMY
2023Q1,1/4/2023,BR
2023Q1,1/4/2023,BRK.B
2023Q1,1/4/2023,BRO
2023Q1,1/4/2023,BSX
2023Q1,1/4/2023,BWA
2023Q1,1/4/2023,BXP
2023Q1,1/4/2023,C
2023Q1,1/4/2023,CAG
2023Q1,1/4/2023,CAH
2023Q1,1/4/2023,CARR
2023Q1,1/4/2023,CAT
2023Q1,1/4/2023,CB
2023Q1,1/4/2023,CBOE
2023Q1,1/4/2023,CBRE
2023Q1,1/4/2023,CCI
2023Q1,1/4/2023,CCL
2023Q1,1/4/2023,CDAY
2023Q1,1/4/2023,CDNS
2023Q1,1/4/2023,CDW
2023Q1,1/4/2023,CE
2023Q1,1/4/2023,CEG
2023Q1,1/4/2023,CF
2023Q1,1/4/2023,CFG
2023Q1,1/4/2023,CHD
2023Q1,1/4/2023,CHRW
2023Q1,1/4/2023,CHTR
2023Q1,1/4/2023,CI
2023Q1,1/4/2023,CINF
2023Q1,1/4/2023,CL
2023Q1,1/4/2023,CLX
2023Q1,1/4/2023,CMA
2023Q1,1/4/2023,CMCSA
2023Q1,1/4/2023,CME
2023Q1,1/4/2023,CMG
2023Q1,1/4/2023,CMI
2023Q1,1/4/2023,CMS
2023Q1,1/4/2023,CNC
2023Q1,1/4/2023,CNP
2023Q1,1/4/2023,COF
2023Q1,1/4/2023,COO
2023Q1,1/4/2023,COP
2023Q1,1/4/2023,COST
2023Q1,1/4/2023,CPB
2023Q1,1/4/2023,CPRT
2023Q1,1/4/2023,CPT
2023Q1,1/4/2023,CRL
2023Q1,1/4/2023,CRM
2023Q1,1/4/2023,CSCO
2023Q1,1/4/2023,CSGP
2023Q1,1/4/2023,CSX
2023Q1,1/4/2023,CTAS
2023Q1,1/4/2023,CTLT
2023Q1,1/4/2023,CTRA
2023Q1,1/4/2023,CTSH
2023Q1,1/4/2023,CTVA
2023Q1,1/4/2023,CVS
2023Q1,1/4/2023,CVX
2023Q1,1/4/2023,CZR
2023Q1,1/4/2023,D
2023Q1,1/4/2023,DAL
2023Q1,1/4/2023,DD
2023Q1,1/4/2023,DE
2023Q1,1/4/2023,DFS
2023Q1,1/4/2023,DG
2023Q1,1/4/2023,DGX
2023Q1,1/4/2023,DHI
2023Q1,1/4/2023,DHR
2023Q1,1/4/2023,DIS
2023Q1,1/4/2023,DISH
2023Q1,1/4/2023,DLR
2023Q1,1/4/2023,DLTR
2023Q1,1/4/2023,DOV
2023Q1,1/4/2023,DOW
2023Q1,1/4/2023,DPZ
2023Q1,1/4/2023,DRI
2023Q1,1/4/2023,DTE
2023Q1,1/4/2023,DUK
2023Q1,1/4/2023,DVA
2023Q1,1/4/2023,DVN
2023Q1,1/4/2023,DXC
2023Q1,1/4/2023,DXCM
2023Q1,1/4/2023,EA
2023Q1,1/4/2023,EBAY
2023Q1,1/4/2023,ECL
2023Q1,1/4/2023,ED
2023Q1,1/4/2023,EFX
2023Q1,1/4/2023,EIX
2023Q1,1/4/2023,EL
2023Q1,1/4/2023,ELV
2023Q1,1/4/2023,EMN
2023Q1,1/4/2023,EMR
2023Q1,1/4/2023,ENPH
2023Q1,1/4/2023,EOG
2023Q1,1/4/2023,EPAM
2023Q1,1/4/2023,EQIX
2023Q1,1/4/2023,EQR
2023Q1,1/4/2023,EQT
2023Q1,1/4/2023,ES
2023Q1,1/4/2023,ESS
2023Q1,1/4/2023,ETN
2023Q1,1/4/2023,ETR
2023Q1,1/4/2023,ETSY
2023Q1,1/4/2023,EVRG
2023Q1,1/4/2023,EW
2023Q1,1/4/2023,EXC
2023Q1,1/4/2023,EXPD
2023Q1,1/4/2023,EXPE
2023Q1,1/4/2023,EXR
2023Q1,1/4/2023,F
2023Q1,1/4/2023,FANG
2023Q1,1/4/2023,FAST
2023Q1,1/4/2023,FCX
2023Q1,1/4/2023,FDS
2023Q1,1/4/2023,FDX
2023Q1,1/4/2023,FE
2023Q1,1/4/2023,FFIV
2023Q1,1/4/2023,FIS
2023Q1,1/4/2023,FISV
2023Q1,1/4/2023,FITB
2023Q1,1/4/2023,FLT
2023Q1,1/4/2023,FMC
2023Q1,1/4/2023,FOX
2023Q1,1/4/2023,FOXA
2023Q1,1/4/2023,FRC
2023Q1,1/4/2023,FRT
2023Q1,1/4/2023,FSLR
2023Q1,1/4/2023,FTNT
2023Q1,1/4/2023,FTV
2023Q1,1/4/2023,GD
2023Q1,1/4/2023,GE
2023Q1,1/4/2023,GEHC
2023Q1,1/4/2023,GEN
2023Q1,1/4/2023,GILD
2023Q1,1/4/2023,GIS
2023Q1,1/4/2023,GL
2023Q1,1/4/2023,GLW
2023Q1,1/4/2023,GM
2023Q1,1/4/2023,GNRC
2023Q1,1/4/2023,GOOG
2023Q1,1/4/2023,GOOGL
2023Q1,1/4/2023,GPC
2023Q1,1/4/2023,GPN
2023Q1,1/4/2023,GRMN
2023Q1,1/4/2023,GS
2023Q1,1/4/2023,GWW
2023Q1,1/4/2023,HAL
2023Q1,1/4/2023,HAS
2023Q1,1/4/2023,HBAN
2023Q1,1/4/2023,HCA
2023Q1,1/4/2023,HD
2023Q1,1/4/2023,HES
2023Q1,1/4/2023,HIG
2023Q1,1/4/2023,HII
2023Q1,1/4/2023,HLT
2023Q1,1/4/2023,HOLX
2023Q1,1/4/2023,HON
2023Q1,1/4/2023,HPE
2023Q1,1/4/2023,HPQ
2023Q1,1/4/2023,HRL
2023Q1,1/4/2023,HSIC
2023Q1,1/4/2023,HST
2023Q1,1/4/2023,HSY
2023Q1,1/4/2023,HUM
2023Q1,1/4/2023,HWM
2023Q1,1/4/2023,IBM
2023Q1,1/4/2023,ICE
2023Q1,1/4/2023,IDXX
2023Q1,1/4/2023,IEX
2023Q1,1/4/2023,IFF
2023Q1,1/4/2023,ILMN
2023Q1,1/4/2023,INCY
2023Q1,1/4/2023,INTC
2023Q1,1/4/2023,INTU
2023Q1,1/4/2023,INVH
2023Q1,1/4/2023,IP
2023Q1,1/4/2023,IPG
2023Q1,1/4/2023,IQV
2023Q1,1/4/2023,IR
2023Q1,1/4/2023,IRM
2023Q1,1/4/2023,ISRG
2023Q1,1/4/2023,IT
2023Q1,1/4/2023,ITW
2023Q1,1/4/2023,IVZ
2023Q1,1/4/2023,J
2023Q1,1/4/2023,JBHT
2023Q1,1/4/2023,JCI
2023Q1,1/4/2023,JKHY
2023Q1,1/4/2023,JNJ
2023Q1,1/4/2023,JNPR
2023Q1,1/4/2023,JPM
2023Q1,1/4/2023,K
2023Q1,1/4/2023,KDP
2023Q1,1/4/2023,KEY
2023Q1,1/4/2023,KEYS
2023Q1,1/4/2023,KHC
2023Q1,1/4/2023,KIM
2023Q1,1/4/2023,KLAC
2023Q1,1/4/2023,KMB
2023Q1,1/4/2023,KMI
2023Q1,1/4/2023,KMX
2023Q1,1/4/2023,KO
2023Q1,1/4/2023,KR
2023Q1,1/4/2023,L
2023Q1,1/4/2023,LDOS
2023Q1,1/4/2023,LEN
2023Q1,1/4/2023,LH
2023Q1,1/4/2023,LHX
2023Q1,1/4/2023,LIN
2023Q1,1/4/2023,LKQ
2023Q1,1/4/2023,LLY
2023Q1,1/4/2023,LMT
2023Q1,1/4/2023,LNC
2023Q1,1/4/2023,LNT
2023Q1,1/4/2023,LOW
2023Q1,1/4/2023,LRCX
2023Q1,1/4/2023,LUMN
2023Q1,1/4/2023,LUV
2023Q1,1/4/2023,LVS
2023Q1,1/4/2023,LW
2023Q1,1/4/2023,LYB
2023Q1,1/4/2023,LYV
2023Q1,1/4/2023,MA
2023Q1,1/4/2023,MAA
2023Q1,1/4/2023,MAR
2023Q1,1/4/2023,MAS
2023Q1,1/4/2023,MCD
2023Q1,1/4/2023,MCHP
2023Q1,1/4/2023,MCK
2023Q1,1/4/2023,MCO
2023Q1,1/4/2023,MDLZ
2023Q1,1/4/2023,MDT
2023Q1,1/4/2023,MET
2023Q1,1/4/2023,META
2023Q1,1/4/2023,MGM
2023Q1,1/4/2023,MHK
2023Q1,1/4/2023,MKC
2023Q1,1/4/2023,MKTX
2023Q1,1/4/2023,MLM
2023Q1,1/4/2023,MMC
2023Q1,1/4/2023,MMM
2023Q1,1/4/2023,MNST
2023Q1,1/4/2023,MO
2023Q1,1/4/2023,MOH
2023Q1,1/4/2023,MOS
2023Q1,1/4/2023,MPC
2023Q1,1/4/2023,MPWR
2023Q1,1/4/2023,MRK
2023Q1,1/4/2023,MRNA
2023Q1,1/4/2023,MRO
2023Q1,1/4/2023,MS
2023Q1,1/4/2023,MSCI
2023Q1,1/4/2023,MSFT
2023Q1,1/4/2023,MSI
2023Q1,1/4/2023,MTB
2023Q1,1/4/2023,MTCH
2023Q1,1/4/2023,MTD
2023Q1,1/4/2023,MU
2023Q1,1/4/2023,NCLH
2023Q1,1/4/2023,NDAQ
2023Q1,1/4/2023,NDSN
2023Q1,1/4/2023,NEE
2023Q1,1/4/2023,NEM
2023Q1,1/4/2023,NFLX
2023Q1,1/4/2023,NI
2023Q1,1/4/2023,NKE
2023Q1,1/4/2023,NOC
2023Q1,1/4/2023,NOW
2023Q1,1/4/2023,NRG
2023Q1,1/4/2023,NSC
2023Q1,1/4/2023,NTAP
2023Q1,1/4/2023,NTRS
2023Q1,1/4/2023,NUE
2023Q1,1/4/2023,NVDA
2023Q1,1/4/2023,NVR
2023Q1,1/4/2023,NWL
2023Q1,1/4/2023,NWS
2023Q1,1/4/2023,NWSA
2023Q1,1/4/2023,NXPI
2023Q1,1/4/2023,O
2023Q1,1/4/2023,ODFL
2023Q1,1/4/2023,OGN
2023Q1,1/4/2023,OKE
2023Q1,1/4/2023,OMC
2023Q1,1/4/2023,ON
2023Q1,1/4/2023,ORCL
2023Q1,1/4/2023,ORLY
2023Q1,1/4/2023,OTIS
2023Q1,1/4/2023,OXY
2023Q1,1/4/2023,PARA
2023Q1,1/4/2023,PAYC
2023Q1,1/4/2023,PAYX
2023Q1,1/4/2023,PCAR
2023Q1,1/4/2023,PCG
2023Q1,1/4/2023,PEAK
2023Q1,1/4/2023,PEG
2023Q1,1/4/2023,PEP
2023Q1,1/4/2023,PFE
2023Q1,1/4/2023,PFG
2023Q1,1/4/2023,PG
2023Q1,1/4/2023,PGR
2023Q1,1/4/2023,PH
2023Q1,1/4/2023,PHM
2023Q1,1/4/2023,PKG
2023Q1,1/4/2023,PKI
2023Q1,1/4/2023,PLD
2023Q1,1/4/2023,PM
2023Q1,1/4/2023,PNC
2023Q1,1/4/2023,PNR
2023Q1,1/4/2023,PNW
2023Q1,1/4/2023,POOL
2023Q1,1/4/2023,PPG
2023Q1,1/4/2023,PPL
2023Q1,1/4/2023,PRU
2023Q1,1/4/2023,PSA
2023Q1,1/4/2023,PSX
2023Q1,1/4/2023,PTC
2023Q1,1/4/2023,PWR
2023Q1,1/4/2023,PXD
2023Q1,1/4/2023,PYPL
2023Q1,1/4/2023,QCOM
2023Q1,1/4/2023,QRVO
2023Q1,1/4/2023,RCL
2023Q1,1/4/2023,RE
2023Q1,1/4/2023,REG
2023Q1,1/4/2023,REGN
2023Q1,1/4/2023,RF
2023Q1,1/4/2023,RHI
2023Q1,1/4/2023,RJF
2023Q1,1/4/2023,RL
2023Q1,1/4/2023,RMD
2023Q1,1/4/2023,ROK
2023Q1,1/4/2023,ROL
2023Q1,1/4/2023,ROP
2023Q1,1/4/2023,ROST
2023Q1,1/4/2023,RSG
2023Q1,1/4/2023,RTX
2023Q1,1/4/2023,SBAC
2023Q1,1/4/2023,SBNY
2023Q1,1/4/2023,SBUX
2023Q1,1/4/2023,SCHW
2023Q1,1/4/2023,SEDG
2023Q1,1/4/2023,SEE
2023Q1,1/4/2023,SHW
2023Q1,1/4/2023,SIVB
2023Q1,1/4/2023,SJM
2023Q1,1/4/2023,SLB
2023Q1,1/4/2023,SNA
2023Q1,1/4/2023,SNPS
2023Q1,1/4/2023,SO
2023Q1,1/4/2023,SPG
2023Q1,1/4/2023,SPGI
2023Q1,1/4/2023,SRE
2023Q1,1/4/2023,STE
2023Q1,1/4/2023,STLD
2023Q1,1/4/2023,STT
2023Q1,1/4/2023,STX
2023Q1,1/4/2023,STZ
2023Q1,1/4/2023,SWK
2023Q1,1/4/2023,SWKS
2023Q1,1/4/2023,SYF
2023Q1,1/4/2023,SYK
2023Q1,1/4/2023,SYY
2023Q1,1/4/2023,T
2023Q1,1/4/2023,TAP
2023Q1,1/4/2023,TDG
2023Q1,1/4/2023,TDY
2023Q1,1/4/2023,TECH
2023Q1,1/4/2023,TEL
2023Q1,1/4/2023,TER
2023Q1,1/4/2023,TFC
2023Q1,1/4/2023,TFX
2023Q1,1/4/2023,TGT
2023Q1,1/4/2023,TJX
2023Q1,1/4/2023,TMO
2023Q1,1/4/2023,TMUS
2023Q1,1/4/2023,TPR
2023Q1,1/4/2023,TRGP
2023Q1,1/4/2023,TRMB
2023Q1,1/4/2023,TROW
2023Q1,1/4/2023,TRV
2023Q1,1/4/2023,TSCO
2023Q1,1/4/2023,TSLA
2023Q1,1/4/2023,TSN
2023Q1,1/4/2023,TT
2023Q1,1/4/2023,TTWO
2023Q1,1/4/2023,TXN
2023Q1,1/4/2023,TXT
2023Q1,1/4/2023,TYL
2023Q1,1/4/2023,UAL
2023Q1,1/4/2023,UDR
2023Q1,1/4/2023,UHS
2023Q1,1/4/2023,ULTA
2023Q1,1/4/2023,UNH
2023Q1,1/4/2023,UNP
2023Q1,1/4/2023,UPS
2023Q1,1/4/2023,URI
2023Q1,1/4/2023,USB
2023Q1,1/4/2023,V
2023Q1,1/4/2023,VFC
2023Q1,1/4/2023,VICI
2023Q1,1/4/2023,VLO
2023Q1,1/4/2023,VMC
2023Q1,1/4/2023,VRSK
2023Q1,1/4/2023,VRSN
2023Q1,1/4/2023,VRTX
2023Q1,1/4/2023,VTR
2023Q1,1/4/2023,VTRS
2023Q1,1/4/2023,VZ
2023Q1,1/4/2023,WAB
2023Q1,1/4/2023,WAT
2023Q1,1/4/2023,WBA
2023Q1,1/4/2023,WBD
2023Q1,1/4/2023,WDC
2023Q1,1/4/2023,WEC
2023Q1,1/4/2023,WELL
2023Q1,1/4/2023,WFC
2023Q1,1/4/2023,WHR
2023Q1,1/4/2023,WM
2023Q1,1/4/2023,WMB
2023Q1,1/4/2023,WMT
2023Q1,1/4/2023,WRB
2023Q1,1/4/2023,WRK
2023Q1,1/4/2023,WST
2023Q1,1/4/2023,WTW
2023Q1,1/4/2023,WY
2023Q1,1/4/2023,WYNN
2023Q1,1/4/2023,XEL
2023Q1,1/4/2023,XOM
2023Q1,1/4/2023,XRAY
2023Q1,1/4/2023,XYL
2023Q1,1/4/2023,YUM
2023Q1,1/4/2023,ZBH
2023Q1,1/4/2023,ZBRA
2023Q1,1/4/2023,ZION
2023Q1,1/4/2023,ZTS
2023Q2,5/4/2023,A
2023Q2,5/4/2023,AAL
2023Q2,5/4/2023,AAP
2023Q2,5/4/2023,AAPL
2023Q2,5/4/2023,ABBV
2023Q2,5/4/2023,ABC
2023Q2,5/4/2023,ABT
2023Q2,5/4/2023,ACGL
2023Q2,5/4/2023,ACN
2023Q2,5/4/2023,ADBE
2023Q2,5/4/2023,ADI
2023Q2,5/4/2023,ADM
2023Q2,5/4/2023,ADP
2023Q2,5/4/2023,ADSK
2023Q2,5/4/2023,AEE
2023Q2,5/4/2023,AEP
2023Q2,5/4/2023,AES
2023Q2,5/4/2023,AFL
2023Q2,5/4/2023,AIG
2023Q2,5/4/2023,AIZ
2023Q2,5/4/2023,AJG
2023Q2,5/4/2023,AKAM
2023Q2,5/4/2023,ALB
2023Q2,5/4/2023,ALGN
2023Q2,5/4/2023,ALK
2023Q2,5/4/2023,ALL
2023Q2,5/4/2023,ALLE
2023Q2,5/4/2023,AMAT
2023Q2,5/4/2023,AMCR
2023Q2,5/4/2023,AMD
2023Q2,5/4/2023,AME
2023Q2,5/4/2023,AMGN
2023Q2,5/4/2023,AMP
2023Q2,5/4/2023,AMT
2023Q2,5/4/2023,AMZN
2023Q2,5/4/2023,ANET
2023Q2,5/4/2023,ANSS
2023Q2,5/4/2023,AON
2023Q2,5/4/2023,AOS
2023Q2,5/4/2023,APA
2023Q2,5/4/2023,APD
2023Q2,5/4/2023,APH
2023Q2,5/4/2023,APTV
2023Q2,5/4/2023,ARE
2023Q2,5/4/2023,ATO
2023Q2,5/4/2023,ATVI
2023Q2,5/4/2023,AVB
2023Q2,5/4/2023,AVGO
2023Q2,5/4/2023,AVY
2023Q2,5/4/2023,AWK
2023Q2,5/4/2023,AXON
2023Q2,5/4/2023,AXP
2023Q2,5/4/2023,AZO
2023Q2,5/4/2023,BA
2023Q2,5/4/2023,BAC
2023Q2,5/4/2023,BALL
2023Q2,5/4/2023,BAX
2023Q2,5/4/2023,BBWI
2023Q2,5/4/2023,BBY
2023Q2,5/4/2023,BDX
2023Q2,5/4/2023,BEN
2023Q2,5/4/2023,BF.B
2023Q2,5/4/2023,BG
2023Q2,5/4/2023,BIIB
2023Q2,5/4/2023,BIO
2023Q2,5/4/2023,BK
2023Q2,5/4/2023,BKNG
2023Q2,5/4/2023,BKR
2023Q2,5/4/2023,BLK
2023Q2,5/4/2023,BMY
2023Q2,5/4/2023,BR
2023Q2,5/4/2023,BRK.B
2023Q2,5/4/2023,BRO
2023Q2,5/4/2023,BSX
2023Q2,5/4/2023,BWA
2023Q2,5/4/2023,BXP
2023Q2,5/4/2023,C
2023Q2,5/4/2023,CAG
2023Q2,5/4/2023,CAH
2023Q2,5/4/2023,CARR
2023Q2,5/4/2023,CAT
2023Q2,5/4/2023,CB
2023Q2,5/4/2023,CBOE
2023Q2,5/4/2023,CBRE
2023Q2,5/4/2023,CCI
2023Q2,5/4/2023,CCL
2023Q2,5/4/2023,CDAY
2023Q2,5/4/2023,CDNS
2023Q2,5/4/2023,CDW
2023Q2,5/4/2023,CE
2023Q2,5/4/2023,CEG
2023Q2,5/4/2023,CF
2023Q2,5/4/2023,CFG
2023Q2,5/4/2023,CHD
2023Q2,5/4/2023,CHRW
2023Q2,5/4/2023,CHTR
2023Q2,5/4/2023,CI
2023Q2,5/4/2023,CINF
2023Q2,5/4/2023,CL
2023Q2,5/4/2023,CLX
2023Q2,5/4/2023,CMA
2023Q2,5/4/2023,CMCSA
2023Q2,5/4/2023,CME
2023Q2,5/4/2023,CMG
2023Q2,5/4/2023,CMI
2023Q2,5/4/2023,CMS
2023Q2,5/4/2023,CNC
2023Q2,5/4/2023,CNP
2023Q2,5/4/2023,COF
2023Q2,5/4/2023,COO
2023Q2,5/4/2023,COP
2023Q2,5/4/2023,COST
2023Q2,5/4/2023,CPB
2023Q2,5/4/2023,CPRT
2023Q2,5/4/2023,CPT
2023Q2,5/4/2023,CRL
2023Q2,5/4/2023,CRM
2023Q2,5/4/2023,CSCO
2023Q2,5/4/2023,CSGP
2023Q2,5/4/2023,CSX
2023Q2,5/4/2023,CTAS
2023Q2,5/4/2023,CTLT
2023Q2,5/4/2023,CTRA
2023Q2,5/4/2023,CTSH
2023Q2,5/4/2023,CTVA
2023Q2,5/4/2023,CVS
2023Q2,5/4/2023,CVX
2023Q2,5/4/2023,CZR
2023Q2,5/4/2023,D
2023Q2,5/4/2023,DAL
2023Q2,5/4/2023,DD
2023Q2,5/4/2023,DE
2023Q2,5/4/2023,DFS
2023Q2,5/4/2023,DG
2023Q2,5/4/2023,DGX
2023Q2,5/4/2023,DHI
2023Q2,5/4/2023,DHR
2023Q2,5/4/2023,DIS
2023Q2,5/4/2023,DISH
2023Q2,5/4/2023,DLR
2023Q2,5/4/2023,DLTR
2023Q2,5/4/2023,DOV
2023Q2,5/4/2023,DOW
2023Q2,5/4/2023,DPZ
2023Q2,5/4/2023,DRI
2023Q2,5/4/2023,DTE
2023Q2,5/4/2023,DUK
2023Q2,5/4/2023,DVA
2023Q2,5/4/2023,DVN
2023Q2,5/4/2023,DXC
2023Q2,5/4/2023,DXCM
2023Q2,5/4/2023,EA
2023Q2,5/4/2023,EBAY
2023Q2,5/4/2023,ECL
2023Q2,5/4/2023,ED
2023Q2,5/4/2023,EFX
2023Q2,5/4/2023,EIX
2023Q2,5/4/2023,EL
2023Q2,5/4/2023,ELV
2023Q2,5/4/2023,EMN
2023Q2,5/4/2023,EMR
2023Q2,5/4/2023,ENPH
2023Q2,5/4/2023,EOG
2023Q2,5/4/2023,EPAM
2023Q2,5/4/2023,EQIX
2023Q2,5/4/2023,EQR
2023Q2,5/4/2023,EQT
2023Q2,5/4/2023,ES
2023Q2,5/4/2023,ESS
2023Q2,5/4/2023,ETN
2023Q2,5/4/2023,ETR
2023Q2,5/4/2023,ETSY
2023Q2,5/4/2023,EVRG
2023Q2,5/4/2023,EW
2023Q2,5/4/2023,EXC
2023Q2,5/4/2023,EXPD
2023Q2,5/4/2023,EXPE
2023Q2,5/4/2023,EXR
2023Q2,5/4/2023,F
2023Q2,5/4/2023,FANG
2023Q2,5/4/2023,FAST
2023Q2,5/4/2023,FCX
2023Q2,5/4/2023,FDS
2023Q2,5/4/2023,FDX
2023Q2,5/4/2023,FE
2023Q2,5/4/2023,FFIV
2023Q2,5/4/2023,FICO
2023Q2,5/4/2023,FIS
2023Q2,5/4/2023,FISV
2023Q2,5/4/2023,FITB
2023Q2,5/4/2023,FLT
2023Q2,5/4/2023,FMC
2023Q2,5/4/2023,FOX
2023Q2,5/4/2023,FOXA
2023Q2,5/4/2023,FRT
2023Q2,5/4/2023,FSLR
2023Q2,5/4/2023,FTNT
2023Q2,5/4/2023,FTV
2023Q2,5/4/2023,GD
2023Q2,5/4/2023,GE
2023Q2,5/4/2023,GEHC
2023Q2,5/4/2023,GEN
2023Q2,5/4/2023,GILD
2023Q2,5/4/2023,GIS
2023Q2,5/4/2023,GL
2023Q2,5/4/2023,GLW
2023Q2,5/4/2023,GM
2023Q2,5/4/2023,GNRC
2023Q2,5/4/2023,GOOG
2023Q2,5/4/2023,GOOGL
2023Q2,5/4/2023,GPC
2023Q2,5/4/2023,GPN
2023Q2,5/4/2023,GRMN
2023Q2,5/4/2023,GS
2023Q2,5/4/2023,GWW
2023Q2,5/4/2023,HAL
2023Q2,5/4/2023,HAS
2023Q2,5/4/2023,HBAN
2023Q2,5/4/2023,HCA
2023Q2,5/4/2023,HD
2023Q2,5/4/2023,HES
2023Q2,5/4/2023,HIG
2023Q2,5/4/2023,HII
2023Q2,5/4/2023,HLT
2023Q2,5/4/2023,HOLX
2023Q2,5/4/2023,HON
2023Q2,5/4/2023,HPE
2023Q2,5/4/2023,HPQ
2023Q2,5/4/2023,HRL
2023Q2,5/4/2023,HSIC
2023Q2,5/4/2023,HST
2023Q2,5/4/2023,HSY
2023Q2,5/4/2023,HUM
2023Q2,5/4/2023,HWM
2023Q2,5/4/2023,IBM
2023Q2,5/4/2023,ICE
2023Q2,5/4/2023,IDXX
2023Q2,5/4/2023,IEX
2023Q2,5/4/2023,IFF
2023Q2,5/4/2023,ILMN
2023Q2,5/4/2023,INCY
2023Q2,5/4/2023,INTC
2023Q2,5/4/2023,INTU
2023Q2,5/4/2023,INVH
2023Q2,5/4/2023,IP
2023Q2,5/4/2023,IPG
2023Q2,5/4/2023,IQV
2023Q2,5/4/2023,IR
2023Q2,5/4/2023,IRM
2023Q2,5/4/2023,ISRG
2023Q2,5/4/2023,IT
2023Q2,5/4/2023,ITW
2023Q2,5/4/2023,IVZ
2023Q2,5/4/2023,J
2023Q2,5/4/2023,JBHT
2023Q2,5/4/2023,JCI
2023Q2,5/4/2023,JKHY
2023Q2,5/4/2023,JNJ
2023Q2,5/4/2023,JNPR
2023Q2,5/4/2023,JPM
2023Q2,5/4/2023,K
2023Q2,5/4/2023,KDP
2023Q2,5/4/2023,KEY
2023Q2,5/4/2023,KEYS
2023Q2,5/4/2023,KHC
2023Q2,5/4/2023,KIM
2023Q2,5/4/2023,KLAC
2023Q2,5/4/2023,KMB
2023Q2,5/4/2023,KMI
2023Q2,5/4/2023,KMX
2023Q2,5/4/2023,KO
2023Q2,5/4/2023,KR
2023Q2,5/4/2023,L
2023Q2,5/4/2023,LDOS
2023Q2,5/4/2023,LEN
2023Q2,5/4/2023,LH
2023Q2,5/4/2023,LHX
2023Q2,5/4/2023,LIN
2023Q2,5/4/2023,LKQ
2023Q2,5/4/2023,LLY
2023Q2,5/4/2023,LMT
2023Q2,5/4/2023,LNC
2023Q2,5/4/2023,LNT
2023Q2,5/4/2023,LOW
2023Q2,5/4/2023,LRCX
2023Q2,5/4/2023,LUV
2023Q2,5/4/2023,LVS
2023Q2,5/4/2023,LW
2023Q2,5/4/2023,LYB
2023Q2,5/4/2023,LYV
2023Q2,5/4/2023,MA
2023Q2,5/4/2023,MAA
2023Q2,5/4/2023,MAR
2023Q2,5/4/2023,MAS
2023Q2,5/4/2023,MCD
2023Q2,5/4/2023,MCHP
2023Q2,5/4/2023,MCK
2023Q2,5/4/2023,MCO
2023Q2,5/4/2023,MDLZ
2023Q2,5/4/2023,MDT
2023Q2,5/4/2023,MET
2023Q2,5/4/2023,META
2023Q2,5/4/2023,MGM
2023Q2,5/4/2023,MHK
2023Q2,5/4/2023,MKC
2023Q2,5/4/2023,MKTX
2023Q2,5/4/2023,MLM
2023Q2,5/4/2023,MMC
2023Q2,5/4/2023,MMM
2023Q2,5/4/2023,MNST
2023Q2,5/4/2023,MO
2023Q2,5/4/2023,MOH
2023Q2,5/4/2023,MOS
2023Q2,5/4/2023,MPC
2023Q2,5/4/2023,MPWR
2023Q2,5/4/2023,MRK
2023Q2,5/4/2023,MRNA
2023Q2,5/4/2023,MRO
2023Q2,5/4/2023,MS
2023Q2,5/4/2023,MSCI
2023Q2,5/4/2023,MSFT
2023Q2,5/4/2023,MSI
2023Q2,5/4/2023,MTB
2023Q2,5/4/2023,MTCH
2023Q2,5/4/2023,MTD
2023Q2,5/4/2023,MU
2023Q2,5/4/2023,NCLH
2023Q2,5/4/2023,NDAQ
2023Q2,5/4/2023,NDSN
2023Q2,5/4/2023,NEE
2023Q2,5/4/2023,NEM
2023Q2,5/4/2023,NFLX
2023Q2,5/4/2023,NI
2023Q2,5/4/2023,NKE
2023Q2,5/4/2023,NOC
2023Q2,5/4/2023,NOW
2023Q2,5/4/2023,NRG
2023Q2,5/4/2023,NSC
2023Q2,5/4/2023,NTAP
2023Q2,5/4/2023,NTRS
2023Q2,5/4/2023,NUE
2023Q2,5/4/2023,NVDA
2023Q2,5/4/2023,NVR
2023Q2,5/4/2023,NWL
2023Q2,5/4/2023,NWS
2023Q2,5/4/2023,NWSA
2023Q2,5/4/2023,NXPI
2023Q2,5/4/2023,O
2023Q2,5/4/2023,ODFL
2023Q2,5/4/2023,OGN
2023Q2,5/4/2023,OKE
2023Q2,5/4/2023,OMC
2023Q2,5/4/2023,ON
2023Q2,5/4/2023,ORCL
2023Q2,5/4/2023,ORLY
2023Q2,5/4/2023,OTIS
2023Q2,5/4/2023,OXY
2023Q2,5/4/2023,PARA
2023Q2,5/4/2023,PAYC
2023Q2,5/4/2023,PAYX
2023Q2,5/4/2023,PCAR
2023Q2,5/4/2023,PCG
2023Q2,5/4/2023,PEAK
2023Q2,5/4/2023,PEG
2023Q2,5/4/2023,PEP
2023Q2,5/4/2023,PFE
2023Q2,5/4/2023,PFG
2023Q2,5/4/2023,PG
2023Q2,5/4/2023,PGR
2023Q2,5/4/2023,PH
2023Q2,5/4/2023,PHM
2023Q2,5/4/2023,PKG
2023Q2,5/4/2023,PKI
2023Q2,5/4/2023,PLD
2023Q2,5/4/2023,PM
2023Q2,5/4/2023,PNC
2023Q2,5/4/2023,PNR
2023Q2,5/4/2023,PNW
2023Q2,5/4/2023,PODD
2023Q2,5/4/2023,POOL
2023Q2,5/4/2023,PPG
2023Q2,5/4/2023,PPL
2023Q2,5/4/2023,PRU
2023Q2,5/4/2023,PSA
2023Q2,5/4/2023,PSX
2023Q2,5/4/2023,PTC
2023Q2,5/4/2023,PWR
2023Q2,5/4/2023,PXD
2023Q2,5/4/2023,PYPL
2023Q2,5/4/2023,QCOM
2023Q2,5/4/2023,QRVO
2023Q2,5/4/2023,RCL
2023Q2,5/4/2023,RE
2023Q2,5/4/2023,REG
2023Q2,5/4/2023,REGN
2023Q2,5/4/2023,RF
2023Q2,5/4/2023,RHI
2023Q2,5/4/2023,RJF
2023Q2,5/4/2023,RL
2023Q2,5/4/2023,RMD
2023Q2,5/4/2023,ROK
2023Q2,5/4/2023,ROL
2023Q2,5/4/2023,ROP
2023Q2,5/4/2023,ROST
2023Q2,5/4/2023,RSG
2023Q2,5/4/2023,RTX
2023Q2,5/4/2023,SBAC
2023Q2,5/4/2023,SBUX
2023Q2,5/4/2023,SCHW
2023Q2,5/4/2023,SEDG
2023Q2,5/4/2023,SEE
2023Q2,5/4/2023,SHW
2023Q2,5/4/2023,SJM
2023Q2,5/4/2023,SLB
2023Q2,5/4/2023,SNA
2023Q2,5/4/2023,SNPS
2023Q2,5/4/2023,SO
2023Q2,5/4/2023,SPG
2023Q2,5/4/2023,SPGI
2023Q2,5/4/2023,SRE
2023Q2,5/4/2023,STE
2023Q2,5/4/2023,STLD
2023Q2,5/4/2023,STT
2023Q2,5/4/2023,STX
2023Q2,5/4/2023,STZ
2023Q2,5/4/2023,SWK
2023Q2,5/4/2023,SWKS
2023Q2,5/4/2023,SYF
2023Q2,5/4/2023,SYK
2023Q2,5/4/2023,SYY
2023Q2,5/4/2023,T
2023Q2,5/4/2023,TAP
2023Q2,5/4/2023,TDG
2023Q2,5/4/2023,TDY
2023Q2,5/4/2023,TECH
2023Q2,5/4/2023,TEL
2023Q2,5/4/2023,TER
2023Q2,5/4/2023,TFC
2023Q2,5/4/2023,TFX
2023Q2,5/4/2023,TGT
2023Q2,5/4/2023,TJX
2023Q2,5/4/2023,TMO
2023Q2,5/4/2023,TMUS
2023Q2,5/4/2023,TPR
2023Q2,5/4/2023,TRGP
2023Q2,5/4/2023,TRMB
2023Q2,5/4/2023,TROW
2023Q2,5/4/2023,TRV
2023Q2,5/4/2023,TSCO
2023Q2,5/4/2023,TSLA
2023Q2,5/4/2023,TSN
2023Q2,5/4/2023,TT
2023Q2,5/4/2023,TTWO
2023Q2,5/4/2023,TXN
2023Q2,5/4/2023,TXT
2023Q2,5/4/2023,TYL
2023Q2,5/4/2023,UAL
2023Q2,5/4/2023,UDR
2023Q2,5/4/2023,UHS
2023Q2,5/4/2023,ULTA
2023Q2,5/4/2023,UNH
2023Q2,5/4/2023,UNP
2023Q2,5/4/2023,UPS
2023Q2,5/4/2023,URI
2023Q2,5/4/2023,USB
2023Q2,5/4/2023,V
2023Q2,5/4/2023,VFC
2023Q2,5/4/2023,VICI
2023Q2,5/4/2023,VLO
2023Q2,5/4/2023,VMC
2023Q2,5/4/2023,VRSK
2023Q2,5/4/2023,VRSN
2023Q2,5/4/2023,VRTX
2023Q2,5/4/2023,VTR
2023Q2,5/4/2023,VTRS
2023Q2,5/4/2023,VZ
2023Q2,5/4/2023,WAB
2023Q2,5/4/2023,WAT
2023Q2,5/4/2023,WBA
2023Q2,5/4/2023,WBD
2023Q2,5/4/2023,WDC
2023Q2,5/4/2023,WEC
2023Q2,5/4/2023,WELL
2023Q2,5/4/2023,WFC
2023Q2,5/4/2023,WHR
2023Q2,5/4/2023,WM
2023Q2,5/4/2023,WMB
2023Q2,5/4/2023,WMT
2023Q2,5/4/2023,WRB
2023Q2,5/4/2023,WRK
2023Q2,5/4/2023,WST
2023Q2,5/4/2023,WTW
2023Q2,5/4/2023,WY
2023Q2,5/4/2023,WYNN
2023Q2,5/4/2023,XEL
2023Q2,5/4/2023,XOM
2023Q2,5/4/2023,XRAY
2023Q2,5/4/2023,XYL
2023Q2,5/4/2023,YUM
2023Q2,5/4/2023,ZBH
2023Q2,5/4/2023,ZBRA
2023Q2,5/4/2023,ZION
2023Q2,5/4/2023,ZTS
2023Q3,7/10/2023,A
2023Q3,7/10/2023,AAL
2023Q3,7/10/2023,AAP
2023Q3,7/10/2023,AAPL
2023Q3,7/10/2023,ABBV
2023Q3,7/10/2023,ABC
2023Q3,7/10/2023,ABT
2023Q3,7/10/2023,ACGL
2023Q3,7/10/2023,ACN
2023Q3,7/10/2023,ADBE
2023Q3,7/10/2023,ADI
2023Q3,7/10/2023,ADM
2023Q3,7/10/2023,ADP
2023Q3,7/10/2023,ADSK
2023Q3,7/10/2023,AEE
2023Q3,7/10/2023,AEP
2023Q3,7/10/2023,AES
2023Q3,7/10/2023,AFL
2023Q3,7/10/2023,AIG
2023Q3,7/10/2023,AIZ
2023Q3,7/10/2023,AJG
2023Q3,7/10/2023,AKAM
2023Q3,7/10/2023,ALB
2023Q3,7/10/2023,ALGN
2023Q3,7/10/2023,ALK
2023Q3,7/10/2023,ALL
2023Q3,7/10/2023,ALLE
2023Q3,7/10/2023,AMAT
2023Q3,7/10/2023,AMCR
2023Q3,7/10/2023,AMD
2023Q3,7/10/2023,AME
2023Q3,7/10/2023,AMGN
2023Q3,7/10/2023,AMP
2023Q3,7/10/2023,AMT
2023Q3,7/10/2023,AMZN
2023Q3,7/10/2023,ANET
2023Q3,7/10/2023,ANSS
2023Q3,7/10/2023,AON
2023Q3,7/10/2023,AOS
2023Q3,7/10/2023,APA
2023Q3,7/10/2023,APD
2023Q3,7/10/2023,APH
2023Q3,7/10/2023,APTV
2023Q3,7/10/2023,ARE
2023Q3,7/10/2023,ATO
2023Q3,7/10/2023,ATVI
2023Q3,7/10/2023,AVB
2023Q3,7/10/2023,AVGO
2023Q3,7/10/2023,AVY
2023Q3,7/10/2023,AWK
2023Q3,7/10/2023,AXON
2023Q3,7/10/2023,AXP
2023Q3,7/10/2023,AZO
2023Q3,7/10/2023,BA
2023Q3,7/10/2023,BAC
2023Q3,7/10/2023,BALL
2023Q3,7/10/2023,BAX
2023Q3,7/10/2023,BBWI
2023Q3,7/10/2023,BBY
2023Q3,7/10/2023,BDX
2023Q3,7/10/2023,BEN
2023Q3,7/10/2023,BF.B
2023Q3,7/10/2023,BG
2023Q3,7/10/2023,BIIB
2023Q3,7/10/2023,BIO
2023Q3,7/10/2023,BK
2023Q3,7/10/2023,BKNG
2023Q3,7/10/2023,BKR
2023Q3,7/10/2023,BLK
2023Q3,7/10/2023,BMY
2023Q3,7/10/2023,BR
2023Q3,7/10/2023,BRK.B
2023Q3,7/10/2023,BRO
2023Q3,7/10/2023,BSX
2023Q3,7/10/2023,BWA
2023Q3,7/10/2023,BXP
2023Q3,7/10/2023,C
2023Q3,7/10/2023,CAG
2023Q3,7/10/2023,CAH
2023Q3,7/10/2023,CARR
2023Q3,7/10/2023,CAT
2023Q3,7/10/2023,CB
2023Q3,7/10/2023,CBOE
2023Q3,7/10/2023,CBRE
2023Q3,7/10/2023,CCI
2023Q3,7/10/2023,CCL
2023Q3,7/10/2023,CDAY
2023Q3,7/10/2023,CDNS
2023Q3,7/10/2023,CDW
2023Q3,7/10/2023,CE
2023Q3,7/10/2023,CEG
2023Q3,7/10/2023,CF
2023Q3,7/10/2023,CFG
2023Q3,7/10/2023,CHD
2023Q3,7/10/2023,CHRW
2023Q3,7/10/2023,CHTR
2023Q3,7/10/2023,CI
2023Q3,7/10/2023,CINF
2023Q3,7/10/2023,CL
2023Q3,7/10/2023,CLX
2023Q3,7/10/2023,CMA
2023Q3,7/10/2023,CMCSA
2023Q3,7/10/2023,CME
2023Q3,7/10/2023,CMG
2023Q3,7/10/2023,CMI
2023Q3,7/10/2023,CMS
2023Q3,7/10/2023,CNC
2023Q3,7/10/2023,CNP
2023Q3,7/10/2023,COF
2023Q3,7/10/2023,COO
2023Q3,7/10/2023,COP
2023Q3,7/10/2023,COST
2023Q3,7/10/2023,CPB
2023Q3,7/10/2023,CPRT
2023Q3,7/10/2023,CPT
2023Q3,7/10/2023,CRL
2023Q3,7/10/2023,CRM
2023Q3,7/10/2023,CSCO
2023Q3,7/10/2023,CSGP
2023Q3,7/10/2023,CSX
2023Q3,7/10/2023,CTAS
2023Q3,7/10/2023,CTLT
2023Q3,7/10/2023,CTRA
2023Q3,7/10/2023,CTSH
2023Q3,7/10/2023,CTVA
2023Q3,7/10/2023,CVS
2023Q3,7/10/2023,CVX
2023Q3,7/10/2023,CZR
2023Q3,7/10/2023,D
2023Q3,7/10/2023,DAL
2023Q3,7/10/2023,DD
2023Q3,7/10/2023,DE
2023Q3,7/10/2023,DFS
2023Q3,7/10/2023,DG
2023Q3,7/10/2023,DGX
2023Q3,7/10/2023,DHI
2023Q3,7/10/2023,DHR
2023Q3,7/10/2023,DIS
2023Q3,7/10/2023,DLR
2023Q3,7/10/2023,DLTR
2023Q3,7/10/2023,DOV
2023Q3,7/10/2023,DOW
2023Q3,7/10/2023,DPZ
2023Q3,7/10/2023,DRI
2023Q3,7/10/2023,DTE
2023Q3,7/10/2023,DUK
2023Q3,7/10/2023,DVA
2023Q3,7/10/2023,DVN
2023Q3,7/10/2023,DXC
2023Q3,7/10/2023,DXCM
2023Q3,7/10/2023,EA
2023Q3,7/10/2023,EBAY
2023Q3,7/10/2023,ECL
2023Q3,7/10/2023,ED
2023Q3,7/10/2023,EFX
2023Q3,7/10/2023,EG
2023Q3,7/10/2023,EIX
2023Q3,7/10/2023,EL
2023Q3,7/10/2023,ELV
2023Q3,7/10/2023,EMN
2023Q3,7/10/2023,EMR
2023Q3,7/10/2023,ENPH
2023Q3,7/10/2023,EOG
2023Q3,7/10/2023,EPAM
2023Q3,7/10/2023,EQIX
2023Q3,7/10/2023,EQR
2023Q3,7/10/2023,EQT
2023Q3,7/10/2023,ES
2023Q3,7/10/2023,ESS
2023Q3,7/10/2023,ETN
2023Q3,7/10/2023,ETR
2023Q3,7/10/2023,ETSY
2023Q3,7/10/2023,EVRG
2023Q3,7/10/2023,EW
2023Q3,7/10/2023,EXC
2023Q3,7/10/2023,EXPD
2023Q3,7/10/2023,EXPE
2023Q3,7/10/2023,EXR
2023Q3,7/10/2023,F
2023Q3,7/10/2023,FANG
2023Q3,7/10/2023,FAST
2023Q3,7/10/2023,FCX
2023Q3,7/10/2023,FDS
2023Q3,7/10/2023,FDX
2023Q3,7/10/2023,FE
2023Q3,7/10/2023,FFIV
2023Q3,7/10/2023,FI
2023Q3,7/10/2023,FICO
2023Q3,7/10/2023,FIS
2023Q3,7/10/2023,FITB
2023Q3,7/10/2023,FLT
2023Q3,7/10/2023,FMC
2023Q3,7/10/2023,FOX
2023Q3,7/10/2023,FOXA
2023Q3,7/10/2023,FRT
2023Q3,7/10/2023,FSLR
2023Q3,7/10/2023,FTNT
2023Q3,7/10/2023,FTV
2023Q3,7/10/2023,GD
2023Q3,7/10/2023,GE
2023Q3,7/10/2023,GEHC
2023Q3,7/10/2023,GEN
2023Q3,7/10/2023,GILD
2023Q3,7/10/2023,GIS
2023Q3,7/10/2023,GL
2023Q3,7/10/2023,GLW
2023Q3,7/10/2023,GM
2023Q3,7/10/2023,GNRC
2023Q3,7/10/2023,GOOG
2023Q3,7/10/2023,GOOGL
2023Q3,7/10/2023,GPC
2023Q3,7/10/2023,GPN
2023Q3,7/10/2023,GRMN
2023Q3,7/10/2023,GS
2023Q3,7/10/2023,GWW
2023Q3,7/10/2023,HAL
2023Q3,7/10/2023,HAS
2023Q3,7/10/2023,HBAN
2023Q3,7/10/2023,HCA
2023Q3,7/10/2023,HD
2023Q3,7/10/2023,HES
2023Q3,7/10/2023,HIG
2023Q3,7/10/2023,HII
2023Q3,7/10/2023,HLT
2023Q3,7/10/2023,HOLX
2023Q3,7/10/2023,HON
2023Q3,7/10/2023,HPE
2023Q3,7/10/2023,HPQ
2023Q3,7/10/2023,HRL
2023Q3,7/10/2023,HSIC
2023Q3,7/10/2023,HST
2023Q3,7/10/2023,HSY
2023Q3,7/10/2023,HUM
2023Q3,7/10/2023,HWM
2023Q3,7/10/2023,IBM
2023Q3,7/10/2023,ICE
2023Q3,7/10/2023,IDXX
2023Q3,7/10/2023,IEX
2023Q3,7/10/2023,IFF
2023Q3,7/10/2023,ILMN
2023Q3,7/10/2023,INCY
2023Q3,7/10/2023,INTC
2023Q3,7/10/2023,INTU
2023Q3,7/10/2023,INVH
2023Q3,7/10/2023,IP
2023Q3,7/10/2023,IPG
2023Q3,7/10/2023,IQV
2023Q3,7/10/2023,IR
2023Q3,7/10/2023,IRM
2023Q3,7/10/2023,ISRG
2023Q3,7/10/2023,IT
2023Q3,7/10/2023,ITW
2023Q3,7/10/2023,IVZ
2023Q3,7/10/2023,J
2023Q3,7/10/2023,JBHT
2023Q3,7/10/2023,JCI
2023Q3,7/10/2023,JKHY
2023Q3,7/10/2023,JNJ
2023Q3,7/10/2023,JNPR
2023Q3,7/10/2023,JPM
2023Q3,7/10/2023,K
2023Q3,7/10/2023,KDP
2023Q3,7/10/2023,KEY
2023Q3,7/10/2023,KEYS
2023Q3,7/10/2023,KHC
2023Q3,7/10/2023,KIM
2023Q3,7/10/2023,KLAC
2023Q3,7/10/2023,KMB
2023Q3,7/10/2023,KMI
2023Q3,7/10/2023,KMX
2023Q3,7/10/2023,KO
2023Q3,7/10/2023,KR
2023Q3,7/10/2023,L
2023Q3,7/10/2023,LDOS
2023Q3,7/10/2023,LEN
2023Q3,7/10/2023,LH
2023Q3,7/10/2023,LHX
2023Q3,7/10/2023,LIN
2023Q3,7/10/2023,LKQ
2023Q3,7/10/2023,LLY
2023Q3,7/10/2023,LMT
2023Q3,7/10/2023,LNC
2023Q3,7/10/2023,LNT
2023Q3,7/10/2023,LOW
2023Q3,7/10/2023,LRCX
2023Q3,7/10/2023,LUV
2023Q3,7/10/2023,LVS
2023Q3,7/10/2023,LW
2023Q3,7/10/2023,LYB
2023Q3,7/10/2023,LYV
2023Q3,7/10/2023,MA
2023Q3,7/10/2023,MAA
2023Q3,7/10/2023,MAR
2023Q3,7/10/2023,MAS
2023Q3,7/10/2023,MCD
2023Q3,7/10/2023,MCHP
2023Q3,7/10/2023,MCK
2023Q3,7/10/2023,MCO
2023Q3,7/10/2023,MDLZ
2023Q3,7/10/2023,MDT
2023Q3,7/10/2023,MET
2023Q3,7/10/2023,META
2023Q3,7/10/2023,MGM
2023Q3,7/10/2023,MHK
2023Q3,7/10/2023,MKC
2023Q3,7/10/2023,MKTX
2023Q3,7/10/2023,MLM
2023Q3,7/10/2023,MMC
2023Q3,7/10/2023,MMM
2023Q3,7/10/2023,MNST
2023Q3,7/10/2023,MO
2023Q3,7/10/2023,MOH
2023Q3,7/10/2023,MOS
2023Q3,7/10/2023,MPC
2023Q3,7/10/2023,MPWR
2023Q3,7/10/2023,MRK
2023Q3,7/10/2023,MRNA
2023Q3,7/10/2023,MRO
2023Q3,7/10/2023,MS
2023Q3,7/10/2023,MSCI
2023Q3,7/10/2023,MSFT
2023Q3,7/10/2023,MSI
2023Q3,7/10/2023,MTB
2023Q3,7/10/2023,MTCH
2023Q3,7/10/2023,MTD
2023Q3,7/10/2023,MU
2023Q3,7/10/2023,NCLH
2023Q3,7/10/2023,NDAQ
2023Q3,7/10/2023,NDSN
2023Q3,7/10/2023,NEE
2023Q3,7/10/2023,NEM
2023Q3,7/10/2023,NFLX
2023Q3,7/10/2023,NI
2023Q3,7/10/2023,NKE
2023Q3,7/10/2023,NOC
2023Q3,7/10/2023,NOW
2023Q3,7/10/2023,NRG
2023Q3,7/10/2023,NSC
2023Q3,7/10/2023,NTAP
2023Q3,7/10/2023,NTRS
2023Q3,7/10/2023,NUE
2023Q3,7/10/2023,NVDA
2023Q3,7/10/2023,NVR
2023Q3,7/10/2023,NWL
2023Q3,7/10/2023,NWS
2023Q3,7/10/2023,NWSA
2023Q3,7/10/2023,NXPI
2023Q3,7/10/2023,O
2023Q3,7/10/2023,ODFL
2023Q3,7/10/2023,OGN
2023Q3,7/10/2023,OKE
2023Q3,7/10/2023,OMC
2023Q3,7/10/2023,ON
2023Q3,7/10/2023,ORCL
2023Q3,7/10/2023,ORLY
2023Q3,7/10/2023,OTIS
2023Q3,7/10/2023,OXY
2023Q3,7/10/2023,PANW
2023Q3,7/10/2023,PARA
2023Q3,7/10/2023,PAYC
2023Q3,7/10/2023,PAYX
2023Q3,7/10/2023,PCAR
2023Q3,7/10/2023,PCG
2023Q3,7/10/2023,PEAK
2023Q3,7/10/2023,PEG
2023Q3,7/10/2023,PEP
2023Q3,7/10/2023,PFE
2023Q3,7/10/2023,PFG
2023Q3,7/10/2023,PG
2023Q3,7/10/2023,PGR
2023Q3,7/10/2023,PH
2023Q3,7/10/2023,PHM
2023Q3,7/10/2023,PKG
2023Q3,7/10/2023,PLD
2023Q3,7/10/2023,PM
2023Q3,7/10/2023,PNC
2023Q3,7/10/2023,PNR
2023Q3,7/10/2023,PNW
2023Q3,7/10/2023,PODD
2023Q3,7/10/2023,POOL
2023Q3,7/10/2023,PPG
2023Q3,7/10/2023,PPL
2023Q3,7/10/2023,PRU
2023Q3,7/10/2023,PSA
2023Q3,7/10/2023,PSX
2023Q3,7/10/2023,PTC
2023Q3,7/10/2023,PWR
2023Q3,7/10/2023,PXD
2023Q3,7/10/2023,PYPL
2023Q3,7/10/2023,QCOM
2023Q3,7/10/2023,QRVO
2023Q3,7/10/2023,RCL
2023Q3,7/10/2023,REG
2023Q3,7/10/2023,REGN
2023Q3,7/10/2023,RF
2023Q3,7/10/2023,RHI
2023Q3,7/10/2023,RJF
2023Q3,7/10/2023,RL
2023Q3,7/10/2023,RMD
2023Q3,7/10/2023,ROK
2023Q3,7/10/2023,ROL
2023Q3,7/10/2023,ROP
2023Q3,7/10/2023,ROST
2023Q3,7/10/2023,RSG
2023Q3,7/10/2023,RTX
2023Q3,7/10/2023,RVTY
2023Q3,7/10/2023,SBAC
2023Q3,7/10/2023,SBUX
2023Q3,7/10/2023,SCHW
2023Q3,7/10/2023,SEDG
2023Q3,7/10/2023,SEE
2023Q3,7/10/2023,SHW
2023Q3,7/10/2023,SJM
2023Q3,7/10/2023,SLB
2023Q3,7/10/2023,SNA
2023Q3,7/10/2023,SNPS
2023Q3,7/10/2023,SO
2023Q3,7/10/2023,SPG
2023Q3,7/10/2023,SPGI
2023Q3,7/10/2023,SRE
2023Q3,7/10/2023,STE
2023Q3,7/10/2023,STLD
2023Q3,7/10/2023,STT
2023Q3,7/10/2023,STX
2023Q3,7/10/2023,STZ
2023Q3,7/10/2023,SWK
2023Q3,7/10/2023,SWKS
2023Q3,7/10/2023,SYF
2023Q3,7/10/2023,SYK
2023Q3,7/10/2023,SYY
2023Q3,7/10/2023,T
2023Q3,7/10/2023,TAP
2023Q3,7/10/2023,TDG
2023Q3,7/10/2023,TDY
2023Q3,7/10/2023,TECH
2023Q3,7/10/2023,TEL
2023Q3,7/10/2023,TER
2023Q3,7/10/2023,TFC
2023Q3,7/10/2023,TFX
2023Q3,7/10/2023,TGT
2023Q3,7/10/2023,TJX
2023Q3,7/10/2023,TMO
2023Q3,7/10/2023,TMUS
2023Q3,7/10/2023,TPR
2023Q3,7/10/2023,TRGP
2023Q3,7/10/2023,TRMB
2023Q3,7/10/2023,TROW
2023Q3,7/10/2023,TRV
2023Q3,7/10/2023,TSCO
2023Q3,7/10/2023,TSLA
2023Q3,7/10/2023,TSN
2023Q3,7/10/2023,TT
2023Q3,7/10/2023,TTWO
2023Q3,7/10/2023,TXN
2023Q3,7/10/2023,TXT
2023Q3,7/10/2023,TYL
2023Q3,7/10/2023,UAL
2023Q3,7/10/2023,UDR
2023Q3,7/10/2023,UHS
2023Q3,7/10/2023,ULTA
2023Q3,7/10/2023,UNH
2023Q3,7/10/2023,UNP
2023Q3,7/10/2023,UPS
2023Q3,7/10/2023,URI
2023Q3,7/10/2023,USB
2023Q3,7/10/2023,V
2023Q3,7/10/2023,VFC
2023Q3,7/10/2023,VICI
2023Q3,7/10/2023,VLO
2023Q3,7/10/2023,VMC
2023Q3,7/10/2023,VRSK
2023Q3,7/10/2023,VRSN
2023Q3,7/10/2023,VRTX
2023Q3,7/10/2023,VTR
2023Q3,7/10/2023,VTRS
2023Q3,7/10/2023,VZ
2023Q3,7/10/2023,WAB
2023Q3,7/10/2023,WAT
2023Q3,7/10/2023,WBA
2023Q3,7/10/2023,WBD
2023Q3,7/10/2023,WDC
2023Q3,7/10/2023,WEC
2023Q3,7/10/2023,WELL
2023Q3,7/10/2023,WFC
2023Q3,7/10/2023,WHR
2023Q3,7/10/2023,WM
2023Q3,7/10/2023,WMB
2023Q3,7/10/2023,WMT
2023Q3,7/10/2023,WRB
2023Q3,7/10/2023,WRK
2023Q3,7/10/2023,WST
2023Q3,7/10/2023,WTW
2023Q3,7/10/2023,WY
2023Q3,7/10/2023,WYNN
2023Q3,7/10/2023,XEL
2023Q3,7/10/2023,XOM
2023Q3,7/10/2023,XRAY
2023Q3,7/10/2023,XYL
2023Q3,7/10/2023,YUM
2023Q3,7/10/2023,ZBH
2023Q3,7/10/2023,ZBRA
2023Q3,7/10/2023,ZION
2023Q3,7/10/2023,ZTS
2023Q4,10/2/2023,A
2023Q4,10/2/2023,AAL
2023Q4,10/2/2023,AAPL
2023Q4,10/2/2023,ABBV
2023Q4,10/2/2023,ABNB
2023Q4,10/2/2023,ABT
2023Q4,10/2/2023,ACGL
2023Q4,10/2/2023,ACN
2023Q4,10/2/2023,ADBE
2023Q4,10/2/2023,ADI
2023Q4,10/2/2023,ADM
2023Q4,10/2/2023,ADP
2023Q4,10/2/2023,ADSK
2023Q4,10/2/2023,AEE
2023Q4,10/2/2023,AEP
2023Q4,10/2/2023,AES
2023Q4,10/2/2023,AFL
2023Q4,10/2/2023,AIG
2023Q4,10/2/2023,AIZ
2023Q4,10/2/2023,AJG
2023Q4,10/2/2023,AKAM
2023Q4,10/2/2023,ALB
2023Q4,10/2/2023,ALGN
2023Q4,10/2/2023,ALK
2023Q4,10/2/2023,ALL
2023Q4,10/2/2023,ALLE
2023Q4,10/2/2023,AMAT
2023Q4,10/2/2023,AMCR
2023Q4,10/2/2023,AMD
2023Q4,10/2/2023,AME
2023Q4,10/2/2023,AMGN
2023Q4,10/2/2023,AMP
2023Q4,10/2/2023,AMT
2023Q4,10/2/2023,AMZN
2023Q4,10/2/2023,ANET
2023Q4,10/2/2023,ANSS
2023Q4,10/2/2023,AON
2023Q4,10/2/2023,AOS
2023Q4,10/2/2023,APA
2023Q4,10/2/2023,APD
2023Q4,10/2/2023,APH
2023Q4,10/2/2023,APTV
2023Q4,10/2/2023,ARE
2023Q4,10/2/2023,ATO
2023Q4,10/2/2023,ATVI
2023Q4,10/2/2023,AVB
2023Q4,10/2/2023,AVGO
2023Q4,10/2/2023,AVY
2023Q4,10/2/2023,AWK
2023Q4,10/2/2023,AXON
2023Q4,10/2/2023,AXP
2023Q4,10/2/2023,AZO
2023Q4,10/2/2023,BA
2023Q4,10/2/2023,BAC
2023Q4,10/2/2023,BALL
2023Q4,10/2/2023,BAX
2023Q4,10/2/2023,BBWI
2023Q4,10/2/2023,BBY
2023Q4,10/2/2023,BDX
2023Q4,10/2/2023,BEN
2023Q4,10/2/2023,BF.B
2023Q4,10/2/2023,BG
2023Q4,10/2/2023,BIIB
2023Q4,10/2/2023,BIO
2023Q4,10/2/2023,BK
2023Q4,10/2/2023,BKNG
2023Q4,10/2/2023,BKR
2023Q4,10/2/2023,BLK
2023Q4,10/2/2023,BMY
2023Q4,10/2/2023,BR
2023Q4,10/2/2023,BRK.B
2023Q4,10/2/2023,BRO
2023Q4,10/2/2023,BSX
2023Q4,10/2/2023,BWA
2023Q4,10/2/2023,BX
2023Q4,10/2/2023,BXP
2023Q4,10/2/2023,C
2023Q4,10/2/2023,CAG
2023Q4,10/2/2023,CAH
2023Q4,10/2/2023,CARR
2023Q4,10/2/2023,CAT
2023Q4,10/2/2023,CB
2023Q4,10/2/2023,CBOE
2023Q4,10/2/2023,CBRE
2023Q4,10/2/2023,CCI
2023Q4,10/2/2023,CCL
2023Q4,10/2/2023,CDAY
2023Q4,10/2/2023,CDNS
2023Q4,10/2/2023,CDW
2023Q4,10/2/2023,CE
2023Q4,10/2/2023,CEG
2023Q4,10/2/2023,CF
2023Q4,10/2/2023,CFG
2023Q4,10/2/2023,CHD
2023Q4,10/2/2023,CHRW
2023Q4,10/2/2023,CHTR
2023Q4,10/2/2023,CI
2023Q4,10/2/2023,CINF
2023Q4,10/2/2023,CL
2023Q4,10/2/2023,CLX
2023Q4,10/2/2023,CMA
2023Q4,10/2/2023,CMCSA
2023Q4,10/2/2023,CME
2023Q4,10/2/2023,CMG
2023Q4,10/2/2023,CMI
2023Q4,10/2/2023,CMS
2023Q4,10/2/2023,CNC
2023Q4,10/2/2023,CNP
2023Q4,10/2/2023,COF
2023Q4,10/2/2023,COO
2023Q4,10/2/2023,COP
2023Q4,10/2/2023,COR
2023Q4,10/2/2023,COST
2023Q4,10/2/2023,CPB
2023Q4,10/2/2023,CPRT
2023Q4,10/2/2023,CPT
2023Q4,10/2/2023,CRL
2023Q4,10/2/2023,CRM
2023Q4,10/2/2023,CSCO
2023Q4,10/2/2023,CSGP
2023Q4,10/2/2023,CSX
2023Q4,10/2/2023,CTAS
2023Q4,10/2/2023,CTLT
2023Q4,10/2/2023,CTRA
2023Q4,10/2/2023,CTSH
2023Q4,10/2/2023,CTVA
2023Q4,10/2/2023,CVS
2023Q4,10/2/2023,CVX
2023Q4,10/2/2023,CZR
2023Q4,10/2/2023,D
2023Q4,10/2/2023,DAL
2023Q4,10/2/2023,DD
2023Q4,10/2/2023,DE
2023Q4,10/2/2023,DFS
2023Q4,10/2/2023,DG
2023Q4,10/2/2023,DGX
2023Q4,10/2/2023,DHI
2023Q4,10/2/2023,DHR
2023Q4,10/2/2023,DIS
2023Q4,10/2/2023,DLR
2023Q4,10/2/2023,DLTR
2023Q4,10/2/2023,DOV
2023Q4,10/2/2023,DOW
2023Q4,10/2/2023,DPZ
2023Q4,10/2/2023,DRI
2023Q4,10/2/2023,DTE
2023Q4,10/2/2023,DUK
2023Q4,10/2/2023,DVA
2023Q4,10/2/2023,DVN
2023Q4,10/2/2023,DXCM
2023Q4,10/2/2023,EA
2023Q4,10/2/2023,EBAY
2023Q4,10/2/2023,ECL
2023Q4,10/2/2023,ED
2023Q4,10/2/2023,EFX
2023Q4,10/2/2023,EG
2023Q4,10/2/2023,EIX
2023Q4,10/2/2023,EL
2023Q4,10/2/2023,ELV
2023Q4,10/2/2023,EMN
2023Q4,10/2/2023,EMR
2023Q4,10/2/2023,ENPH
2023Q4,10/2/2023,EOG
2023Q4,10/2/2023,EPAM
2023Q4,10/2/2023,EQIX
2023Q4,10/2/2023,EQR
2023Q4,10/2/2023,EQT
2023Q4,10/2/2023,ES
2023Q4,10/2/2023,ESS
2023Q4,10/2/2023,ETN
2023Q4,10/2/2023,ETR
2023Q4,10/2/2023,ETSY
2023Q4,10/2/2023,EVRG
2023Q4,10/2/2023,EW
2023Q4,10/2/2023,EXC
2023Q4,10/2/2023,EXPD
2023Q4,10/2/2023,EXPE
2023Q4,10/2/2023,EXR
2023Q4,10/2/2023,F
2023Q4,10/2/2023,FANG
2023Q4,10/2/2023,FAST
2023Q4,10/2/2023,FCX
2023Q4,10/2/2023,FDS
2023Q4,10/2/2023,FDX
2023Q4,10/2/2023,FE
2023Q4,10/2/2023,FFIV
2023Q4,10/2/2023,FI
2023Q4,10/2/2023,FICO
2023Q4,10/2/2023,FIS
2023Q4,10/2/2023,FITB
2023Q4,10/2/2023,FLT
2023Q4,10/2/2023,FMC
2023Q4,10/2/2023,FOX
2023Q4,10/2/2023,FOXA
2023Q4,10/2/2023,FRT
2023Q4,10/2/2023,FSLR
2023Q4,10/2/2023,FTNT
2023Q4,10/2/2023,FTV
2023Q4,10/2/2023,GD
2023Q4,10/2/2023,GE
2023Q4,10/2/2023,GEHC
2023Q4,10/2/2023,GEN
2023Q4,10/2/2023,GILD
2023Q4,10/2/2023,GIS
2023Q4,10/2/2023,GL
2023Q4,10/2/2023,GLW
2023Q4,10/2/2023,GM
2023Q4,10/2/2023,GNRC
2023Q4,10/2/2023,GOOG
2023Q4,10/2/2023,GOOGL
2023Q4,10/2/2023,GPC
2023Q4,10/2/2023,GPN
2023Q4,10/2/2023,GRMN
2023Q4,10/2/2023,GS
2023Q4,10/2/2023,GWW
2023Q4,10/2/2023,HAL
2023Q4,10/2/2023,HAS
2023Q4,10/2/2023,HBAN
2023Q4,10/2/2023,HCA
2023Q4,10/2/2023,HD
2023Q4,10/2/2023,HES
2023Q4,10/2/2023,HIG
2023Q4,10/2/2023,HII
2023Q4,10/2/2023,HLT
2023Q4,10/2/2023,HOLX
2023Q4,10/2/2023,HON
2023Q4,10/2/2023,HPE
2023Q4,10/2/2023,HPQ
2023Q4,10/2/2023,HRL
2023Q4,10/2/2023,HSIC
2023Q4,10/2/2023,HST
2023Q4,10/2/2023,HSY
2023Q4,10/2/2023,HUM
2023Q4,10/2/2023,HWM
2023Q4,10/2/2023,IBM
2023Q4,10/2/2023,ICE
2023Q4,10/2/2023,IDXX
2023Q4,10/2/2023,IEX
2023Q4,10/2/2023,IFF
2023Q4,10/2/2023,ILMN
2023Q4,10/2/2023,INCY
2023Q4,10/2/2023,INTC
2023Q4,10/2/2023,INTU
2023Q4,10/2/2023,INVH
2023Q4,10/2/2023,IP
2023Q4,10/2/2023,IPG
2023Q4,10/2/2023,IQV
2023Q4,10/2/2023,IR
2023Q4,10/2/2023,IRM
2023Q4,10/2/2023,ISRG
2023Q4,10/2/2023,IT
2023Q4,10/2/2023,ITW
2023Q4,10/2/2023,IVZ
2023Q4,10/2/2023,J
2023Q4,10/2/2023,JBHT
2023Q4,10/2/2023,JCI
2023Q4,10/2/2023,JKHY
2023Q4,10/2/2023,JNJ
2023Q4,10/2/2023,JNPR
2023Q4,10/2/2023,JPM
2023Q4,10/2/2023,K
2023Q4,10/2/2023,KDP
2023Q4,10/2/2023,KEY
2023Q4,10/2/2023,KEYS
2023Q4,10/2/2023,KHC
2023Q4,10/2/2023,KIM
2023Q4,10/2/2023,KLAC
2023Q4,10/2/2023,KMB
2023Q4,10/2/2023,KMI
2023Q4,10/2/2023,KMX
2023Q4,10/2/2023,KO
2023Q4,10/2/2023,KR
2023Q4,10/2/2023,KVUE
2023Q4,10/2/2023,L
2023Q4,10/2/2023,LDOS
2023Q4,10/2/2023,LEN
2023Q4,10/2/2023,LH
2023Q4,10/2/2023,LHX
2023Q4,10/2/2023,LIN
2023Q4,10/2/2023,LKQ
2023Q4,10/2/2023,LLY
2023Q4,10/2/2023,LMT
2023Q4,10/2/2023,LNT
2023Q4,10/2/2023,LOW
2023Q4,10/2/2023,LRCX
2023Q4,10/2/2023,LUV
2023Q4,10/2/2023,LVS
2023Q4,10/2/2023,LW
2023Q4,10/2/2023,LYB
2023Q4,10/2/2023,LYV
2023Q4,10/2/2023,MA
2023Q4,10/2/2023,MAA
2023Q4,10/2/2023,MAR
2023Q4,10/2/2023,MAS
2023Q4,10/2/2023,MCD
2023Q4,10/2/2023,MCHP
2023Q4,10/2/2023,MCK
2023Q4,10/2/2023,MCO
2023Q4,10/2/2023,MDLZ
2023Q4,10/2/2023,MDT
2023Q4,10/2/2023,MET
2023Q4,10/2/2023,META
2023Q4,10/2/2023,MGM
2023Q4,10/2/2023,MHK
2023Q4,10/2/2023,MKC
2023Q4,10/2/2023,MKTX
2023Q4,10/2/2023,MLM
2023Q4,10/2/2023,MMC
2023Q4,10/2/2023,MMM
2023Q4,10/2/2023,MNST
2023Q4,10/2/2023,MO
2023Q4,10/2/2023,MOH
2023Q4,10/2/2023,MOS
2023Q4,10/2/2023,MPC
2023Q4,10/2/2023,MPWR
2023Q4,10/2/2023,MRK
2023Q4,10/2/2023,MRNA
2023Q4,10/2/2023,MRO
2023Q4,10/2/2023,MS
2023Q4,10/2/2023,MSCI
2023Q4,10/2/2023,MSFT
2023Q4,10/2/2023,MSI
2023Q4,10/2/2023,MTB
2023Q4,10/2/2023,MTCH
2023Q4,10/2/2023,MTD
2023Q4,10/2/2023,MU
2023Q4,10/2/2023,NCLH
2023Q4,10/2/2023,NDAQ
2023Q4,10/2/2023,NDSN
2023Q4,10/2/2023,NEE
2023Q4,10/2/2023,NEM
2023Q4,10/2/2023,NFLX
2023Q4,10/2/2023,NI
2023Q4,10/2/2023,NKE
2023Q4,10/2/2023,NOC
2023Q4,10/2/2023,NOW
2023Q4,10/2/2023,NRG
2023Q4,10/2/2023,NSC
2023Q4,10/2/2023,NTAP
2023Q4,10/2/2023,NTRS
2023Q4,10/2/2023,NUE
2023Q4,10/2/2023,NVDA
2023Q4,10/2/2023,NVR
2023Q4,10/2/2023,NWS
2023Q4,10/2/2023,NWSA
2023Q4,10/2/2023,NXPI
2023Q4,10/2/2023,O
2023Q4,10/2/2023,ODFL
2023Q4,10/2/2023,OGN
2023Q4,10/2/2023,OKE
2023Q4,10/2/2023,OMC
2023Q4,10/2/2023,ON
2023Q4,10/2/2023,ORCL
2023Q4,10/2/2023,ORLY
2023Q4,10/2/2023,OTIS
2023Q4,10/2/2023,OXY
2023Q4,10/2/2023,PANW
2023Q4,10/2/2023,PARA
2023Q4,10/2/2023,PAYC
2023Q4,10/2/2023,PAYX
2023Q4,10/2/2023,PCAR
2023Q4,10/2/2023,PCG
2023Q4,10/2/2023,PEAK
2023Q4,10/2/2023,PEG
2023Q4,10/2/2023,PEP
2023Q4,10/2/2023,PFE
2023Q4,10/2/2023,PFG
2023Q4,10/2/2023,PG
2023Q4,10/2/2023,PGR
2023Q4,10/2/2023,PH
2023Q4,10/2/2023,PHM
2023Q4,10/2/2023,PKG
2023Q4,10/2/2023,PLD
2023Q4,10/2/2023,PM
2023Q4,10/2/2023,PNC
2023Q4,10/2/2023,PNR
2023Q4,10/2/2023,PNW
2023Q4,10/2/2023,PODD
2023Q4,10/2/2023,POOL
2023Q4,10/2/2023,PPG
2023Q4,10/2/2023,PPL
2023Q4,10/2/2023,PRU
2023Q4,10/2/2023,PSA
2023Q4,10/2/2023,PSX
2023Q4,10/2/2023,PTC
2023Q4,10/2/2023,PWR
2023Q4,10/2/2023,PXD
2023Q4,10/2/2023,PYPL
2023Q4,10/2/2023,QCOM
2023Q4,10/2/2023,QRVO
2023Q4,10/2/2023,RCL
2023Q4,10/2/2023,REG
2023Q4,10/2/2023,REGN
2023Q4,10/2/2023,RF
2023Q4,10/2/2023,RHI
2023Q4,10/2/2023,RJF
2023Q4,10/2/2023,RL
2023Q4,10/2/2023,RMD
2023Q4,10/2/2023,ROK
2023Q4,10/2/2023,ROL
2023Q4,10/2/2023,ROP
2023Q4,10/2/2023,ROST
2023Q4,10/2/2023,RSG
2023Q4,10/2/2023,RTX
2023Q4,10/2/2023,RVTY
2023Q4,10/2/2023,SBAC
2023Q4,10/2/2023,SBUX
2023Q4,10/2/2023,SCHW
2023Q4,10/2/2023,SEDG
2023Q4,10/2/2023,SEE
2023Q4,10/2/2023,SHW
2023Q4,10/2/2023,SJM
2023Q4,10/2/2023,SLB
2023Q4,10/2/2023,SNA
2023Q4,10/2/2023,SNPS
2023Q4,10/2/2023,SO
2023Q4,10/2/2023,SPG
2023Q4,10/2/2023,SPGI
2023Q4,10/2/2023,SRE
2023Q4,10/2/2023,STE
2023Q4,10/2/2023,STLD
2023Q4,10/2/2023,STT
2023Q4,10/2/2023,STX
2023Q4,10/2/2023,STZ
2023Q4,10/2/2023,SWK
2023Q4,10/2/2023,SWKS
2023Q4,10/2/2023,SYF
2023Q4,10/2/2023,SYK
2023Q4,10/2/2023,SYY
2023Q4,10/2/2023,T
2023Q4,10/2/2023,TAP
2023Q4,10/2/2023,TDG
2023Q4,10/2/2023,TDY
2023Q4,10/2/2023,TECH
2023Q4,10/2/2023,TEL
2023Q4,10/2/2023,TER
2023Q4,10/2/2023,TFC
2023Q4,10/2/2023,TFX
2023Q4,10/2/2023,TGT
2023Q4,10/2/2023,TJX
2023Q4,10/2/2023,TMO
2023Q4,10/2/2023,TMUS
2023Q4,10/2/2023,TPR
2023Q4,10/2/2023,TRGP
2023Q4,10/2/2023,TRMB
2023Q4,10/2/2023,TROW
2023Q4,10/2/2023,TRV
2023Q4,10/2/2023,TSCO
2023Q4,10/2/2023,TSLA
2023Q4,10/2/2023,TSN
2023Q4,10/2/2023,TT
2023Q4,10/2/2023,TTWO
2023Q4,10/2/2023,TXN
2023Q4,10/2/2023,TXT
2023Q4,10/2/2023,TYL
2023Q4,10/2/2023,UAL
2023Q4,10/2/2023,UDR
2023Q4,10/2/2023,UHS
2023Q4,10/2/2023,ULTA
2023Q4,10/2/2023,UNH
2023Q4,10/2/2023,UNP
2023Q4,10/2/2023,UPS
2023Q4,10/2/2023,URI
2023Q4,10/2/2023,USB
2023Q4,10/2/2023,V
2023Q4,10/2/2023,VFC
2023Q4,10/2/2023,VICI
2023Q4,10/2/2023,VLO
2023Q4,10/2/2023,VLTO
2023Q4,10/2/2023,VMC
2023Q4,10/2/2023,VRSK
2023Q4,10/2/2023,VRSN
2023Q4,10/2/2023,VRTX
2023Q4,10/2/2023,VTR
2023Q4,10/2/2023,VTRS
2023Q4,10/2/2023,VZ
2023Q4,10/2/2023,WAB
2023Q4,10/2/2023,WAT
2023Q4,10/2/2023,WBA
2023Q4,10/2/2023,WBD
2023Q4,10/2/2023,WDC
2023Q4,10/2/2023,WEC
2023Q4,10/2/2023,WELL
2023Q4,10/2/2023,WFC
2023Q4,10/2/2023,WHR
2023Q4,10/2/2023,WM
2023Q4,10/2/2023,WMB
2023Q4,10/2/2023,WMT
2023Q4,10/2/2023,WRB
2023Q4,10/2/2023,WRK
2023Q4,10/2/2023,WST
2023Q4,10/2/2023,WTW
2023Q4,10/2/2023,WY
2023Q4,10/2/2023,WYNN
2023Q4,10/2/2023,XEL
2023Q4,10/2/2023,XOM
2023Q4,10/2/2023,XRAY
2023Q4,10/2/2023,XYL
2023Q4,10/2/2023,YUM
2023Q4,10/2/2023,ZBH
2023Q4,10/2/2023,ZBRA
2023Q4,10/2/2023,ZION
2023Q4,10/2/2023,ZTS
2024Q1,2/1/2024,A
2024Q1,2/1/2024,AAL
2024Q1,2/1/2024,AAPL
2024Q1,2/1/2024,ABBV
2024Q1,2/1/2024,ABNB
2024Q1,2/1/2024,ABT
2024Q1,2/1/2024,ACGL
2024Q1,2/1/2024,ACN
2024Q1,2/1/2024,ADBE
2024Q1,2/1/2024,ADI
2024Q1,2/1/2024,ADM
2024Q1,2/1/2024,ADP
2024Q1,2/1/2024,ADSK
2024Q1,2/1/2024,AEE
2024Q1,2/1/2024,AEP
2024Q1,2/1/2024,AES
2024Q1,2/1/2024,AFL
2024Q1,2/1/2024,AIG
2024Q1,2/1/2024,AIZ
2024Q1,2/1/2024,AJG
2024Q1,2/1/2024,AKAM
2024Q1,2/1/2024,ALB
2024Q1,2/1/2024,ALGN
2024Q1,2/1/2024,ALL
2024Q1,2/1/2024,ALLE
2024Q1,2/1/2024,AMAT
2024Q1,2/1/2024,AMCR
2024Q1,2/1/2024,AMD
2024Q1,2/1/2024,AME
2024Q1,2/1/2024,AMGN
2024Q1,2/1/2024,AMP
2024Q1,2/1/2024,AMT
2024Q1,2/1/2024,AMZN
2024Q1,2/1/2024,ANET
2024Q1,2/1/2024,ANSS
2024Q1,2/1/2024,AON
2024Q1,2/1/2024,AOS
2024Q1,2/1/2024,APA
2024Q1,2/1/2024,APD
2024Q1,2/1/2024,APH
2024Q1,2/1/2024,APTV
2024Q1,2/1/2024,ARE
2024Q1,2/1/2024,ATO
2024Q1,2/1/2024,AVB
2024Q1,2/1/2024,AVGO
2024Q1,2/1/2024,AVY
2024Q1,2/1/2024,AWK
2024Q1,2/1/2024,AXON
2024Q1,2/1/2024,AXP
2024Q1,2/1/2024,AZO
2024Q1,2/1/2024,BA
2024Q1,2/1/2024,BAC
2024Q1,2/1/2024,BALL
2024Q1,2/1/2024,BAX
2024Q1,2/1/2024,BBWI
2024Q1,2/1/2024,BBY
2024Q1,2/1/2024,BDX
2024Q1,2/1/2024,BEN
2024Q1,2/1/2024,BF.B
2024Q1,2/1/2024,BG
2024Q1,2/1/2024,BIIB
2024Q1,2/1/2024,BIO
2024Q1,2/1/2024,BK
2024Q1,2/1/2024,BKNG
2024Q1,2/1/2024,BKR
2024Q1,2/1/2024,BLDR
2024Q1,2/1/2024,BLK
2024Q1,2/1/2024,BMY
2024Q1,2/1/2024,BR
2024Q1,2/1/2024,BRK.B
2024Q1,2/1/2024,BRO
2024Q1,2/1/2024,BSX
2024Q1,2/1/2024,BWA
2024Q1,2/1/2024,BX
2024Q1,2/1/2024,BXP
2024Q1,2/1/2024,C
2024Q1,2/1/2024,CAG
2024Q1,2/1/2024,CAH
2024Q1,2/1/2024,CARR
2024Q1,2/1/2024,CAT
2024Q1,2/1/2024,CB
2024Q1,2/1/2024,CBOE
2024Q1,2/1/2024,CBRE
2024Q1,2/1/2024,CCI
2024Q1,2/1/2024,CCL
2024Q1,2/1/2024,CDNS
2024Q1,2/1/2024,CDW
2024Q1,2/1/2024,CE
2024Q1,2/1/2024,CEG
2024Q1,2/1/2024,CF
2024Q1,2/1/2024,CFG
2024Q1,2/1/2024,CHD
2024Q1,2/1/2024,CHRW
2024Q1,2/1/2024,CHTR
2024Q1,2/1/2024,CI
2024Q1,2/1/2024,CINF
2024Q1,2/1/2024,CL
2024Q1,2/1/2024,CLX
2024Q1,2/1/2024,CMA
2024Q1,2/1/2024,CMCSA
2024Q1,2/1/2024,CME
2024Q1,2/1/2024,CMG
2024Q1,2/1/2024,CMI
2024Q1,2/1/2024,CMS
2024Q1,2/1/2024,CNC
2024Q1,2/1/2024,CNP
2024Q1,2/1/2024,COF
2024Q1,2/1/2024,COO
2024Q1,2/1/2024,COP
2024Q1,2/1/2024,COR
2024Q1,2/1/2024,COST
2024Q1,2/1/2024,CPB
2024Q1,2/1/2024,CPRT
2024Q1,2/1/2024,CPT
2024Q1,2/1/2024,CRL
2024Q1,2/1/2024,CRM
2024Q1,2/1/2024,CSCO
2024Q1,2/1/2024,CSGP
2024Q1,2/1/2024,CSX
2024Q1,2/1/2024,CTAS
2024Q1,2/1/2024,CTLT
2024Q1,2/1/2024,CTRA
2024Q1,2/1/2024,CTSH
2024Q1,2/1/2024,CTVA
2024Q1,2/1/2024,CVS
2024Q1,2/1/2024,CVX
2024Q1,2/1/2024,CZR
2024Q1,2/1/2024,D
2024Q1,2/1/2024,DAL
2024Q1,2/1/2024,DAY
2024Q1,2/1/2024,DD
2024Q1,2/1/2024,DE
2024Q1,2/1/2024,DFS
2024Q1,2/1/2024,DG
2024Q1,2/1/2024,DGX
2024Q1,2/1/2024,DHI
2024Q1,2/1/2024,DHR
2024Q1,2/1/2024,DIS
2024Q1,2/1/2024,DLR
2024Q1,2/1/2024,DLTR
2024Q1,2/1/2024,DOV
2024Q1,2/1/2024,DOW
2024Q1,2/1/2024,DPZ
2024Q1,2/1/2024,DRI
2024Q1,2/1/2024,DTE
2024Q1,2/1/2024,DUK
2024Q1,2/1/2024,DVA
2024Q1,2/1/2024,DVN
2024Q1,2/1/2024,DXCM
2024Q1,2/1/2024,EA
2024Q1,2/1/2024,EBAY
2024Q1,2/1/2024,ECL
2024Q1,2/1/2024,ED
2024Q1,2/1/2024,EFX
2024Q1,2/1/2024,EG
2024Q1,2/1/2024,EIX
2024Q1,2/1/2024,EL
2024Q1,2/1/2024,ELV
2024Q1,2/1/2024,EMN
2024Q1,2/1/2024,EMR
2024Q1,2/1/2024,ENPH
2024Q1,2/1/2024,EOG
2024Q1,2/1/2024,EPAM
2024Q1,2/1/2024,EQIX
2024Q1,2/1/2024,EQR
2024Q1,2/1/2024,EQT
2024Q1,2/1/2024,ES
2024Q1,2/1/2024,ESS
2024Q1,2/1/2024,ETN
2024Q1,2/1/2024,ETR
2024Q1,2/1/2024,ETSY
2024Q1,2/1/2024,EVRG
2024Q1,2/1/2024,EW
2024Q1,2/1/2024,EXC
2024Q1,2/1/2024,EXPD
2024Q1,2/1/2024,EXPE
2024Q1,2/1/2024,EXR
2024Q1,2/1/2024,F
2024Q1,2/1/2024,FANG
2024Q1,2/1/2024,FAST
2024Q1,2/1/2024,FCX
2024Q1,2/1/2024,FDS
2024Q1,2/1/2024,FDX
2024Q1,2/1/2024,FE
2024Q1,2/1/2024,FFIV
2024Q1,2/1/2024,FI
2024Q1,2/1/2024,FICO
2024Q1,2/1/2024,FIS
2024Q1,2/1/2024,FITB
2024Q1,2/1/2024,FLT
2024Q1,2/1/2024,FMC
2024Q1,2/1/2024,FOX
2024Q1,2/1/2024,FOXA
2024Q1,2/1/2024,FRT
2024Q1,2/1/2024,FSLR
2024Q1,2/1/2024,FTNT
2024Q1,2/1/2024,FTV
2024Q1,2/1/2024,GD
2024Q1,2/1/2024,GE
2024Q1,2/1/2024,GEHC
2024Q1,2/1/2024,GEN
2024Q1,2/1/2024,GILD
2024Q1,2/1/2024,GIS
2024Q1,2/1/2024,GL
2024Q1,2/1/2024,GLW
2024Q1,2/1/2024,GM
2024Q1,2/1/2024,GNRC
2024Q1,2/1/2024,GOOG
2024Q1,2/1/2024,GOOGL
2024Q1,2/1/2024,GPC
2024Q1,2/1/2024,GPN
2024Q1,2/1/2024,GRMN
2024Q1,2/1/2024,GS
2024Q1,2/1/2024,GWW
2024Q1,2/1/2024,HAL
2024Q1,2/1/2024,HAS
2024Q1,2/1/2024,HBAN
2024Q1,2/1/2024,HCA
2024Q1,2/1/2024,HD
2024Q1,2/1/2024,HES
2024Q1,2/1/2024,HIG
2024Q1,2/1/2024,HII
2024Q1,2/1/2024,HLT
2024Q1,2/1/2024,HOLX
2024Q1,2/1/2024,HON
2024Q1,2/1/2024,HPE
2024Q1,2/1/2024,HPQ
2024Q1,2/1/2024,HRL
2024Q1,2/1/2024,HSIC
2024Q1,2/1/2024,HST
2024Q1,2/1/2024,HSY
2024Q1,2/1/2024,HUBB
2024Q1,2/1/2024,HUM
2024Q1,2/1/2024,HWM
2024Q1,2/1/2024,IBM
2024Q1,2/1/2024,ICE
2024Q1,2/1/2024,IDXX
2024Q1,2/1/2024,IEX
2024Q1,2/1/2024,IFF
2024Q1,2/1/2024,ILMN
2024Q1,2/1/2024,INCY
2024Q1,2/1/2024,INTC
2024Q1,2/1/2024,INTU
2024Q1,2/1/2024,INVH
2024Q1,2/1/2024,IP
2024Q1,2/1/2024,IPG
2024Q1,2/1/2024,IQV
2024Q1,2/1/2024,IR
2024Q1,2/1/2024,IRM
2024Q1,2/1/2024,ISRG
2024Q1,2/1/2024,IT
2024Q1,2/1/2024,ITW
2024Q1,2/1/2024,IVZ
2024Q1,2/1/2024,J
2024Q1,2/1/2024,JBHT
2024Q1,2/1/2024,JBL
2024Q1,2/1/2024,JCI
2024Q1,2/1/2024,JKHY
2024Q1,2/1/2024,JNJ
2024Q1,2/1/2024,JNPR
2024Q1,2/1/2024,JPM
2024Q1,2/1/2024,K
2024Q1,2/1/2024,KDP
2024Q1,2/1/2024,KEY
2024Q1,2/1/2024,KEYS
2024Q1,2/1/2024,KHC
2024Q1,2/1/2024,KIM
2024Q1,2/1/2024,KLAC
2024Q1,2/1/2024,KMB
2024Q1,2/1/2024,KMI
2024Q1,2/1/2024,KMX
2024Q1,2/1/2024,KO
2024Q1,2/1/2024,KR
2024Q1,2/1/2024,KVUE
2024Q1,2/1/2024,L
2024Q1,2/1/2024,LDOS
2024Q1,2/1/2024,LEN
2024Q1,2/1/2024,LH
2024Q1,2/1/2024,LHX
2024Q1,2/1/2024,LIN
2024Q1,2/1/2024,LKQ
2024Q1,2/1/2024,LLY
2024Q1,2/1/2024,LMT
2024Q1,2/1/2024,LNT
2024Q1,2/1/2024,LOW
2024Q1,2/1/2024,LRCX
2024Q1,2/1/2024,LULU
2024Q1,2/1/2024,LUV
2024Q1,2/1/2024,LVS
2024Q1,2/1/2024,LW
2024Q1,2/1/2024,LYB
2024Q1,2/1/2024,LYV
2024Q1,2/1/2024,MA
2024Q1,2/1/2024,MAA
2024Q1,2/1/2024,MAR
2024Q1,2/1/2024,MAS
2024Q1,2/1/2024,MCD
2024Q1,2/1/2024,MCHP
2024Q1,2/1/2024,MCK
2024Q1,2/1/2024,MCO
2024Q1,2/1/2024,MDLZ
2024Q1,2/1/2024,MDT
2024Q1,2/1/2024,MET
2024Q1,2/1/2024,META
2024Q1,2/1/2024,MGM
2024Q1,2/1/2024,MHK
2024Q1,2/1/2024,MKC
2024Q1,2/1/2024,MKTX
2024Q1,2/1/2024,MLM
2024Q1,2/1/2024,MMC
2024Q1,2/1/2024,MMM
2024Q1,2/1/2024,MNST
2024Q1,2/1/2024,MO
2024Q1,2/1/2024,MOH
2024Q1,2/1/2024,MOS
2024Q1,2/1/2024,MPC
2024Q1,2/1/2024,MPWR
2024Q1,2/1/2024,MRK
2024Q1,2/1/2024,MRNA
2024Q1,2/1/2024,MRO
2024Q1,2/1/2024,MS
2024Q1,2/1/2024,MSCI
2024Q1,2/1/2024,MSFT
2024Q1,2/1/2024,MSI
2024Q1,2/1/2024,MTB
2024Q1,2/1/2024,MTCH
2024Q1,2/1/2024,MTD
2024Q1,2/1/2024,MU
2024Q1,2/1/2024,NCLH
2024Q1,2/1/2024,NDAQ
2024Q1,2/1/2024,NDSN
2024Q1,2/1/2024,NEE
2024Q1,2/1/2024,NEM
2024Q1,2/1/2024,NFLX
2024Q1,2/1/2024,NI
2024Q1,2/1/2024,NKE
2024Q1,2/1/2024,NOC
2024Q1,2/1/2024,NOW
2024Q1,2/1/2024,NRG
2024Q1,2/1/2024,NSC
2024Q1,2/1/2024,NTAP
2024Q1,2/1/2024,NTRS
2024Q1,2/1/2024,NUE
2024Q1,2/1/2024,NVDA
2024Q1,2/1/2024,NVR
2024Q1,2/1/2024,NWS
2024Q1,2/1/2024,NWSA
2024Q1,2/1/2024,NXPI
2024Q1,2/1/2024,O
2024Q1,2/1/2024,ODFL
2024Q1,2/1/2024,OKE
2024Q1,2/1/2024,OMC
2024Q1,2/1/2024,ON
2024Q1,2/1/2024,ORCL
2024Q1,2/1/2024,ORLY
2024Q1,2/1/2024,OTIS
2024Q1,2/1/2024,OXY
2024Q1,2/1/2024,PANW
2024Q1,2/1/2024,PARA
2024Q1,2/1/2024,PAYC
2024Q1,2/1/2024,PAYX
2024Q1,2/1/2024,PCAR
2024Q1,2/1/2024,PCG
2024Q1,2/1/2024,PEAK
2024Q1,2/1/2024,PEG
2024Q1,2/1/2024,PEP
2024Q1,2/1/2024,PFE
2024Q1,2/1/2024,PFG
2024Q1,2/1/2024,PG
2024Q1,2/1/2024,PGR
2024Q1,2/1/2024,PH
2024Q1,2/1/2024,PHM
2024Q1,2/1/2024,PKG
2024Q1,2/1/2024,PLD
2024Q1,2/1/2024,PM
2024Q1,2/1/2024,PNC
2024Q1,2/1/2024,PNR
2024Q1,2/1/2024,PNW
2024Q1,2/1/2024,PODD
2024Q1,2/1/2024,POOL
2024Q1,2/1/2024,PPG
2024Q1,2/1/2024,PPL
2024Q1,2/1/2024,PRU
2024Q1,2/1/2024,PSA
2024Q1,2/1/2024,PSX
2024Q1,2/1/2024,PTC
2024Q1,2/1/2024,PWR
2024Q1,2/1/2024,PXD
2024Q1,2/1/2024,PYPL
2024Q1,2/1/2024,QCOM
2024Q1,2/1/2024,QRVO
2024Q1,2/1/2024,RCL
2024Q1,2/1/2024,REG
2024Q1,2/1/2024,REGN
2024Q1,2/1/2024,RF
2024Q1,2/1/2024,RHI
2024Q1,2/1/2024,RJF
2024Q1,2/1/2024,RL
2024Q1,2/1/2024,RMD
2024Q1,2/1/2024,ROK
2024Q1,2/1/2024,ROL
2024Q1,2/1/2024,ROP
2024Q1,2/1/2024,ROST
2024Q1,2/1/2024,RSG
2024Q1,2/1/2024,RTX
2024Q1,2/1/2024,RVTY
2024Q1,2/1/2024,SBAC
2024Q1,2/1/2024,SBUX
2024Q1,2/1/2024,SCHW
2024Q1,2/1/2024,SHW
2024Q1,2/1/2024,SJM
2024Q1,2/1/2024,SLB
2024Q1,2/1/2024,SNA
2024Q1,2/1/2024,SNPS
2024Q1,2/1/2024,SO
2024Q1,2/1/2024,SPG
2024Q1,2/1/2024,SPGI
2024Q1,2/1/2024,SRE
2024Q1,2/1/2024,STE
2024Q1,2/1/2024,STLD
2024Q1,2/1/2024,STT
2024Q1,2/1/2024,STX
2024Q1,2/1/2024,STZ
2024Q1,2/1/2024,SWK
2024Q1,2/1/2024,SWKS
2024Q1,2/1/2024,SYF
2024Q1,2/1/2024,SYK
2024Q1,2/1/2024,SYY
2024Q1,2/1/2024,T
2024Q1,2/1/2024,TAP
2024Q1,2/1/2024,TDG
2024Q1,2/1/2024,TDY
2024Q1,2/1/2024,TECH
2024Q1,2/1/2024,TEL
2024Q1,2/1/2024,TER
2024Q1,2/1/2024,TFC
2024Q1,2/1/2024,TFX
2024Q1,2/1/2024,TGT
2024Q1,2/1/2024,TJX
2024Q1,2/1/2024,TMO
2024Q1,2/1/2024,TMUS
2024Q1,2/1/2024,TPR
2024Q1,2/1/2024,TRGP
2024Q1,2/1/2024,TRMB
2024Q1,2/1/2024,TROW
2024Q1,2/1/2024,TRV
2024Q1,2/1/2024,TSCO
2024Q1,2/1/2024,TSLA
2024Q1,2/1/2024,TSN
2024Q1,2/1/2024,TT
2024Q1,2/1/2024,TTWO
2024Q1,2/1/2024,TXN
2024Q1,2/1/2024,TXT
2024Q1,2/1/2024,TYL
2024Q1,2/1/2024,UAL
2024Q1,2/1/2024,UBER
2024Q1,2/1/2024,UDR
2024Q1,2/1/2024,UHS
2024Q1,2/1/2024,ULTA
2024Q1,2/1/2024,UNH
2024Q1,2/1/2024,UNP
2024Q1,2/1/2024,UPS
2024Q1,2/1/2024,URI
2024Q1,2/1/2024,USB
2024Q1,2/1/2024,V
2024Q1,2/1/2024,VFC
2024Q1,2/1/2024,VICI
2024Q1,2/1/2024,VLO
2024Q1,2/1/2024,VLTO
2024Q1,2/1/2024,VMC
2024Q1,2/1/2024,VRSK
2024Q1,2/1/2024,VRSN
2024Q1,2/1/2024,VRTX
2024Q1,2/1/2024,VTR
2024Q1,2/1/2024,VTRS
2024Q1,2/1/2024,VZ
2024Q1,2/1/2024,WAB
2024Q1,2/1/2024,WAT
2024Q1,2/1/2024,WBA
2024Q1,2/1/2024,WBD
2024Q1,2/1/2024,WDC
2024Q1,2/1/2024,WEC
2024Q1,2/1/2024,WELL
2024Q1,2/1/2024,WFC
2024Q1,2/1/2024,WHR
2024Q1,2/1/2024,WM
2024Q1,2/1/2024,WMB
2024Q1,2/1/2024,WMT
2024Q1,2/1/2024,WRB
2024Q1,2/1/2024,WRK
2024Q1,2/1/2024,WST
2024Q1,2/1/2024,WTW
2024Q1,2/1/2024,WY
2024Q1,2/1/2024,WYNN
2024Q1,2/1/2024,XEL
2024Q1,2/1/2024,XOM
2024Q1,2/1/2024,XRAY
2024Q1,2/1/2024,XYL
2024Q1,2/1/2024,YUM
2024Q1,2/1/2024,ZBH
2024Q1,2/1/2024,ZBRA
2024Q1,2/1/2024,ZION
2024Q1,2/1/2024,ZTS
2024Q2,4/3/2024,A
2024Q2,4/3/2024,AAL
2024Q2,4/3/2024,AAPL
2024Q2,4/3/2024,ABBV
2024Q2,4/3/2024,ABNB
2024Q2,4/3/2024,ABT
2024Q2,4/3/2024,ACGL
2024Q2,4/3/2024,ACN
2024Q2,4/3/2024,ADBE
2024Q2,4/3/2024,ADI
2024Q2,4/3/2024,ADM
2024Q2,4/3/2024,ADP
2024Q2,4/3/2024,ADSK
2024Q2,4/3/2024,AEE
2024Q2,4/3/2024,AEP
2024Q2,4/3/2024,AES
2024Q2,4/3/2024,AFL
2024Q2,4/3/2024,AIG
2024Q2,4/3/2024,AIZ
2024Q2,4/3/2024,AJG
2024Q2,4/3/2024,AKAM
2024Q2,4/3/2024,ALB
2024Q2,4/3/2024,ALGN
2024Q2,4/3/2024,ALL
2024Q2,4/3/2024,ALLE
2024Q2,4/3/2024,AMAT
2024Q2,4/3/2024,AMCR
2024Q2,4/3/2024,AMD
2024Q2,4/3/2024,AME
2024Q2,4/3/2024,AMGN
2024Q2,4/3/2024,AMP
2024Q2,4/3/2024,AMT
2024Q2,4/3/2024,AMZN
2024Q2,4/3/2024,ANET
2024Q2,4/3/2024,ANSS
2024Q2,4/3/2024,AON
2024Q2,4/3/2024,AOS
2024Q2,4/3/2024,APA
2024Q2,4/3/2024,APD
2024Q2,4/3/2024,APH
2024Q2,4/3/2024,APTV
2024Q2,4/3/2024,ARE
2024Q2,4/3/2024,ATO
2024Q2,4/3/2024,AVB
2024Q2,4/3/2024,AVGO
2024Q2,4/3/2024,AVY
2024Q2,4/3/2024,AWK
2024Q2,4/3/2024,AXON
2024Q2,4/3/2024,AXP
2024Q2,4/3/2024,AZO
2024Q2,4/3/2024,BA
2024Q2,4/3/2024,BAC
2024Q2,4/3/2024,BALL
2024Q2,4/3/2024,BAX
2024Q2,4/3/2024,BBWI
2024Q2,4/3/2024,BBY
2024Q2,4/3/2024,BDX
2024Q2,4/3/2024,BEN
2024Q2,4/3/2024,BF.B
2024Q2,4/3/2024,BG
2024Q2,4/3/2024,BIIB
2024Q2,4/3/2024,BIO
2024Q2,4/3/2024,BK
2024Q2,4/3/2024,BKNG
2024Q2,4/3/2024,BKR
2024Q2,4/3/2024,BLDR
2024Q2,4/3/2024,BLK
2024Q2,4/3/2024,BMY
2024Q2,4/3/2024,BR
2024Q2,4/3/2024,BRK.B
2024Q2,4/3/2024,BRO
2024Q2,4/3/2024,BSX
2024Q2,4/3/2024,BWA
2024Q2,4/3/2024,BX
2024Q2,4/3/2024,BXP
2024Q2,4/3/2024,C
2024Q2,4/3/2024,CAG
2024Q2,4/3/2024,CAH
2024Q2,4/3/2024,CARR
2024Q2,4/3/2024,CAT
2024Q2,4/3/2024,CB
2024Q2,4/3/2024,CBOE
2024Q2,4/3/2024,CBRE
2024Q2,4/3/2024,CCI
2024Q2,4/3/2024,CCL
2024Q2,4/3/2024,CDNS
2024Q2,4/3/2024,CDW
2024Q2,4/3/2024,CE
2024Q2,4/3/2024,CEG
2024Q2,4/3/2024,CF
2024Q2,4/3/2024,CFG
2024Q2,4/3/2024,CHD
2024Q2,4/3/2024,CHRW
2024Q2,4/3/2024,CHTR
2024Q2,4/3/2024,CI
2024Q2,4/3/2024,CINF
2024Q2,4/3/2024,CL
2024Q2,4/3/2024,CLX
2024Q2,4/3/2024,CMA
2024Q2,4/3/2024,CMCSA
2024Q2,4/3/2024,CME
2024Q2,4/3/2024,CMG
2024Q2,4/3/2024,CMI
2024Q2,4/3/2024,CMS
2024Q2,4/3/2024,CNC
2024Q2,4/3/2024,CNP
2024Q2,4/3/2024,COF
2024Q2,4/3/2024,COO
2024Q2,4/3/2024,COP
2024Q2,4/3/2024,COR
2024Q2,4/3/2024,COST
2024Q2,4/3/2024,CPAY
2024Q2,4/3/2024,CPB
2024Q2,4/3/2024,CPRT
2024Q2,4/3/2024,CPT
2024Q2,4/3/2024,CRL
2024Q2,4/3/2024,CRM
2024Q2,4/3/2024,CSCO
2024Q2,4/3/2024,CSGP
2024Q2,4/3/2024,CSX
2024Q2,4/3/2024,CTAS
2024Q2,4/3/2024,CTLT
2024Q2,4/3/2024,CTRA
2024Q2,4/3/2024,CTSH
2024Q2,4/3/2024,CTVA
2024Q2,4/3/2024,CVS
2024Q2,4/3/2024,CVX
2024Q2,4/3/2024,CZR
2024Q2,4/3/2024,D
2024Q2,4/3/2024,DAL
2024Q2,4/3/2024,DAY
2024Q2,4/3/2024,DD
2024Q2,4/3/2024,DE
2024Q2,4/3/2024,DECK
2024Q2,4/3/2024,DFS
2024Q2,4/3/2024,DG
2024Q2,4/3/2024,DGX
2024Q2,4/3/2024,DHI
2024Q2,4/3/2024,DHR
2024Q2,4/3/2024,DIS
2024Q2,4/3/2024,DLR
2024Q2,4/3/2024,DLTR
2024Q2,4/3/2024,DOC
2024Q2,4/3/2024,DOV
2024Q2,4/3/2024,DOW
2024Q2,4/3/2024,DPZ
2024Q2,4/3/2024,DRI
2024Q2,4/3/2024,DTE
2024Q2,4/3/2024,DUK
2024Q2,4/3/2024,DVA
2024Q2,4/3/2024,DVN
2024Q2,4/3/2024,DXCM
2024Q2,4/3/2024,EA
2024Q2,4/3/2024,EBAY
2024Q2,4/3/2024,ECL
2024Q2,4/3/2024,ED
2024Q2,4/3/2024,EFX
2024Q2,4/3/2024,EG
2024Q2,4/3/2024,EIX
2024Q2,4/3/2024,EL
2024Q2,4/3/2024,ELV
2024Q2,4/3/2024,EMN
2024Q2,4/3/2024,EMR
2024Q2,4/3/2024,ENPH
2024Q2,4/3/2024,EOG
2024Q2,4/3/2024,EPAM
2024Q2,4/3/2024,EQIX
2024Q2,4/3/2024,EQR
2024Q2,4/3/2024,EQT
2024Q2,4/3/2024,ES
2024Q2,4/3/2024,ESS
2024Q2,4/3/2024,ETN
2024Q2,4/3/2024,ETR
2024Q2,4/3/2024,ETSY
2024Q2,4/3/2024,EVRG
2024Q2,4/3/2024,EW
2024Q2,4/3/2024,EXC
2024Q2,4/3/2024,EXPD
2024Q2,4/3/2024,EXPE
2024Q2,4/3/2024,EXR
2024Q2,4/3/2024,F
2024Q2,4/3/2024,FANG
2024Q2,4/3/2024,FAST
2024Q2,4/3/2024,FCX
2024Q2,4/3/2024,FDS
2024Q2,4/3/2024,FDX
2024Q2,4/3/2024,FE
2024Q2,4/3/2024,FFIV
2024Q2,4/3/2024,FI
2024Q2,4/3/2024,FICO
2024Q2,4/3/2024,FIS
2024Q2,4/3/2024,FITB
2024Q2,4/3/2024,FMC
2024Q2,4/3/2024,FOX
2024Q2,4/3/2024,FOXA
2024Q2,4/3/2024,FRT
2024Q2,4/3/2024,FSLR
2024Q2,4/3/2024,FTNT
2024Q2,4/3/2024,FTV
2024Q2,4/3/2024,GD
2024Q2,4/3/2024,GE
2024Q2,4/3/2024,GEHC
2024Q2,4/3/2024,GEN
2024Q2,4/3/2024,GEV
2024Q2,4/3/2024,GILD
2024Q2,4/3/2024,GIS
2024Q2,4/3/2024,GL
2024Q2,4/3/2024,GLW
2024Q2,4/3/2024,GM
2024Q2,4/3/2024,GNRC
2024Q2,4/3/2024,GOOG
2024Q2,4/3/2024,GOOGL
2024Q2,4/3/2024,GPC
2024Q2,4/3/2024,GPN
2024Q2,4/3/2024,GRMN
2024Q2,4/3/2024,GS
2024Q2,4/3/2024,GWW
2024Q2,4/3/2024,HAL
2024Q2,4/3/2024,HAS
2024Q2,4/3/2024,HBAN
2024Q2,4/3/2024,HCA
2024Q2,4/3/2024,HD
2024Q2,4/3/2024,HES
2024Q2,4/3/2024,HIG
2024Q2,4/3/2024,HII
2024Q2,4/3/2024,HLT
2024Q2,4/3/2024,HOLX
2024Q2,4/3/2024,HON
2024Q2,4/3/2024,HPE
2024Q2,4/3/2024,HPQ
2024Q2,4/3/2024,HRL
2024Q2,4/3/2024,HSIC
2024Q2,4/3/2024,HST
2024Q2,4/3/2024,HSY
2024Q2,4/3/2024,HUBB
2024Q2,4/3/2024,HUM
2024Q2,4/3/2024,HWM
2024Q2,4/3/2024,IBM
2024Q2,4/3/2024,ICE
2024Q2,4/3/2024,IDXX
2024Q2,4/3/2024,IEX
2024Q2,4/3/2024,IFF
2024Q2,4/3/2024,ILMN
2024Q2,4/3/2024,INCY
2024Q2,4/3/2024,INTC
2024Q2,4/3/2024,INTU
2024Q2,4/3/2024,INVH
2024Q2,4/3/2024,IP
2024Q2,4/3/2024,IPG
2024Q2,4/3/2024,IQV
2024Q2,4/3/2024,IR
2024Q2,4/3/2024,IRM
2024Q2,4/3/2024,ISRG
2024Q2,4/3/2024,IT
2024Q2,4/3/2024,ITW
2024Q2,4/3/2024,IVZ
2024Q2,4/3/2024,J
2024Q2,4/3/2024,JBHT
2024Q2,4/3/2024,JBL
2024Q2,4/3/2024,JCI
2024Q2,4/3/2024,JKHY
2024Q2,4/3/2024,JNJ
2024Q2,4/3/2024,JNPR
2024Q2,4/3/2024,JPM
2024Q2,4/3/2024,K
2024Q2,4/3/2024,KDP
2024Q2,4/3/2024,KEY
2024Q2,4/3/2024,KEYS
2024Q2,4/3/2024,KHC
2024Q2,4/3/2024,KIM
2024Q2,4/3/2024,KLAC
2024Q2,4/3/2024,KMB
2024Q2,4/3/2024,KMI
2024Q2,4/3/2024,KMX
2024Q2,4/3/2024,KO
2024Q2,4/3/2024,KR
2024Q2,4/3/2024,KVUE
2024Q2,4/3/2024,L
2024Q2,4/3/2024,LDOS
2024Q2,4/3/2024,LEN
2024Q2,4/3/2024,LH
2024Q2,4/3/2024,LHX
2024Q2,4/3/2024,LIN
2024Q2,4/3/2024,LKQ
2024Q2,4/3/2024,LLY
2024Q2,4/3/2024,LMT
2024Q2,4/3/2024,LNT
2024Q2,4/3/2024,LOW
2024Q2,4/3/2024,LRCX
2024Q2,4/3/2024,LULU
2024Q2,4/3/2024,LUV
2024Q2,4/3/2024,LVS
2024Q2,4/3/2024,LW
2024Q2,4/3/2024,LYB
2024Q2,4/3/2024,LYV
2024Q2,4/3/2024,MA
2024Q2,4/3/2024,MAA
2024Q2,4/3/2024,MAR
2024Q2,4/3/2024,MAS
2024Q2,4/3/2024,MCD
2024Q2,4/3/2024,MCHP
2024Q2,4/3/2024,MCK
2024Q2,4/3/2024,MCO
2024Q2,4/3/2024,MDLZ
2024Q2,4/3/2024,MDT
2024Q2,4/3/2024,MET
2024Q2,4/3/2024,META
2024Q2,4/3/2024,MGM
2024Q2,4/3/2024,MHK
2024Q2,4/3/2024,MKC
2024Q2,4/3/2024,MKTX
2024Q2,4/3/2024,MLM
2024Q2,4/3/2024,MMC
2024Q2,4/3/2024,MMM
2024Q2,4/3/2024,MNST
2024Q2,4/3/2024,MO
2024Q2,4/3/2024,MOH
2024Q2,4/3/2024,MOS
2024Q2,4/3/2024,MPC
2024Q2,4/3/2024,MPWR
2024Q2,4/3/2024,MRK
2024Q2,4/3/2024,MRNA
2024Q2,4/3/2024,MRO
2024Q2,4/3/2024,MS
2024Q2,4/3/2024,MSCI
2024Q2,4/3/2024,MSFT
2024Q2,4/3/2024,MSI
2024Q2,4/3/2024,MTB
2024Q2,4/3/2024,MTCH
2024Q2,4/3/2024,MTD
2024Q2,4/3/2024,MU
2024Q2,4/3/2024,NCLH
2024Q2,4/3/2024,NDAQ
2024Q2,4/3/2024,NDSN
2024Q2,4/3/2024,NEE
2024Q2,4/3/2024,NEM
2024Q2,4/3/2024,NFLX
2024Q2,4/3/2024,NI
2024Q2,4/3/2024,NKE
2024Q2,4/3/2024,NOC
2024Q2,4/3/2024,NOW
2024Q2,4/3/2024,NRG
2024Q2,4/3/2024,NSC
2024Q2,4/3/2024,NTAP
2024Q2,4/3/2024,NTRS
2024Q2,4/3/2024,NUE
2024Q2,4/3/2024,NVDA
2024Q2,4/3/2024,NVR
2024Q2,4/3/2024,NWS
2024Q2,4/3/2024,NWSA
2024Q2,4/3/2024,NXPI
2024Q2,4/3/2024,O
2024Q2,4/3/2024,ODFL
2024Q2,4/3/2024,OKE
2024Q2,4/3/2024,OMC
2024Q2,4/3/2024,ON
2024Q2,4/3/2024,ORCL
2024Q2,4/3/2024,ORLY
2024Q2,4/3/2024,OTIS
2024Q2,4/3/2024,OXY
2024Q2,4/3/2024,PANW
2024Q2,4/3/2024,PARA
2024Q2,4/3/2024,PAYC
2024Q2,4/3/2024,PAYX
2024Q2,4/3/2024,PCAR
2024Q2,4/3/2024,PCG
2024Q2,4/3/2024,PEG
2024Q2,4/3/2024,PEP
2024Q2,4/3/2024,PFE
2024Q2,4/3/2024,PFG
2024Q2,4/3/2024,PG
2024Q2,4/3/2024,PGR
2024Q2,4/3/2024,PH
2024Q2,4/3/2024,PHM
2024Q2,4/3/2024,PKG
2024Q2,4/3/2024,PLD
2024Q2,4/3/2024,PM
2024Q2,4/3/2024,PNC
2024Q2,4/3/2024,PNR
2024Q2,4/3/2024,PNW
2024Q2,4/3/2024,PODD
2024Q2,4/3/2024,POOL
2024Q2,4/3/2024,PPG
2024Q2,4/3/2024,PPL
2024Q2,4/3/2024,PRU
2024Q2,4/3/2024,PSA
2024Q2,4/3/2024,PSX
2024Q2,4/3/2024,PTC
2024Q2,4/3/2024,PWR
2024Q2,4/3/2024,PXD
2024Q2,4/3/2024,PYPL
2024Q2,4/3/2024,QCOM
2024Q2,4/3/2024,QRVO
2024Q2,4/3/2024,RCL
2024Q2,4/3/2024,REG
2024Q2,4/3/2024,REGN
2024Q2,4/3/2024,RF
2024Q2,4/3/2024,RHI
2024Q2,4/3/2024,RJF
2024Q2,4/3/2024,RL
2024Q2,4/3/2024,RMD
2024Q2,4/3/2024,ROK
2024Q2,4/3/2024,ROL
2024Q2,4/3/2024,ROP
2024Q2,4/3/2024,ROST
2024Q2,4/3/2024,RSG
2024Q2,4/3/2024,RTX
2024Q2,4/3/2024,RVTY
2024Q2,4/3/2024,SBAC
2024Q2,4/3/2024,SBUX
2024Q2,4/3/2024,SCHW
2024Q2,4/3/2024,SHW
2024Q2,4/3/2024,SJM
2024Q2,4/3/2024,SLB
2024Q2,4/3/2024,SMCI
2024Q2,4/3/2024,SNA
2024Q2,4/3/2024,SNPS
2024Q2,4/3/2024,SO
2024Q2,4/3/2024,SOLV
2024Q2,4/3/2024,SPG
2024Q2,4/3/2024,SPGI
2024Q2,4/3/2024,SRE
2024Q2,4/3/2024,STE
2024Q2,4/3/2024,STLD
2024Q2,4/3/2024,STT
2024Q2,4/3/2024,STX
2024Q2,4/3/2024,STZ
2024Q2,4/3/2024,SWK
2024Q2,4/3/2024,SWKS
2024Q2,4/3/2024,SYF
2024Q2,4/3/2024,SYK
2024Q2,4/3/2024,SYY
2024Q2,4/3/2024,T
2024Q2,4/3/2024,TAP
2024Q2,4/3/2024,TDG
2024Q2,4/3/2024,TDY
2024Q2,4/3/2024,TECH
2024Q2,4/3/2024,TEL
2024Q2,4/3/2024,TER
2024Q2,4/3/2024,TFC
2024Q2,4/3/2024,TFX
2024Q2,4/3/2024,TGT
2024Q2,4/3/2024,TJX
2024Q2,4/3/2024,TMO
2024Q2,4/3/2024,TMUS
2024Q2,4/3/2024,TPR
2024Q2,4/3/2024,TRGP
2024Q2,4/3/2024,TRMB
2024Q2,4/3/2024,TROW
2024Q2,4/3/2024,TRV
2024Q2,4/3/2024,TSCO
2024Q2,4/3/2024,TSLA
2024Q2,4/3/2024,TSN
2024Q2,4/3/2024,TT
2024Q2,4/3/2024,TTWO
2024Q2,4/3/2024,TXN
2024Q2,4/3/2024,TXT
2024Q2,4/3/2024,TYL
2024Q2,4/3/2024,UAL
2024Q2,4/3/2024,UBER
2024Q2,4/3/2024,UDR
2024Q2,4/3/2024,UHS
2024Q2,4/3/2024,ULTA
2024Q2,4/3/2024,UNH
2024Q2,4/3/2024,UNP
2024Q2,4/3/2024,UPS
2024Q2,4/3/2024,URI
2024Q2,4/3/2024,USB
2024Q2,4/3/2024,V
2024Q2,4/3/2024,VICI
2024Q2,4/3/2024,VLO
2024Q2,4/3/2024,VLTO
2024Q2,4/3/2024,VMC
2024Q2,4/3/2024,VRSK
2024Q2,4/3/2024,VRSN
2024Q2,4/3/2024,VRTX
2024Q2,4/3/2024,VTR
2024Q2,4/3/2024,VTRS
2024Q2,4/3/2024,VZ
2024Q2,4/3/2024,WAB
2024Q2,4/3/2024,WAT
2024Q2,4/3/2024,WBA
2024Q2,4/3/2024,WBD
2024Q2,4/3/2024,WDC
2024Q2,4/3/2024,WEC
2024Q2,4/3/2024,WELL
2024Q2,4/3/2024,WFC
2024Q2,4/3/2024,WM
2024Q2,4/3/2024,WMB
2024Q2,4/3/2024,WMT
2024Q2,4/3/2024,WRB
2024Q2,4/3/2024,WRK
2024Q2,4/3/2024,WST
2024Q2,4/3/2024,WTW
2024Q2,4/3/2024,WY
2024Q2,4/3/2024,WYNN
2024Q2,4/3/2024,XEL
2024Q2,4/3/2024,XOM
2024Q2,4/3/2024,XYL
2024Q2,4/3/2024,YUM
2024Q2,4/3/2024,ZBH
2024Q2,4/3/2024,ZBRA
2024Q2,4/3/2024,ZTS
2024Q3,7/8/2024,A
2024Q3,7/8/2024,AAL
2024Q3,7/8/2024,AAPL
2024Q3,7/8/2024,ABBV
2024Q3,7/8/2024,ABNB
2024Q3,7/8/2024,ABT
2024Q3,7/8/2024,ACGL
2024Q3,7/8/2024,ACN
2024Q3,7/8/2024,ADBE
2024Q3,7/8/2024,ADI
2024Q3,7/8/2024,ADM
2024Q3,7/8/2024,ADP
2024Q3,7/8/2024,ADSK
2024Q3,7/8/2024,AEE
2024Q3,7/8/2024,AEP
2024Q3,7/8/2024,AES
2024Q3,7/8/2024,AFL
2024Q3,7/8/2024,AIG
2024Q3,7/8/2024,AIZ
2024Q3,7/8/2024,AJG
2024Q3,7/8/2024,AKAM
2024Q3,7/8/2024,ALB
2024Q3,7/8/2024,ALGN
2024Q3,7/8/2024,ALL
2024Q3,7/8/2024,ALLE
2024Q3,7/8/2024,AMAT
2024Q3,7/8/2024,AMCR
2024Q3,7/8/2024,AMD
2024Q3,7/8/2024,AME
2024Q3,7/8/2024,AMGN
2024Q3,7/8/2024,AMP
2024Q3,7/8/2024,AMT
2024Q3,7/8/2024,AMZN
2024Q3,7/8/2024,ANET
2024Q3,7/8/2024,ANSS
2024Q3,7/8/2024,AON
2024Q3,7/8/2024,AOS
2024Q3,7/8/2024,APA
2024Q3,7/8/2024,APD
2024Q3,7/8/2024,APH
2024Q3,7/8/2024,APTV
2024Q3,7/8/2024,ARE
2024Q3,7/8/2024,ATO
2024Q3,7/8/2024,AVB
2024Q3,7/8/2024,AVGO
2024Q3,7/8/2024,AVY
2024Q3,7/8/2024,AWK
2024Q3,7/8/2024,AXON
2024Q3,7/8/2024,AXP
2024Q3,7/8/2024,AZO
2024Q3,7/8/2024,BA
2024Q3,7/8/2024,BAC
2024Q3,7/8/2024,BALL
2024Q3,7/8/2024,BAX
2024Q3,7/8/2024,BBWI
2024Q3,7/8/2024,BBY
2024Q3,7/8/2024,BDX
2024Q3,7/8/2024,BEN
2024Q3,7/8/2024,BF.B
2024Q3,7/8/2024,BG
2024Q3,7/8/2024,BIIB
2024Q3,7/8/2024,BIO
2024Q3,7/8/2024,BK
2024Q3,7/8/2024,BKNG
2024Q3,7/8/2024,BKR
2024Q3,7/8/2024,BLDR
2024Q3,7/8/2024,BLK
2024Q3,7/8/2024,BMY
2024Q3,7/8/2024,BR
2024Q3,7/8/2024,BRK.B
2024Q3,7/8/2024,BRO
2024Q3,7/8/2024,BSX
2024Q3,7/8/2024,BWA
2024Q3,7/8/2024,BX
2024Q3,7/8/2024,BXP
2024Q3,7/8/2024,C
2024Q3,7/8/2024,CAG
2024Q3,7/8/2024,CAH
2024Q3,7/8/2024,CARR
2024Q3,7/8/2024,CAT
2024Q3,7/8/2024,CB
2024Q3,7/8/2024,CBOE
2024Q3,7/8/2024,CBRE
2024Q3,7/8/2024,CCI
2024Q3,7/8/2024,CCL
2024Q3,7/8/2024,CDNS
2024Q3,7/8/2024,CDW
2024Q3,7/8/2024,CE
2024Q3,7/8/2024,CEG
2024Q3,7/8/2024,CF
2024Q3,7/8/2024,CFG
2024Q3,7/8/2024,CHD
2024Q3,7/8/2024,CHRW
2024Q3,7/8/2024,CHTR
2024Q3,7/8/2024,CI
2024Q3,7/8/2024,CINF
2024Q3,7/8/2024,CL
2024Q3,7/8/2024,CLX
2024Q3,7/8/2024,CMCSA
2024Q3,7/8/2024,CME
2024Q3,7/8/2024,CMG
2024Q3,7/8/2024,CMI
2024Q3,7/8/2024,CMS
2024Q3,7/8/2024,CNC
2024Q3,7/8/2024,CNP
2024Q3,7/8/2024,COF
2024Q3,7/8/2024,COO
2024Q3,7/8/2024,COP
2024Q3,7/8/2024,COR
2024Q3,7/8/2024,COST
2024Q3,7/8/2024,CPAY
2024Q3,7/8/2024,CPB
2024Q3,7/8/2024,CPRT
2024Q3,7/8/2024,CPT
2024Q3,7/8/2024,CRL
2024Q3,7/8/2024,CRM
2024Q3,7/8/2024,CRWD
2024Q3,7/8/2024,CSCO
2024Q3,7/8/2024,CSGP
2024Q3,7/8/2024,CSX
2024Q3,7/8/2024,CTAS
2024Q3,7/8/2024,CTLT
2024Q3,7/8/2024,CTRA
2024Q3,7/8/2024,CTSH
2024Q3,7/8/2024,CTVA
2024Q3,7/8/2024,CVS
2024Q3,7/8/2024,CVX
2024Q3,7/8/2024,CZR
2024Q3,7/8/2024,D
2024Q3,7/8/2024,DAL
2024Q3,7/8/2024,DAY
2024Q3,7/8/2024,DD
2024Q3,7/8/2024,DE
2024Q3,7/8/2024,DECK
2024Q3,7/8/2024,DFS
2024Q3,7/8/2024,DG
2024Q3,7/8/2024,DGX
2024Q3,7/8/2024,DHI
2024Q3,7/8/2024,DHR
2024Q3,7/8/2024,DIS
2024Q3,7/8/2024,DLR
2024Q3,7/8/2024,DLTR
2024Q3,7/8/2024,DOC
2024Q3,7/8/2024,DOV
2024Q3,7/8/2024,DOW
2024Q3,7/8/2024,DPZ
2024Q3,7/8/2024,DRI
2024Q3,7/8/2024,DTE
2024Q3,7/8/2024,DUK
2024Q3,7/8/2024,DVA
2024Q3,7/8/2024,DVN
2024Q3,7/8/2024,DXCM
2024Q3,7/8/2024,EA
2024Q3,7/8/2024,EBAY
2024Q3,7/8/2024,ECL
2024Q3,7/8/2024,ED
2024Q3,7/8/2024,EFX
2024Q3,7/8/2024,EG
2024Q3,7/8/2024,EIX
2024Q3,7/8/2024,EL
2024Q3,7/8/2024,ELV
2024Q3,7/8/2024,EMN
2024Q3,7/8/2024,EMR
2024Q3,7/8/2024,ENPH
2024Q3,7/8/2024,EOG
2024Q3,7/8/2024,EPAM
2024Q3,7/8/2024,EQIX
2024Q3,7/8/2024,EQR
2024Q3,7/8/2024,EQT
2024Q3,7/8/2024,ES
2024Q3,7/8/2024,ESS
2024Q3,7/8/2024,ETN
2024Q3,7/8/2024,ETR
2024Q3,7/8/2024,ETSY
2024Q3,7/8/2024,EVRG
2024Q3,7/8/2024,EW
2024Q3,7/8/2024,EXC
2024Q3,7/8/2024,EXPD
2024Q3,7/8/2024,EXPE
2024Q3,7/8/2024,EXR
2024Q3,7/8/2024,F
2024Q3,7/8/2024,FANG
2024Q3,7/8/2024,FAST
2024Q3,7/8/2024,FCX
2024Q3,7/8/2024,FDS
2024Q3,7/8/2024,FDX
2024Q3,7/8/2024,FE
2024Q3,7/8/2024,FFIV
2024Q3,7/8/2024,FI
2024Q3,7/8/2024,FICO
2024Q3,7/8/2024,FIS
2024Q3,7/8/2024,FITB
2024Q3,7/8/2024,FMC
2024Q3,7/8/2024,FOX
2024Q3,7/8/2024,FOXA
2024Q3,7/8/2024,FRT
2024Q3,7/8/2024,FSLR
2024Q3,7/8/2024,FTNT
2024Q3,7/8/2024,FTV
2024Q3,7/8/2024,GD
2024Q3,7/8/2024,GDDY
2024Q3,7/8/2024,GE
2024Q3,7/8/2024,GEHC
2024Q3,7/8/2024,GEN
2024Q3,7/8/2024,GEV
2024Q3,7/8/2024,GILD
2024Q3,7/8/2024,GIS
2024Q3,7/8/2024,GL
2024Q3,7/8/2024,GLW
2024Q3,7/8/2024,GM
2024Q3,7/8/2024,GNRC
2024Q3,7/8/2024,GOOG
2024Q3,7/8/2024,GOOGL
2024Q3,7/8/2024,GPC
2024Q3,7/8/2024,GPN
2024Q3,7/8/2024,GRMN
2024Q3,7/8/2024,GS
2024Q3,7/8/2024,GWW
2024Q3,7/8/2024,HAL
2024Q3,7/8/2024,HAS
2024Q3,7/8/2024,HBAN
2024Q3,7/8/2024,HCA
2024Q3,7/8/2024,HD
2024Q3,7/8/2024,HES
2024Q3,7/8/2024,HIG
2024Q3,7/8/2024,HII
2024Q3,7/8/2024,HLT
2024Q3,7/8/2024,HOLX
2024Q3,7/8/2024,HON
2024Q3,7/8/2024,HPE
2024Q3,7/8/2024,HPQ
2024Q3,7/8/2024,HRL
2024Q3,7/8/2024,HSIC
2024Q3,7/8/2024,HST
2024Q3,7/8/2024,HSY
2024Q3,7/8/2024,HUBB
2024Q3,7/8/2024,HUM
2024Q3,7/8/2024,HWM
2024Q3,7/8/2024,IBM
2024Q3,7/8/2024,ICE
2024Q3,7/8/2024,IDXX
2024Q3,7/8/2024,IEX
2024Q3,7/8/2024,IFF
2024Q3,7/8/2024,INCY
2024Q3,7/8/2024,INTC
2024Q3,7/8/2024,INTU
2024Q3,7/8/2024,INVH
2024Q3,7/8/2024,IP
2024Q3,7/8/2024,IPG
2024Q3,7/8/2024,IQV
2024Q3,7/8/2024,IR
2024Q3,7/8/2024,IRM
2024Q3,7/8/2024,ISRG
2024Q3,7/8/2024,IT
2024Q3,7/8/2024,ITW
2024Q3,7/8/2024,IVZ
2024Q3,7/8/2024,J
2024Q3,7/8/2024,JBHT
2024Q3,7/8/2024,JBL
2024Q3,7/8/2024,JCI
2024Q3,7/8/2024,JKHY
2024Q3,7/8/2024,JNJ
2024Q3,7/8/2024,JNPR
2024Q3,7/8/2024,JPM
2024Q3,7/8/2024,K
2024Q3,7/8/2024,KDP
2024Q3,7/8/2024,KEY
2024Q3,7/8/2024,KEYS
2024Q3,7/8/2024,KHC
2024Q3,7/8/2024,KIM
2024Q3,7/8/2024,KKR
2024Q3,7/8/2024,KLAC
2024Q3,7/8/2024,KMB
2024Q3,7/8/2024,KMI
2024Q3,7/8/2024,KMX
2024Q3,7/8/2024,KO
2024Q3,7/8/2024,KR
2024Q3,7/8/2024,KVUE
2024Q3,7/8/2024,L
2024Q3,7/8/2024,LDOS
2024Q3,7/8/2024,LEN
2024Q3,7/8/2024,LH
2024Q3,7/8/2024,LHX
2024Q3,7/8/2024,LIN
2024Q3,7/8/2024,LKQ
2024Q3,7/8/2024,LLY
2024Q3,7/8/2024,LMT
2024Q3,7/8/2024,LNT
2024Q3,7/8/2024,LOW
2024Q3,7/8/2024,LRCX
2024Q3,7/8/2024,LULU
2024Q3,7/8/2024,LUV
2024Q3,7/8/2024,LVS
2024Q3,7/8/2024,LW
2024Q3,7/8/2024,LYB
2024Q3,7/8/2024,LYV
2024Q3,7/8/2024,MA
2024Q3,7/8/2024,MAA
2024Q3,7/8/2024,MAR
2024Q3,7/8/2024,MAS
2024Q3,7/8/2024,MCD
2024Q3,7/8/2024,MCHP
2024Q3,7/8/2024,MCK
2024Q3,7/8/2024,MCO
2024Q3,7/8/2024,MDLZ
2024Q3,7/8/2024,MDT
2024Q3,7/8/2024,MET
2024Q3,7/8/2024,META
2024Q3,7/8/2024,MGM
2024Q3,7/8/2024,MHK
2024Q3,7/8/2024,MKC
2024Q3,7/8/2024,MKTX
2024Q3,7/8/2024,MLM
2024Q3,7/8/2024,MMC
2024Q3,7/8/2024,MMM
2024Q3,7/8/2024,MNST
2024Q3,7/8/2024,MO
2024Q3,7/8/2024,MOH
2024Q3,7/8/2024,MOS
2024Q3,7/8/2024,MPC
2024Q3,7/8/2024,MPWR
2024Q3,7/8/2024,MRK
2024Q3,7/8/2024,MRNA
2024Q3,7/8/2024,MRO
2024Q3,7/8/2024,MS
2024Q3,7/8/2024,MSCI
2024Q3,7/8/2024,MSFT
2024Q3,7/8/2024,MSI
2024Q3,7/8/2024,MTB
2024Q3,7/8/2024,MTCH
2024Q3,7/8/2024,MTD
2024Q3,7/8/2024,MU
2024Q3,7/8/2024,NCLH
2024Q3,7/8/2024,NDAQ
2024Q3,7/8/2024,NDSN
2024Q3,7/8/2024,NEE
2024Q3,7/8/2024,NEM
2024Q3,7/8/2024,NFLX
2024Q3,7/8/2024,NI
2024Q3,7/8/2024,NKE
2024Q3,7/8/2024,NOC
2024Q3,7/8/2024,NOW
2024Q3,7/8/2024,NRG
2024Q3,7/8/2024,NSC
2024Q3,7/8/2024,NTAP
2024Q3,7/8/2024,NTRS
2024Q3,7/8/2024,NUE
2024Q3,7/8/2024,NVDA
2024Q3,7/8/2024,NVR
2024Q3,7/8/2024,NWS
2024Q3,7/8/2024,NWSA
2024Q3,7/8/2024,NXPI
2024Q3,7/8/2024,O
2024Q3,7/8/2024,ODFL
2024Q3,7/8/2024,OKE
2024Q3,7/8/2024,OMC
2024Q3,7/8/2024,ON
2024Q3,7/8/2024,ORCL
2024Q3,7/8/2024,ORLY
2024Q3,7/8/2024,OTIS
2024Q3,7/8/2024,OXY
2024Q3,7/8/2024,PANW
2024Q3,7/8/2024,PARA
2024Q3,7/8/2024,PAYC
2024Q3,7/8/2024,PAYX
2024Q3,7/8/2024,PCAR
2024Q3,7/8/2024,PCG
2024Q3,7/8/2024,PEG
2024Q3,7/8/2024,PEP
2024Q3,7/8/2024,PFE
2024Q3,7/8/2024,PFG
2024Q3,7/8/2024,PG
2024Q3,7/8/2024,PGR
2024Q3,7/8/2024,PH
2024Q3,7/8/2024,PHM
2024Q3,7/8/2024,PKG
2024Q3,7/8/2024,PLD
2024Q3,7/8/2024,PM
2024Q3,7/8/2024,PNC
2024Q3,7/8/2024,PNR
2024Q3,7/8/2024,PNW
2024Q3,7/8/2024,PODD
2024Q3,7/8/2024,POOL
2024Q3,7/8/2024,PPG
2024Q3,7/8/2024,PPL
2024Q3,7/8/2024,PRU
2024Q3,7/8/2024,PSA
2024Q3,7/8/2024,PSX
2024Q3,7/8/2024,PTC
2024Q3,7/8/2024,PWR
2024Q3,7/8/2024,PYPL
2024Q3,7/8/2024,QCOM
2024Q3,7/8/2024,QRVO
2024Q3,7/8/2024,RCL
2024Q3,7/8/2024,REG
2024Q3,7/8/2024,REGN
2024Q3,7/8/2024,RF
2024Q3,7/8/2024,RJF
2024Q3,7/8/2024,RL
2024Q3,7/8/2024,RMD
2024Q3,7/8/2024,ROK
2024Q3,7/8/2024,ROL
2024Q3,7/8/2024,ROP
2024Q3,7/8/2024,ROST
2024Q3,7/8/2024,RSG
2024Q3,7/8/2024,RTX
2024Q3,7/8/2024,RVTY
2024Q3,7/8/2024,SBAC
2024Q3,7/8/2024,SBUX
2024Q3,7/8/2024,SCHW
2024Q3,7/8/2024,SHW
2024Q3,7/8/2024,SJM
2024Q3,7/8/2024,SLB
2024Q3,7/8/2024,SMCI
2024Q3,7/8/2024,SNA
2024Q3,7/8/2024,SNPS
2024Q3,7/8/2024,SO
2024Q3,7/8/2024,SOLV
2024Q3,7/8/2024,SPG
2024Q3,7/8/2024,SPGI
2024Q3,7/8/2024,SRE
2024Q3,7/8/2024,STE
2024Q3,7/8/2024,STLD
2024Q3,7/8/2024,STT
2024Q3,7/8/2024,STX
2024Q3,7/8/2024,STZ
2024Q3,7/8/2024,SW
2024Q3,7/8/2024,SWK
2024Q3,7/8/2024,SWKS
2024Q3,7/8/2024,SYF
2024Q3,7/8/2024,SYK
2024Q3,7/8/2024,SYY
2024Q3,7/8/2024,T
2024Q3,7/8/2024,TAP
2024Q3,7/8/2024,TDG
2024Q3,7/8/2024,TDY
2024Q3,7/8/2024,TECH
2024Q3,7/8/2024,TEL
2024Q3,7/8/2024,TER
2024Q3,7/8/2024,TFC
2024Q3,7/8/2024,TFX
2024Q3,7/8/2024,TGT
2024Q3,7/8/2024,TJX
2024Q3,7/8/2024,TMO
2024Q3,7/8/2024,TMUS
2024Q3,7/8/2024,TPR
2024Q3,7/8/2024,TRGP
2024Q3,7/8/2024,TRMB
2024Q3,7/8/2024,TROW
2024Q3,7/8/2024,TRV
2024Q3,7/8/2024,TSCO
2024Q3,7/8/2024,TSLA
2024Q3,7/8/2024,TSN
2024Q3,7/8/2024,TT
2024Q3,7/8/2024,TTWO
2024Q3,7/8/2024,TXN
2024Q3,7/8/2024,TXT
2024Q3,7/8/2024,TYL
2024Q3,7/8/2024,UAL
2024Q3,7/8/2024,UBER
2024Q3,7/8/2024,UDR
2024Q3,7/8/2024,UHS
2024Q3,7/8/2024,ULTA
2024Q3,7/8/2024,UNH
2024Q3,7/8/2024,UNP
2024Q3,7/8/2024,UPS
2024Q3,7/8/2024,URI
2024Q3,7/8/2024,USB
2024Q3,7/8/2024,V
2024Q3,7/8/2024,VICI
2024Q3,7/8/2024,VLO
2024Q3,7/8/2024,VLTO
2024Q3,7/8/2024,VMC
2024Q3,7/8/2024,VRSK
2024Q3,7/8/2024,VRSN
2024Q3,7/8/2024,VRTX
2024Q3,7/8/2024,VST
2024Q3,7/8/2024,VTR
2024Q3,7/8/2024,VTRS
2024Q3,7/8/2024,VZ
2024Q3,7/8/2024,WAB
2024Q3,7/8/2024,WAT
2024Q3,7/8/2024,WBA
2024Q3,7/8/2024,WBD
2024Q3,7/8/2024,WDC
2024Q3,7/8/2024,WEC
2024Q3,7/8/2024,WELL
2024Q3,7/8/2024,WFC
2024Q3,7/8/2024,WM
2024Q3,7/8/2024,WMB
2024Q3,7/8/2024,WMT
2024Q3,7/8/2024,WRB
2024Q3,7/8/2024,WST
2024Q3,7/8/2024,WTW
2024Q3,7/8/2024,WY
2024Q3,7/8/2024,WYNN
2024Q3,7/8/2024,XEL
2024Q3,7/8/2024,XOM
2024Q3,7/8/2024,XYL
2024Q3,7/8/2024,YUM
2024Q3,7/8/2024,ZBH
2024Q3,7/8/2024,ZBRA
2024Q3,7/8/2024,ZTS
2024Q4,10/1/2024,A
2024Q4,10/1/2024,AAPL
2024Q4,10/1/2024,ABBV
2024Q4,10/1/2024,ABNB
2024Q4,10/1/2024,ABT
2024Q4,10/1/2024,ACGL
2024Q4,10/1/2024,ACN
2024Q4,10/1/2024,ADBE
2024Q4,10/1/2024,ADI
2024Q4,10/1/2024,ADM
2024Q4,10/1/2024,ADP
2024Q4,10/1/2024,ADSK
2024Q4,10/1/2024,AEE
2024Q4,10/1/2024,AEP
2024Q4,10/1/2024,AES
2024Q4,10/1/2024,AFL
2024Q4,10/1/2024,AIG
2024Q4,10/1/2024,AIZ
2024Q4,10/1/2024,AJG
2024Q4,10/1/2024,AKAM
2024Q4,10/1/2024,ALB
2024Q4,10/1/2024,ALGN
2024Q4,10/1/2024,ALL
2024Q4,10/1/2024,ALLE
2024Q4,10/1/2024,AMAT
2024Q4,10/1/2024,AMCR
2024Q4,10/1/2024,AMD
2024Q4,10/1/2024,AME
2024Q4,10/1/2024,AMGN
2024Q4,10/1/2024,AMP
2024Q4,10/1/2024,AMT
2024Q4,10/1/2024,AMTM
2024Q4,10/1/2024,AMZN
2024Q4,10/1/2024,ANET
2024Q4,10/1/2024,ANSS
2024Q4,10/1/2024,AON
2024Q4,10/1/2024,AOS
2024Q4,10/1/2024,APA
2024Q4,10/1/2024,APD
2024Q4,10/1/2024,APH
2024Q4,10/1/2024,APTV
2024Q4,10/1/2024,ARE
2024Q4,10/1/2024,ATO
2024Q4,10/1/2024,AVB
2024Q4,10/1/2024,AVGO
2024Q4,10/1/2024,AVY
2024Q4,10/1/2024,AWK
2024Q4,10/1/2024,AXON
2024Q4,10/1/2024,AXP
2024Q4,10/1/2024,AZO
2024Q4,10/1/2024,BA
2024Q4,10/1/2024,BAC
2024Q4,10/1/2024,BALL
2024Q4,10/1/2024,BAX
2024Q4,10/1/2024,BBY
2024Q4,10/1/2024,BDX
2024Q4,10/1/2024,BEN
2024Q4,10/1/2024,BF.B
2024Q4,10/1/2024,BG
2024Q4,10/1/2024,BIIB
2024Q4,10/1/2024,BK
2024Q4,10/1/2024,BKNG
2024Q4,10/1/2024,BKR
2024Q4,10/1/2024,BLDR
2024Q4,10/1/2024,BLK
2024Q4,10/1/2024,BMY
2024Q4,10/1/2024,BR
2024Q4,10/1/2024,BRK.B
2024Q4,10/1/2024,BRO
2024Q4,10/1/2024,BSX
2024Q4,10/1/2024,BWA
2024Q4,10/1/2024,BX
2024Q4,10/1/2024,BXP
2024Q4,10/1/2024,C
2024Q4,10/1/2024,CAG
2024Q4,10/1/2024,CAH
2024Q4,10/1/2024,CARR
2024Q4,10/1/2024,CAT
2024Q4,10/1/2024,CB
2024Q4,10/1/2024,CBOE
2024Q4,10/1/2024,CBRE
2024Q4,10/1/2024,CCI
2024Q4,10/1/2024,CCL
2024Q4,10/1/2024,CDNS
2024Q4,10/1/2024,CDW
2024Q4,10/1/2024,CE
2024Q4,10/1/2024,CEG
2024Q4,10/1/2024,CF
2024Q4,10/1/2024,CFG
2024Q4,10/1/2024,CHD
2024Q4,10/1/2024,CHRW
2024Q4,10/1/2024,CHTR
2024Q4,10/1/2024,CI
2024Q4,10/1/2024,CINF
2024Q4,10/1/2024,CL
2024Q4,10/1/2024,CLX
2024Q4,10/1/2024,CMCSA
2024Q4,10/1/2024,CME
2024Q4,10/1/2024,CMG
2024Q4,10/1/2024,CMI
2024Q4,10/1/2024,CMS
2024Q4,10/1/2024,CNC
2024Q4,10/1/2024,CNP
2024Q4,10/1/2024,COF
2024Q4,10/1/2024,COO
2024Q4,10/1/2024,COP
2024Q4,10/1/2024,COR
2024Q4,10/1/2024,COST
2024Q4,10/1/2024,CPAY
2024Q4,10/1/2024,CPB
2024Q4,10/1/2024,CPRT
2024Q4,10/1/2024,CPT
2024Q4,10/1/2024,CRL
2024Q4,10/1/2024,CRM
2024Q4,10/1/2024,CRWD
2024Q4,10/1/2024,CSCO
2024Q4,10/1/2024,CSGP
2024Q4,10/1/2024,CSX
2024Q4,10/1/2024,CTAS
2024Q4,10/1/2024,CTLT
2024Q4,10/1/2024,CTRA
2024Q4,10/1/2024,CTSH
2024Q4,10/1/2024,CTVA
2024Q4,10/1/2024,CVS
2024Q4,10/1/2024,CVX
2024Q4,10/1/2024,CZR
2024Q4,10/1/2024,D
2024Q4,10/1/2024,DAL
2024Q4,10/1/2024,DAY
2024Q4,10/1/2024,DD
2024Q4,10/1/2024,DE
2024Q4,10/1/2024,DECK
2024Q4,10/1/2024,DELL
2024Q4,10/1/2024,DFS
2024Q4,10/1/2024,DG
2024Q4,10/1/2024,DGX
2024Q4,10/1/2024,DHI
2024Q4,10/1/2024,DHR
2024Q4,10/1/2024,DIS
2024Q4,10/1/2024,DLR
2024Q4,10/1/2024,DLTR
2024Q4,10/1/2024,DOC
2024Q4,10/1/2024,DOV
2024Q4,10/1/2024,DOW
2024Q4,10/1/2024,DPZ
2024Q4,10/1/2024,DRI
2024Q4,10/1/2024,DTE
2024Q4,10/1/2024,DUK
2024Q4,10/1/2024,DVA
2024Q4,10/1/2024,DVN
2024Q4,10/1/2024,DXCM
2024Q4,10/1/2024,EA
2024Q4,10/1/2024,EBAY
2024Q4,10/1/2024,ECL
2024Q4,10/1/2024,ED
2024Q4,10/1/2024,EFX
2024Q4,10/1/2024,EG
2024Q4,10/1/2024,EIX
2024Q4,10/1/2024,EL
2024Q4,10/1/2024,ELV
2024Q4,10/1/2024,EMN
2024Q4,10/1/2024,EMR
2024Q4,10/1/2024,ENPH
2024Q4,10/1/2024,EOG
2024Q4,10/1/2024,EPAM
2024Q4,10/1/2024,EQIX
2024Q4,10/1/2024,EQR
2024Q4,10/1/2024,EQT
2024Q4,10/1/2024,ERIE
2024Q4,10/1/2024,ES
2024Q4,10/1/2024,ESS
2024Q4,10/1/2024,ETN
2024Q4,10/1/2024,ETR
2024Q4,10/1/2024,EVRG
2024Q4,10/1/2024,EW
2024Q4,10/1/2024,EXC
2024Q4,10/1/2024,EXPD
2024Q4,10/1/2024,EXPE
2024Q4,10/1/2024,EXR
2024Q4,10/1/2024,F
2024Q4,10/1/2024,FANG
2024Q4,10/1/2024,FAST
2024Q4,10/1/2024,FCX
2024Q4,10/1/2024,FDS
2024Q4,10/1/2024,FDX
2024Q4,10/1/2024,FE
2024Q4,10/1/2024,FFIV
2024Q4,10/1/2024,FI
2024Q4,10/1/2024,FICO
2024Q4,10/1/2024,FIS
2024Q4,10/1/2024,FITB
2024Q4,10/1/2024,FMC
2024Q4,10/1/2024,FOX
2024Q4,10/1/2024,FOXA
2024Q4,10/1/2024,FRT
2024Q4,10/1/2024,FSLR
2024Q4,10/1/2024,FTNT
2024Q4,10/1/2024,FTV
2024Q4,10/1/2024,GD
2024Q4,10/1/2024,GDDY
2024Q4,10/1/2024,GE
2024Q4,10/1/2024,GEHC
2024Q4,10/1/2024,GEN
2024Q4,10/1/2024,GEV
2024Q4,10/1/2024,GILD
2024Q4,10/1/2024,GIS
2024Q4,10/1/2024,GL
2024Q4,10/1/2024,GLW
2024Q4,10/1/2024,GM
2024Q4,10/1/2024,GNRC
2024Q4,10/1/2024,GOOG
2024Q4,10/1/2024,GOOGL
2024Q4,10/1/2024,GPC
2024Q4,10/1/2024,GPN
2024Q4,10/1/2024,GRMN
2024Q4,10/1/2024,GS
2024Q4,10/1/2024,GWW
2024Q4,10/1/2024,HAL
2024Q4,10/1/2024,HAS
2024Q4,10/1/2024,HBAN
2024Q4,10/1/2024,HCA
2024Q4,10/1/2024,HD
2024Q4,10/1/2024,HES
2024Q4,10/1/2024,HIG
2024Q4,10/1/2024,HII
2024Q4,10/1/2024,HLT
2024Q4,10/1/2024,HOLX
2024Q4,10/1/2024,HON
2024Q4,10/1/2024,HPE
2024Q4,10/1/2024,HPQ
2024Q4,10/1/2024,HRL
2024Q4,10/1/2024,HSIC
2024Q4,10/1/2024,HST
2024Q4,10/1/2024,HSY
2024Q4,10/1/2024,HUBB
2024Q4,10/1/2024,HUM
2024Q4,10/1/2024,HWM
2024Q4,10/1/2024,IBM
2024Q4,10/1/2024,ICE
2024Q4,10/1/2024,IDXX
2024Q4,10/1/2024,IEX
2024Q4,10/1/2024,IFF
2024Q4,10/1/2024,INCY
2024Q4,10/1/2024,INTC
2024Q4,10/1/2024,INTU
2024Q4,10/1/2024,INVH
2024Q4,10/1/2024,IP
2024Q4,10/1/2024,IPG
2024Q4,10/1/2024,IQV
2024Q4,10/1/2024,IR
2024Q4,10/1/2024,IRM
2024Q4,10/1/2024,ISRG
2024Q4,10/1/2024,IT
2024Q4,10/1/2024,ITW
2024Q4,10/1/2024,IVZ
2024Q4,10/1/2024,J
2024Q4,10/1/2024,JBHT
2024Q4,10/1/2024,JBL
2024Q4,10/1/2024,JCI
2024Q4,10/1/2024,JKHY
2024Q4,10/1/2024,JNJ
2024Q4,10/1/2024,JNPR
2024Q4,10/1/2024,JPM
2024Q4,10/1/2024,K
2024Q4,10/1/2024,KDP
2024Q4,10/1/2024,KEY
2024Q4,10/1/2024,KEYS
2024Q4,10/1/2024,KHC
2024Q4,10/1/2024,KIM
2024Q4,10/1/2024,KKR
2024Q4,10/1/2024,KLAC
2024Q4,10/1/2024,KMB
2024Q4,10/1/2024,KMI
2024Q4,10/1/2024,KMX
2024Q4,10/1/2024,KO
2024Q4,10/1/2024,KR
2024Q4,10/1/2024,KVUE
2024Q4,10/1/2024,L
2024Q4,10/1/2024,LDOS
2024Q4,10/1/2024,LEN
2024Q4,10/1/2024,LH
2024Q4,10/1/2024,LHX
2024Q4,10/1/2024,LIN
2024Q4,10/1/2024,LKQ
2024Q4,10/1/2024,LLY
2024Q4,10/1/2024,LMT
2024Q4,10/1/2024,LNT
2024Q4,10/1/2024,LOW
2024Q4,10/1/2024,LRCX
2024Q4,10/1/2024,LULU
2024Q4,10/1/2024,LUV
2024Q4,10/1/2024,LVS
2024Q4,10/1/2024,LW
2024Q4,10/1/2024,LYB
2024Q4,10/1/2024,LYV
2024Q4,10/1/2024,MA
2024Q4,10/1/2024,MAA
2024Q4,10/1/2024,MAR
2024Q4,10/1/2024,MAS
2024Q4,10/1/2024,MCD
2024Q4,10/1/2024,MCHP
2024Q4,10/1/2024,MCK
2024Q4,10/1/2024,MCO
2024Q4,10/1/2024,MDLZ
2024Q4,10/1/2024,MDT
2024Q4,10/1/2024,MET
2024Q4,10/1/2024,META
2024Q4,10/1/2024,MGM
2024Q4,10/1/2024,MHK
2024Q4,10/1/2024,MKC
2024Q4,10/1/2024,MKTX
2024Q4,10/1/2024,MLM
2024Q4,10/1/2024,MMC
2024Q4,10/1/2024,MMM
2024Q4,10/1/2024,MNST
2024Q4,10/1/2024,MO
2024Q4,10/1/2024,MOH
2024Q4,10/1/2024,MOS
2024Q4,10/1/2024,MPC
2024Q4,10/1/2024,MPWR
2024Q4,10/1/2024,MRK
2024Q4,10/1/2024,MRNA
2024Q4,10/1/2024,MRO
2024Q4,10/1/2024,MS
2024Q4,10/1/2024,MSCI
2024Q4,10/1/2024,MSFT
2024Q4,10/1/2024,MSI
2024Q4,10/1/2024,MTB
2024Q4,10/1/2024,MTCH
2024Q4,10/1/2024,MTD
2024Q4,10/1/2024,MU
2024Q4,10/1/2024,NCLH
2024Q4,10/1/2024,NDAQ
2024Q4,10/1/2024,NDSN
2024Q4,10/1/2024,NEE
2024Q4,10/1/2024,NEM
2024Q4,10/1/2024,NFLX
2024Q4,10/1/2024,NI
2024Q4,10/1/2024,NKE
2024Q4,10/1/2024,NOC
2024Q4,10/1/2024,NOW
2024Q4,10/1/2024,NRG
2024Q4,10/1/2024,NSC
2024Q4,10/1/2024,NTAP
2024Q4,10/1/2024,NTRS
2024Q4,10/1/2024,NUE
2024Q4,10/1/2024,NVDA
2024Q4,10/1/2024,NVR
2024Q4,10/1/2024,NWS
2024Q4,10/1/2024,NWSA
2024Q4,10/1/2024,NXPI
2024Q4,10/1/2024,O
2024Q4,10/1/2024,ODFL
2024Q4,10/1/2024,OKE
2024Q4,10/1/2024,OMC
2024Q4,10/1/2024,ON
2024Q4,10/1/2024,ORCL
2024Q4,10/1/2024,ORLY
2024Q4,10/1/2024,OTIS
2024Q4,10/1/2024,OXY
2024Q4,10/1/2024,PANW
2024Q4,10/1/2024,PARA
2024Q4,10/1/2024,PAYC
2024Q4,10/1/2024,PAYX
2024Q4,10/1/2024,PCAR
2024Q4,10/1/2024,PCG
2024Q4,10/1/2024,PEG
2024Q4,10/1/2024,PEP
2024Q4,10/1/2024,PFE
2024Q4,10/1/2024,PFG
2024Q4,10/1/2024,PG
2024Q4,10/1/2024,PGR
2024Q4,10/1/2024,PH
2024Q4,10/1/2024,PHM
2024Q4,10/1/2024,PKG
2024Q4,10/1/2024,PLD
2024Q4,10/1/2024,PLTR
2024Q4,10/1/2024,PM
2024Q4,10/1/2024,PNC
2024Q4,10/1/2024,PNR
2024Q4,10/1/2024,PNW
2024Q4,10/1/2024,PODD
2024Q4,10/1/2024,POOL
2024Q4,10/1/2024,PPG
2024Q4,10/1/2024,PPL
2024Q4,10/1/2024,PRU
2024Q4,10/1/2024,PSA
2024Q4,10/1/2024,PSX
2024Q4,10/1/2024,PTC
2024Q4,10/1/2024,PWR
2024Q4,10/1/2024,PYPL
2024Q4,10/1/2024,QCOM
2024Q4,10/1/2024,QRVO
2024Q4,10/1/2024,RCL
2024Q4,10/1/2024,REG
2024Q4,10/1/2024,REGN
2024Q4,10/1/2024,RF
2024Q4,10/1/2024,RJF
2024Q4,10/1/2024,RL
2024Q4,10/1/2024,RMD
2024Q4,10/1/2024,ROK
2024Q4,10/1/2024,ROL
2024Q4,10/1/2024,ROP
2024Q4,10/1/2024,ROST
2024Q4,10/1/2024,RSG
2024Q4,10/1/2024,RTX
2024Q4,10/1/2024,RVTY
2024Q4,10/1/2024,SBAC
2024Q4,10/1/2024,SBUX
2024Q4,10/1/2024,SCHW
2024Q4,10/1/2024,SHW
2024Q4,10/1/2024,SJM
2024Q4,10/1/2024,SLB
2024Q4,10/1/2024,SMCI
2024Q4,10/1/2024,SNA
2024Q4,10/1/2024,SNPS
2024Q4,10/1/2024,SO
2024Q4,10/1/2024,SOLV
2024Q4,10/1/2024,SPG
2024Q4,10/1/2024,SPGI
2024Q4,10/1/2024,SRE
2024Q4,10/1/2024,STE
2024Q4,10/1/2024,STLD
2024Q4,10/1/2024,STT
2024Q4,10/1/2024,STX
2024Q4,10/1/2024,STZ
2024Q4,10/1/2024,SW
2024Q4,10/1/2024,SWK
2024Q4,10/1/2024,SWKS
2024Q4,10/1/2024,SYF
2024Q4,10/1/2024,SYK
2024Q4,10/1/2024,SYY
2024Q4,10/1/2024,T
2024Q4,10/1/2024,TAP
2024Q4,10/1/2024,TDG
2024Q4,10/1/2024,TDY
2024Q4,10/1/2024,TECH
2024Q4,10/1/2024,TEL
2024Q4,10/1/2024,TER
2024Q4,10/1/2024,TFC
2024Q4,10/1/2024,TFX
2024Q4,10/1/2024,TGT
2024Q4,10/1/2024,TJX
2024Q4,10/1/2024,TMO
2024Q4,10/1/2024,TMUS
2024Q4,10/1/2024,TPR
2024Q4,10/1/2024,TRGP
2024Q4,10/1/2024,TRMB
2024Q4,10/1/2024,TROW
2024Q4,10/1/2024,TRV
2024Q4,10/1/2024,TSCO
2024Q4,10/1/2024,TSLA
2024Q4,10/1/2024,TSN
2024Q4,10/1/2024,TT
2024Q4,10/1/2024,TTWO
2024Q4,10/1/2024,TXN
2024Q4,10/1/2024,TXT
2024Q4,10/1/2024,TYL
2024Q4,10/1/2024,UAL
2024Q4,10/1/2024,UBER
2024Q4,10/1/2024,UDR
2024Q4,10/1/2024,UHS
2024Q4,10/1/2024,ULTA
2024Q4,10/1/2024,UNH
2024Q4,10/1/2024,UNP
2024Q4,10/1/2024,UPS
2024Q4,10/1/2024,URI
2024Q4,10/1/2024,USB
2024Q4,10/1/2024,V
2024Q4,10/1/2024,VICI
2024Q4,10/1/2024,VLO
2024Q4,10/1/2024,VLTO
2024Q4,10/1/2024,VMC
2024Q4,10/1/2024,VRSK
2024Q4,10/1/2024,VRSN
2024Q4,10/1/2024,VRTX
2024Q4,10/1/2024,VST
2024Q4,10/1/2024,VTR
2024Q4,10/1/2024,VTRS
2024Q4,10/1/2024,VZ
2024Q4,10/1/2024,WAB
2024Q4,10/1/2024,WAT
2024Q4,10/1/2024,WBA
2024Q4,10/1/2024,WBD
2024Q4,10/1/2024,WDC
2024Q4,10/1/2024,WEC
2024Q4,10/1/2024,WELL
2024Q4,10/1/2024,WFC
2024Q4,10/1/2024,WM
2024Q4,10/1/2024,WMB
2024Q4,10/1/2024,WMT
2024Q4,10/1/2024,WRB
2024Q4,10/1/2024,WST
2024Q4,10/1/2024,WTW
2024Q4,10/1/2024,WY
2024Q4,10/1/2024,WYNN
2024Q4,10/1/2024,XEL
2024Q4,10/1/2024,XOM
2024Q4,10/1/2024,XYL
2024Q4,10/1/2024,YUM
2024Q4,10/1/2024,ZBH
2024Q4,10/1/2024,ZBRA
2024Q4,10/1/2024,ZTS
2024Q4,12/23/2024,A
2024Q4,12/23/2024,AAPL
2024Q4,12/23/2024,ABBV
2024Q4,12/23/2024,ABNB
2024Q4,12/23/2024,ABT
2024Q4,12/23/2024,ACGL
2024Q4,12/23/2024,ACN
2024Q4,12/23/2024,ADBE
2024Q4,12/23/2024,ADI
2024Q4,12/23/2024,ADM
2024Q4,12/23/2024,ADP
2024Q4,12/23/2024,ADSK
2024Q4,12/23/2024,AEE
2024Q4,12/23/2024,AEP
2024Q4,12/23/2024,AES
2024Q4,12/23/2024,AFL
2024Q4,12/23/2024,AIG
2024Q4,12/23/2024,AIZ
2024Q4,12/23/2024,AJG
2024Q4,12/23/2024,AKAM
2024Q4,12/23/2024,ALB
2024Q4,12/23/2024,ALGN
2024Q4,12/23/2024,ALL
2024Q4,12/23/2024,ALLE
2024Q4,12/23/2024,AMAT
2024Q4,12/23/2024,AMCR
2024Q4,12/23/2024,AMD
2024Q4,12/23/2024,AME
2024Q4,12/23/2024,AMGN
2024Q4,12/23/2024,AMP
2024Q4,12/23/2024,AMT
2024Q4,12/23/2024,AMZN
2024Q4,12/23/2024,ANET
2024Q4,12/23/2024,ANSS
2024Q4,12/23/2024,AON
2024Q4,12/23/2024,AOS
2024Q4,12/23/2024,APA
2024Q4,12/23/2024,APD
2024Q4,12/23/2024,APH
2024Q4,12/23/2024,APO
2024Q4,12/23/2024,APTV
2024Q4,12/23/2024,ARE
2024Q4,12/23/2024,ATO
2024Q4,12/23/2024,AVB
2024Q4,12/23/2024,AVGO
2024Q4,12/23/2024,AVY
2024Q4,12/23/2024,AWK
2024Q4,12/23/2024,AXON
2024Q4,12/23/2024,AXP
2024Q4,12/23/2024,AZO
2024Q4,12/23/2024,BA
2024Q4,12/23/2024,BAC
2024Q4,12/23/2024,BALL
2024Q4,12/23/2024,BAX
2024Q4,12/23/2024,BBY
2024Q4,12/23/2024,BDX
2024Q4,12/23/2024,BEN
2024Q4,12/23/2024,BF.B
2024Q4,12/23/2024,BG
2024Q4,12/23/2024,BIIB
2024Q4,12/23/2024,BK
2024Q4,12/23/2024,BKNG
2024Q4,12/23/2024,BKR
2024Q4,12/23/2024,BLDR
2024Q4,12/23/2024,BLK
2024Q4,12/23/2024,BMY
2024Q4,12/23/2024,BR
2024Q4,12/23/2024,BRK.B
2024Q4,12/23/2024,BRO
2024Q4,12/23/2024,BSX
2024Q4,12/23/2024,BWA
2024Q4,12/23/2024,BX
2024Q4,12/23/2024,BXP
2024Q4,12/23/2024,C
2024Q4,12/23/2024,CAG
2024Q4,12/23/2024,CAH
2024Q4,12/23/2024,CARR
2024Q4,12/23/2024,CAT
2024Q4,12/23/2024,CB
2024Q4,12/23/2024,CBOE
2024Q4,12/23/2024,CBRE
2024Q4,12/23/2024,CCI
2024Q4,12/23/2024,CCL
2024Q4,12/23/2024,CDNS
2024Q4,12/23/2024,CDW
2024Q4,12/23/2024,CE
2024Q4,12/23/2024,CEG
2024Q4,12/23/2024,CF
2024Q4,12/23/2024,CFG
2024Q4,12/23/2024,CHD
2024Q4,12/23/2024,CHRW
2024Q4,12/23/2024,CHTR
2024Q4,12/23/2024,CI
2024Q4,12/23/2024,CINF
2024Q4,12/23/2024,CL
2024Q4,12/23/2024,CLX
2024Q4,12/23/2024,CMCSA
2024Q4,12/23/2024,CME
2024Q4,12/23/2024,CMG
2024Q4,12/23/2024,CMI
2024Q4,12/23/2024,CMS
2024Q4,12/23/2024,CNC
2024Q4,12/23/2024,CNP
2024Q4,12/23/2024,COF
2024Q4,12/23/2024,COO
2024Q4,12/23/2024,COP
2024Q4,12/23/2024,COR
2024Q4,12/23/2024,COST
2024Q4,12/23/2024,CPAY
2024Q4,12/23/2024,CPB
2024Q4,12/23/2024,CPRT
2024Q4,12/23/2024,CPT
2024Q4,12/23/2024,CRL
2024Q4,12/23/2024,CRM
2024Q4,12/23/2024,CRWD
2024Q4,12/23/2024,CSCO
2024Q4,12/23/2024,CSGP
2024Q4,12/23/2024,CSX
2024Q4,12/23/2024,CTAS
2024Q4,12/23/2024,CTRA
2024Q4,12/23/2024,CTSH
2024Q4,12/23/2024,CTVA
2024Q4,12/23/2024,CVS
2024Q4,12/23/2024,CVX
2024Q4,12/23/2024,CZR
2024Q4,12/23/2024,D
2024Q4,12/23/2024,DAL
2024Q4,12/23/2024,DAY
2024Q4,12/23/2024,DD
2024Q4,12/23/2024,DE
2024Q4,12/23/2024,DECK
2024Q4,12/23/2024,DELL
2024Q4,12/23/2024,DFS
2024Q4,12/23/2024,DG
2024Q4,12/23/2024,DGX
2024Q4,12/23/2024,DHI
2024Q4,12/23/2024,DHR
2024Q4,12/23/2024,DIS
2024Q4,12/23/2024,DLR
2024Q4,12/23/2024,DLTR
2024Q4,12/23/2024,DOC
2024Q4,12/23/2024,DOV
2024Q4,12/23/2024,DOW
2024Q4,12/23/2024,DPZ
2024Q4,12/23/2024,DRI
2024Q4,12/23/2024,DTE
2024Q4,12/23/2024,DUK
2024Q4,12/23/2024,DVA
2024Q4,12/23/2024,DVN
2024Q4,12/23/2024,DXCM
2024Q4,12/23/2024,EA
2024Q4,12/23/2024,EBAY
2024Q4,12/23/2024,ECL
2024Q4,12/23/2024,ED
2024Q4,12/23/2024,EFX
2024Q4,12/23/2024,EG
2024Q4,12/23/2024,EIX
2024Q4,12/23/2024,EL
2024Q4,12/23/2024,ELV
2024Q4,12/23/2024,EMN
2024Q4,12/23/2024,EMR
2024Q4,12/23/2024,ENPH
2024Q4,12/23/2024,EOG
2024Q4,12/23/2024,EPAM
2024Q4,12/23/2024,EQIX
2024Q4,12/23/2024,EQR
2024Q4,12/23/2024,EQT
2024Q4,12/23/2024,ERIE
2024Q4,12/23/2024,ES
2024Q4,12/23/2024,ESS
2024Q4,12/23/2024,ETN
2024Q4,12/23/2024,ETR
2024Q4,12/23/2024,EVRG
2024Q4,12/23/2024,EW
2024Q4,12/23/2024,EXC
2024Q4,12/23/2024,EXPD
2024Q4,12/23/2024,EXPE
2024Q4,12/23/2024,EXR
2024Q4,12/23/2024,F
2024Q4,12/23/2024,FANG
2024Q4,12/23/2024,FAST
2024Q4,12/23/2024,FCX
2024Q4,12/23/2024,FDS
2024Q4,12/23/2024,FDX
2024Q4,12/23/2024,FE
2024Q4,12/23/2024,FFIV
2024Q4,12/23/2024,FI
2024Q4,12/23/2024,FICO
2024Q4,12/23/2024,FIS
2024Q4,12/23/2024,FITB
2024Q4,12/23/2024,FMC
2024Q4,12/23/2024,FOX
2024Q4,12/23/2024,FOXA
2024Q4,12/23/2024,FRT
2024Q4,12/23/2024,FSLR
2024Q4,12/23/2024,FTNT
2024Q4,12/23/2024,FTV
2024Q4,12/23/2024,GD
2024Q4,12/23/2024,GDDY
2024Q4,12/23/2024,GE
2024Q4,12/23/2024,GEHC
2024Q4,12/23/2024,GEN
2024Q4,12/23/2024,GEV
2024Q4,12/23/2024,GILD
2024Q4,12/23/2024,GIS
2024Q4,12/23/2024,GL
2024Q4,12/23/2024,GLW
2024Q4,12/23/2024,GM
2024Q4,12/23/2024,GNRC
2024Q4,12/23/2024,GOOG
2024Q4,12/23/2024,GOOGL
2024Q4,12/23/2024,GPC
2024Q4,12/23/2024,GPN
2024Q4,12/23/2024,GRMN
2024Q4,12/23/2024,GS
2024Q4,12/23/2024,GWW
2024Q4,12/23/2024,HAL
2024Q4,12/23/2024,HAS
2024Q4,12/23/2024,HBAN
2024Q4,12/23/2024,HCA
2024Q4,12/23/2024,HD
2024Q4,12/23/2024,HES
2024Q4,12/23/2024,HIG
2024Q4,12/23/2024,HII
2024Q4,12/23/2024,HLT
2024Q4,12/23/2024,HOLX
2024Q4,12/23/2024,HON
2024Q4,12/23/2024,HPE
2024Q4,12/23/2024,HPQ
2024Q4,12/23/2024,HRL
2024Q4,12/23/2024,HSIC
2024Q4,12/23/2024,HST
2024Q4,12/23/2024,HSY
2024Q4,12/23/2024,HUBB
2024Q4,12/23/2024,HUM
2024Q4,12/23/2024,HWM
2024Q4,12/23/2024,IBM
2024Q4,12/23/2024,ICE
2024Q4,12/23/2024,IDXX
2024Q4,12/23/2024,IEX
2024Q4,12/23/2024,IFF
2024Q4,12/23/2024,INCY
2024Q4,12/23/2024,INTC
2024Q4,12/23/2024,INTU
2024Q4,12/23/2024,INVH
2024Q4,12/23/2024,IP
2024Q4,12/23/2024,IPG
2024Q4,12/23/2024,IQV
2024Q4,12/23/2024,IR
2024Q4,12/23/2024,IRM
2024Q4,12/23/2024,ISRG
2024Q4,12/23/2024,IT
2024Q4,12/23/2024,ITW
2024Q4,12/23/2024,IVZ
2024Q4,12/23/2024,J
2024Q4,12/23/2024,JBHT
2024Q4,12/23/2024,JBL
2024Q4,12/23/2024,JCI
2024Q4,12/23/2024,JKHY
2024Q4,12/23/2024,JNJ
2024Q4,12/23/2024,JNPR
2024Q4,12/23/2024,JPM
2024Q4,12/23/2024,K
2024Q4,12/23/2024,KDP
2024Q4,12/23/2024,KEY
2024Q4,12/23/2024,KEYS
2024Q4,12/23/2024,KHC
2024Q4,12/23/2024,KIM
2024Q4,12/23/2024,KKR
2024Q4,12/23/2024,KLAC
2024Q4,12/23/2024,KMB
2024Q4,12/23/2024,KMI
2024Q4,12/23/2024,KMX
2024Q4,12/23/2024,KO
2024Q4,12/23/2024,KR
2024Q4,12/23/2024,KVUE
2024Q4,12/23/2024,L
2024Q4,12/23/2024,LDOS
2024Q4,12/23/2024,LEN
2024Q4,12/23/2024,LH
2024Q4,12/23/2024,LHX
2024Q4,12/23/2024,LII
2024Q4,12/23/2024,LIN
2024Q4,12/23/2024,LKQ
2024Q4,12/23/2024,LLY
2024Q4,12/23/2024,LMT
2024Q4,12/23/2024,LNT
2024Q4,12/23/2024,LOW
2024Q4,12/23/2024,LRCX
2024Q4,12/23/2024,LULU
2024Q4,12/23/2024,LUV
2024Q4,12/23/2024,LVS
2024Q4,12/23/2024,LW
2024Q4,12/23/2024,LYB
2024Q4,12/23/2024,LYV
2024Q4,12/23/2024,MA
2024Q4,12/23/2024,MAA
2024Q4,12/23/2024,MAR
2024Q4,12/23/2024,MAS
2024Q4,12/23/2024,MCD
2024Q4,12/23/2024,MCHP
2024Q4,12/23/2024,MCK
2024Q4,12/23/2024,MCO
2024Q4,12/23/2024,MDLZ
2024Q4,12/23/2024,MDT
2024Q4,12/23/2024,MET
2024Q4,12/23/2024,META
2024Q4,12/23/2024,MGM
2024Q4,12/23/2024,MHK
2024Q4,12/23/2024,MKC
2024Q4,12/23/2024,MKTX
2024Q4,12/23/2024,MLM
2024Q4,12/23/2024,MMC
2024Q4,12/23/2024,MMM
2024Q4,12/23/2024,MNST
2024Q4,12/23/2024,MO
2024Q4,12/23/2024,MOH
2024Q4,12/23/2024,MOS
2024Q4,12/23/2024,MPC
2024Q4,12/23/2024,MPWR
2024Q4,12/23/2024,MRK
2024Q4,12/23/2024,MRNA
2024Q4,12/23/2024,MS
2024Q4,12/23/2024,MSCI
2024Q4,12/23/2024,MSFT
2024Q4,12/23/2024,MSI
2024Q4,12/23/2024,MTB
2024Q4,12/23/2024,MTCH
2024Q4,12/23/2024,MTD
2024Q4,12/23/2024,MU
2024Q4,12/23/2024,NCLH
2024Q4,12/23/2024,NDAQ
2024Q4,12/23/2024,NDSN
2024Q4,12/23/2024,NEE
2024Q4,12/23/2024,NEM
2024Q4,12/23/2024,NFLX
2024Q4,12/23/2024,NI
2024Q4,12/23/2024,NKE
2024Q4,12/23/2024,NOC
2024Q4,12/23/2024,NOW
2024Q4,12/23/2024,NRG
2024Q4,12/23/2024,NSC
2024Q4,12/23/2024,NTAP
2024Q4,12/23/2024,NTRS
2024Q4,12/23/2024,NUE
2024Q4,12/23/2024,NVDA
2024Q4,12/23/2024,NVR
2024Q4,12/23/2024,NWS
2024Q4,12/23/2024,NWSA
2024Q4,12/23/2024,NXPI
2024Q4,12/23/2024,O
2024Q4,12/23/2024,ODFL
2024Q4,12/23/2024,OKE
2024Q4,12/23/2024,OMC
2024Q4,12/23/2024,ON
2024Q4,12/23/2024,ORCL
2024Q4,12/23/2024,ORLY
2024Q4,12/23/2024,OTIS
2024Q4,12/23/2024,OXY
2024Q4,12/23/2024,PANW
2024Q4,12/23/2024,PARA
2024Q4,12/23/2024,PAYC
2024Q4,12/23/2024,PAYX
2024Q4,12/23/2024,PCAR
2024Q4,12/23/2024,PCG
2024Q4,12/23/2024,PEG
2024Q4,12/23/2024,PEP
2024Q4,12/23/2024,PFE
2024Q4,12/23/2024,PFG
2024Q4,12/23/2024,PG
2024Q4,12/23/2024,PGR
2024Q4,12/23/2024,PH
2024Q4,12/23/2024,PHM
2024Q4,12/23/2024,PKG
2024Q4,12/23/2024,PLD
2024Q4,12/23/2024,PLTR
2024Q4,12/23/2024,PM
2024Q4,12/23/2024,PNC
2024Q4,12/23/2024,PNR
2024Q4,12/23/2024,PNW
2024Q4,12/23/2024,PODD
2024Q4,12/23/2024,POOL
2024Q4,12/23/2024,PPG
2024Q4,12/23/2024,PPL
2024Q4,12/23/2024,PRU
2024Q4,12/23/2024,PSA
2024Q4,12/23/2024,PSX
2024Q4,12/23/2024,PTC
2024Q4,12/23/2024,PWR
2024Q4,12/23/2024,PYPL
2024Q4,12/23/2024,QCOM
2024Q4,12/23/2024,RCL
2024Q4,12/23/2024,REG
2024Q4,12/23/2024,REGN
2024Q4,12/23/2024,RF
2024Q4,12/23/2024,RJF
2024Q4,12/23/2024,RL
2024Q4,12/23/2024,RMD
2024Q4,12/23/2024,ROK
2024Q4,12/23/2024,ROL
2024Q4,12/23/2024,ROP
2024Q4,12/23/2024,ROST
2024Q4,12/23/2024,RSG
2024Q4,12/23/2024,RTX
2024Q4,12/23/2024,RVTY
2024Q4,12/23/2024,SBAC
2024Q4,12/23/2024,SBUX
2024Q4,12/23/2024,SCHW
2024Q4,12/23/2024,SHW
2024Q4,12/23/2024,SJM
2024Q4,12/23/2024,SLB
2024Q4,12/23/2024,SMCI
2024Q4,12/23/2024,SNA
2024Q4,12/23/2024,SNPS
2024Q4,12/23/2024,SO
2024Q4,12/23/2024,SOLV
2024Q4,12/23/2024,SPG
2024Q4,12/23/2024,SPGI
2024Q4,12/23/2024,SRE
2024Q4,12/23/2024,STE
2024Q4,12/23/2024,STLD
2024Q4,12/23/2024,STT
2024Q4,12/23/2024,STX
2024Q4,12/23/2024,STZ
2024Q4,12/23/2024,SW
2024Q4,12/23/2024,SWK
2024Q4,12/23/2024,SWKS
2024Q4,12/23/2024,SYF
2024Q4,12/23/2024,SYK
2024Q4,12/23/2024,SYY
2024Q4,12/23/2024,T
2024Q4,12/23/2024,TAP
2024Q4,12/23/2024,TDG
2024Q4,12/23/2024,TDY
2024Q4,12/23/2024,TECH
2024Q4,12/23/2024,TEL
2024Q4,12/23/2024,TER
2024Q4,12/23/2024,TFC
2024Q4,12/23/2024,TFX
2024Q4,12/23/2024,TGT
2024Q4,12/23/2024,TJX
2024Q4,12/23/2024,TMO
2024Q4,12/23/2024,TMUS
2024Q4,12/23/2024,TPL
2024Q4,12/23/2024,TPR
2024Q4,12/23/2024,TRGP
2024Q4,12/23/2024,TRMB
2024Q4,12/23/2024,TROW
2024Q4,12/23/2024,TRV
2024Q4,12/23/2024,TSCO
2024Q4,12/23/2024,TSLA
2024Q4,12/23/2024,TSN
2024Q4,12/23/2024,TT
2024Q4,12/23/2024,TTWO
2024Q4,12/23/2024,TXN
2024Q4,12/23/2024,TXT
2024Q4,12/23/2024,TYL
2024Q4,12/23/2024,UAL
2024Q4,12/23/2024,UBER
2024Q4,12/23/2024,UDR
2024Q4,12/23/2024,UHS
2024Q4,12/23/2024,ULTA
2024Q4,12/23/2024,UNH
2024Q4,12/23/2024,UNP
2024Q4,12/23/2024,UPS
2024Q4,12/23/2024,URI
2024Q4,12/23/2024,USB
2024Q4,12/23/2024,V
2024Q4,12/23/2024,VICI
2024Q4,12/23/2024,VLO
2024Q4,12/23/2024,VLTO
2024Q4,12/23/2024,VMC
2024Q4,12/23/2024,VRSK
2024Q4,12/23/2024,VRSN
2024Q4,12/23/2024,VRTX
2024Q4,12/23/2024,VST
2024Q4,12/23/2024,VTR
2024Q4,12/23/2024,VTRS
2024Q4,12/23/2024,VZ
2024Q4,12/23/2024,WAB
2024Q4,12/23/2024,WAT
2024Q4,12/23/2024,WBA
2024Q4,12/23/2024,WBD
2024Q4,12/23/2024,WDAY
2024Q4,12/23/2024,WDC
2024Q4,12/23/2024,WEC
2024Q4,12/23/2024,WELL
2024Q4,12/23/2024,WFC
2024Q4,12/23/2024,WM
2024Q4,12/23/2024,WMB
2024Q4,12/23/2024,WMT
2024Q4,12/23/2024,WRB
2024Q4,12/23/2024,WST
2024Q4,12/23/2024,WTW
2024Q4,12/23/2024,WY
2024Q4,12/23/2024,WYNN
2024Q4,12/23/2024,XEL
2024Q4,12/23/2024,XOM
2024Q4,12/23/2024,XYL
2024Q4,12/23/2024,YUM
2024Q4,12/23/2024,ZBH
2024Q4,12/23/2024,ZBRA
2024Q4,12/23/2024,ZTS
2025Q2,4/24/2025,A
2025Q2,4/24/2025,AAPL
2025Q2,4/24/2025,ABBV
2025Q2,4/24/2025,ABNB
2025Q2,4/24/2025,ABT
2025Q2,4/24/2025,ACGL
2025Q2,4/24/2025,ACN
2025Q2,4/24/2025,ADBE
2025Q2,4/24/2025,ADI
2025Q2,4/24/2025,ADM
2025Q2,4/24/2025,ADP
2025Q2,4/24/2025,ADSK
2025Q2,4/24/2025,AEE
2025Q2,4/24/2025,AEP
2025Q2,4/24/2025,AES
2025Q2,4/24/2025,AFL
2025Q2,4/24/2025,AIG
2025Q2,4/24/2025,AIZ
2025Q2,4/24/2025,AJG
2025Q2,4/24/2025,AKAM
2025Q2,4/24/2025,ALB
2025Q2,4/24/2025,ALGN
2025Q2,4/24/2025,ALL
2025Q2,4/24/2025,ALLE
2025Q2,4/24/2025,AMAT
2025Q2,4/24/2025,AMCR
2025Q2,4/24/2025,AMD
2025Q2,4/24/2025,AME
2025Q2,4/24/2025,AMGN
2025Q2,4/24/2025,AMP
2025Q2,4/24/2025,AMT
2025Q2,4/24/2025,AMZN
2025Q2,4/24/2025,ANET
2025Q2,4/24/2025,ANSS
2025Q2,4/24/2025,AON
2025Q2,4/24/2025,AOS
2025Q2,4/24/2025,APA
2025Q2,4/24/2025,APD
2025Q2,4/24/2025,APH
2025Q2,4/24/2025,APO
2025Q2,4/24/2025,APTV
2025Q2,4/24/2025,ARE
2025Q2,4/24/2025,ATO
2025Q2,4/24/2025,AVB
2025Q2,4/24/2025,AVGO
2025Q2,4/24/2025,AVY
2025Q2,4/24/2025,AWK
2025Q2,4/24/2025,AXON
2025Q2,4/24/2025,AXP
2025Q2,4/24/2025,AZO
2025Q2,4/24/2025,BA
2025Q2,4/24/2025,BAC
2025Q2,4/24/2025,BALL
2025Q2,4/24/2025,BAX
2025Q2,4/24/2025,BBY
2025Q2,4/24/2025,BDX
2025Q2,4/24/2025,BEN
2025Q2,4/24/2025,BF.B
2025Q2,4/24/2025,BG
2025Q2,4/24/2025,BIIB
2025Q2,4/24/2025,BK
2025Q2,4/24/2025,BKNG
2025Q2,4/24/2025,BKR
2025Q2,4/24/2025,BLDR
2025Q2,4/24/2025,BLK
2025Q2,4/24/2025,BMY
2025Q2,4/24/2025,BR
2025Q2,4/24/2025,BRK.B
2025Q2,4/24/2025,BRO
2025Q2,4/24/2025,BSX
2025Q2,4/24/2025,BX
2025Q2,4/24/2025,BXP
2025Q2,4/24/2025,C
2025Q2,4/24/2025,CAG
2025Q2,4/24/2025,CAH
2025Q2,4/24/2025,CARR
2025Q2,4/24/2025,CAT
2025Q2,4/24/2025,CB
2025Q2,4/24/2025,CBOE
2025Q2,4/24/2025,CBRE
2025Q2,4/24/2025,CCI
2025Q2,4/24/2025,CCL
2025Q2,4/24/2025,CDNS
2025Q2,4/24/2025,CDW
2025Q2,4/24/2025,CEG
2025Q2,4/24/2025,CF
2025Q2,4/24/2025,CFG
2025Q2,4/24/2025,CHD
2025Q2,4/24/2025,CHRW
2025Q2,4/24/2025,CHTR
2025Q2,4/24/2025,CI
2025Q2,4/24/2025,CINF
2025Q2,4/24/2025,CL
2025Q2,4/24/2025,CLX
2025Q2,4/24/2025,CMCSA
2025Q2,4/24/2025,CME
2025Q2,4/24/2025,CMG
2025Q2,4/24/2025,CMI
2025Q2,4/24/2025,CMS
2025Q2,4/24/2025,CNC
2025Q2,4/24/2025,CNP
2025Q2,4/24/2025,COF
2025Q2,4/24/2025,COO
2025Q2,4/24/2025,COP
2025Q2,4/24/2025,COR
2025Q2,4/24/2025,COST
2025Q2,4/24/2025,CPAY
2025Q2,4/24/2025,CPB
2025Q2,4/24/2025,CPRT
2025Q2,4/24/2025,CPT
2025Q2,4/24/2025,CRL
2025Q2,4/24/2025,CRM
2025Q2,4/24/2025,CRWD
2025Q2,4/24/2025,CSCO
2025Q2,4/24/2025,CSGP
2025Q2,4/24/2025,CSX
2025Q2,4/24/2025,CTAS
2025Q2,4/24/2025,CTRA
2025Q2,4/24/2025,CTSH
2025Q2,4/24/2025,CTVA
2025Q2,4/24/2025,CVS
2025Q2,4/24/2025,CVX
2025Q2,4/24/2025,CZR
2025Q2,4/24/2025,D
2025Q2,4/24/2025,DAL
2025Q2,4/24/2025,DASH
2025Q2,4/24/2025,DAY
2025Q2,4/24/2025,DD
2025Q2,4/24/2025,DE
2025Q2,4/24/2025,DECK
2025Q2,4/24/2025,DELL
2025Q2,4/24/2025,DFS
2025Q2,4/24/2025,DG
2025Q2,4/24/2025,DGX
2025Q2,4/24/2025,DHI
2025Q2,4/24/2025,DHR
2025Q2,4/24/2025,DIS
2025Q2,4/24/2025,DLR
2025Q2,4/24/2025,DLTR
2025Q2,4/24/2025,DOC
2025Q2,4/24/2025,DOV
2025Q2,4/24/2025,DOW
2025Q2,4/24/2025,DPZ
2025Q2,4/24/2025,DRI
2025Q2,4/24/2025,DTE
2025Q2,4/24/2025,DUK
2025Q2,4/24/2025,DVA
2025Q2,4/24/2025,DVN
2025Q2,4/24/2025,DXCM
2025Q2,4/24/2025,EA
2025Q2,4/24/2025,EBAY
2025Q2,4/24/2025,ECL
2025Q2,4/24/2025,ED
2025Q2,4/24/2025,EFX
2025Q2,4/24/2025,EG
2025Q2,4/24/2025,EIX
2025Q2,4/24/2025,EL
2025Q2,4/24/2025,ELV
2025Q2,4/24/2025,EMN
2025Q2,4/24/2025,EMR
2025Q2,4/24/2025,ENPH
2025Q2,4/24/2025,EOG
2025Q2,4/24/2025,EPAM
2025Q2,4/24/2025,EQIX
2025Q2,4/24/2025,EQR
2025Q2,4/24/2025,EQT
2025Q2,4/24/2025,ERIE
2025Q2,4/24/2025,ES
2025Q2,4/24/2025,ESS
2025Q2,4/24/2025,ETN
2025Q2,4/24/2025,ETR
2025Q2,4/24/2025,EVRG
2025Q2,4/24/2025,EW
2025Q2,4/24/2025,EXC
2025Q2,4/24/2025,EXE
2025Q2,4/24/2025,EXPD
2025Q2,4/24/2025,EXPE
2025Q2,4/24/2025,EXR
2025Q2,4/24/2025,F
2025Q2,4/24/2025,FANG
2025Q2,4/24/2025,FAST
2025Q2,4/24/2025,FCX
2025Q2,4/24/2025,FDS
2025Q2,4/24/2025,FDX
2025Q2,4/24/2025,FE
2025Q2,4/24/2025,FFIV
2025Q2,4/24/2025,FI
2025Q2,4/24/2025,FICO
2025Q2,4/24/2025,FIS
2025Q2,4/24/2025,FITB
2025Q2,4/24/2025,FOX
2025Q2,4/24/2025,FOXA
2025Q2,4/24/2025,FRT
2025Q2,4/24/2025,FSLR
2025Q2,4/24/2025,FTNT
2025Q2,4/24/2025,FTV
2025Q2,4/24/2025,GD
2025Q2,4/24/2025,GDDY
2025Q2,4/24/2025,GE
2025Q2,4/24/2025,GEHC
2025Q2,4/24/2025,GEN
2025Q2,4/24/2025,GEV
2025Q2,4/24/2025,GILD
2025Q2,4/24/2025,GIS
2025Q2,4/24/2025,GL
2025Q2,4/24/2025,GLW
2025Q2,4/24/2025,GM
2025Q2,4/24/2025,GNRC
2025Q2,4/24/2025,GOOG
2025Q2,4/24/2025,GOOGL
2025Q2,4/24/2025,GPC
2025Q2,4/24/2025,GPN
2025Q2,4/24/2025,GRMN
2025Q2,4/24/2025,GS
2025Q2,4/24/2025,GWW
2025Q2,4/24/2025,HAL
2025Q2,4/24/2025,HAS
2025Q2,4/24/2025,HBAN
2025Q2,4/24/2025,HCA
2025Q2,4/24/2025,HD
2025Q2,4/24/2025,HES
2025Q2,4/24/2025,HIG
2025Q2,4/24/2025,HII
2025Q2,4/24/2025,HLT
2025Q2,4/24/2025,HOLX
2025Q2,4/24/2025,HON
2025Q2,4/24/2025,HPE
2025Q2,4/24/2025,HPQ
2025Q2,4/24/2025,HRL
2025Q2,4/24/2025,HSIC
2025Q2,4/24/2025,HST
2025Q2,4/24/2025,HSY
2025Q2,4/24/2025,HUBB
2025Q2,4/24/2025,HUM
2025Q2,4/24/2025,HWM
2025Q2,4/24/2025,IBM
2025Q2,4/24/2025,ICE
2025Q2,4/24/2025,IDXX
2025Q2,4/24/2025,IEX
2025Q2,4/24/2025,IFF
2025Q2,4/24/2025,INCY
2025Q2,4/24/2025,INTC
2025Q2,4/24/2025,INTU
2025Q2,4/24/2025,INVH
2025Q2,4/24/2025,IP
2025Q2,4/24/2025,IPG
2025Q2,4/24/2025,IQV
2025Q2,4/24/2025,IR
2025Q2,4/24/2025,IRM
2025Q2,4/24/2025,ISRG
2025Q2,4/24/2025,IT
2025Q2,4/24/2025,ITW
2025Q2,4/24/2025,IVZ
2025Q2,4/24/2025,J
2025Q2,4/24/2025,JBHT
2025Q2,4/24/2025,JBL
2025Q2,4/24/2025,JCI
2025Q2,4/24/2025,JKHY
2025Q2,4/24/2025,JNJ
2025Q2,4/24/2025,JNPR
2025Q2,4/24/2025,JPM
2025Q2,4/24/2025,K
2025Q2,4/24/2025,KDP
2025Q2,4/24/2025,KEY
2025Q2,4/24/2025,KEYS
2025Q2,4/24/2025,KHC
2025Q2,4/24/2025,KIM
2025Q2,4/24/2025,KKR
2025Q2,4/24/2025,KLAC
2025Q2,4/24/2025,KMB
2025Q2,4/24/2025,KMI
2025Q2,4/24/2025,KMX
2025Q2,4/24/2025,KO
2025Q2,4/24/2025,KR
2025Q2,4/24/2025,KVUE
2025Q2,4/24/2025,L
2025Q2,4/24/2025,LDOS
2025Q2,4/24/2025,LEN
2025Q2,4/24/2025,LH
2025Q2,4/24/2025,LHX
2025Q2,4/24/2025,LII
2025Q2,4/24/2025,LIN
2025Q2,4/24/2025,LKQ
2025Q2,4/24/2025,LLY
2025Q2,4/24/2025,LMT
2025Q2,4/24/2025,LNT
2025Q2,4/24/2025,LOW
2025Q2,4/24/2025,LRCX
2025Q2,4/24/2025,LULU
2025Q2,4/24/2025,LUV
2025Q2,4/24/2025,LVS
2025Q2,4/24/2025,LW
2025Q2,4/24/2025,LYB
2025Q2,4/24/2025,LYV
2025Q2,4/24/2025,MA
2025Q2,4/24/2025,MAA
2025Q2,4/24/2025,MAR
2025Q2,4/24/2025,MAS
2025Q2,4/24/2025,MCD
2025Q2,4/24/2025,MCHP
2025Q2,4/24/2025,MCK
2025Q2,4/24/2025,MCO
2025Q2,4/24/2025,MDLZ
2025Q2,4/24/2025,MDT
2025Q2,4/24/2025,MET
2025Q2,4/24/2025,META
2025Q2,4/24/2025,MGM
2025Q2,4/24/2025,MHK
2025Q2,4/24/2025,MKC
2025Q2,4/24/2025,MKTX
2025Q2,4/24/2025,MLM
2025Q2,4/24/2025,MMC
2025Q2,4/24/2025,MMM
2025Q2,4/24/2025,MNST
2025Q2,4/24/2025,MO
2025Q2,4/24/2025,MOH
2025Q2,4/24/2025,MOS
2025Q2,4/24/2025,MPC
2025Q2,4/24/2025,MPWR
2025Q2,4/24/2025,MRK
2025Q2,4/24/2025,MRNA
2025Q2,4/24/2025,MS
2025Q2,4/24/2025,MSCI
2025Q2,4/24/2025,MSFT
2025Q2,4/24/2025,MSI
2025Q2,4/24/2025,MTB
2025Q2,4/24/2025,MTCH
2025Q2,4/24/2025,MTD
2025Q2,4/24/2025,MU
2025Q2,4/24/2025,NCLH
2025Q2,4/24/2025,NDAQ
2025Q2,4/24/2025,NDSN
2025Q2,4/24/2025,NEE
2025Q2,4/24/2025,NEM
2025Q2,4/24/2025,NFLX
2025Q2,4/24/2025,NI
2025Q2,4/24/2025,NKE
2025Q2,4/24/2025,NOC
2025Q2,4/24/2025,NOW
2025Q2,4/24/2025,NRG
2025Q2,4/24/2025,NSC
2025Q2,4/24/2025,NTAP
2025Q2,4/24/2025,NTRS
2025Q2,4/24/2025,NUE
2025Q2,4/24/2025,NVDA
2025Q2,4/24/2025,NVR
2025Q2,4/24/2025,NWS
2025Q2,4/24/2025,NWSA
2025Q2,4/24/2025,NXPI
2025Q2,4/24/2025,O
2025Q2,4/24/2025,ODFL
2025Q2,4/24/2025,OKE
2025Q2,4/24/2025,OMC
2025Q2,4/24/2025,ON
2025Q2,4/24/2025,ORCL
2025Q2,4/24/2025,ORLY
2025Q2,4/24/2025,OTIS
2025Q2,4/24/2025,OXY
2025Q2,4/24/2025,PANW
2025Q2,4/24/2025,PARA
2025Q2,4/24/2025,PAYC
2025Q2,4/24/2025,PAYX
2025Q2,4/24/2025,PCAR
2025Q2,4/24/2025,PCG
2025Q2,4/24/2025,PEG
2025Q2,4/24/2025,PEP
2025Q2,4/24/2025,PFE
2025Q2,4/24/2025,PFG
2025Q2,4/24/2025,PG
2025Q2,4/24/2025,PGR
2025Q2,4/24/2025,PH
2025Q2,4/24/2025,PHM
2025Q2,4/24/2025,PKG
2025Q2,4/24/2025,PLD
2025Q2,4/24/2025,PLTR
2025Q2,4/24/2025,PM
2025Q2,4/24/2025,PNC
2025Q2,4/24/2025,PNR
2025Q2,4/24/2025,PNW
2025Q2,4/24/2025,PODD
2025Q2,4/24/2025,POOL
2025Q2,4/24/2025,PPG
2025Q2,4/24/2025,PPL
2025Q2,4/24/2025,PRU
2025Q2,4/24/2025,PSA
2025Q2,4/24/2025,PSX
2025Q2,4/24/2025,PTC
2025Q2,4/24/2025,PWR
2025Q2,4/24/2025,PYPL
2025Q2,4/24/2025,QCOM
2025Q2,4/24/2025,RCL
2025Q2,4/24/2025,REG
2025Q2,4/24/2025,REGN
2025Q2,4/24/2025,RF
2025Q2,4/24/2025,RJF
2025Q2,4/24/2025,RL
2025Q2,4/24/2025,RMD
2025Q2,4/24/2025,ROK
2025Q2,4/24/2025,ROL
2025Q2,4/24/2025,ROP
2025Q2,4/24/2025,ROST
2025Q2,4/24/2025,RSG
2025Q2,4/24/2025,RTX
2025Q2,4/24/2025,RVTY
2025Q2,4/24/2025,SBAC
2025Q2,4/24/2025,SBUX
2025Q2,4/24/2025,SCHW
2025Q2,4/24/2025,SHW
2025Q2,4/24/2025,SJM
2025Q2,4/24/2025,SLB
2025Q2,4/24/2025,SMCI
2025Q2,4/24/2025,SNA
2025Q2,4/24/2025,SNPS
2025Q2,4/24/2025,SO
2025Q2,4/24/2025,SOLV
2025Q2,4/24/2025,SPG
2025Q2,4/24/2025,SPGI
2025Q2,4/24/2025,SRE
2025Q2,4/24/2025,STE
2025Q2,4/24/2025,STLD
2025Q2,4/24/2025,STT
2025Q2,4/24/2025,STX
2025Q2,4/24/2025,STZ
2025Q2,4/24/2025,SW
2025Q2,4/24/2025,SWK
2025Q2,4/24/2025,SWKS
2025Q2,4/24/2025,SYF
2025Q2,4/24/2025,SYK
2025Q2,4/24/2025,SYY
2025Q2,4/24/2025,T
2025Q2,4/24/2025,TAP
2025Q2,4/24/2025,TDG
2025Q2,4/24/2025,TDY
2025Q2,4/24/2025,TECH
2025Q2,4/24/2025,TEL
2025Q2,4/24/2025,TER
2025Q2,4/24/2025,TFC
2025Q2,4/24/2025,TGT
2025Q2,4/24/2025,TJX
2025Q2,4/24/2025,TKO
2025Q2,4/24/2025,TMO
2025Q2,4/24/2025,TMUS
2025Q2,4/24/2025,TPL
2025Q2,4/24/2025,TPR
2025Q2,4/24/2025,TRGP
2025Q2,4/24/2025,TRMB
2025Q2,4/24/2025,TROW
2025Q2,4/24/2025,TRV
2025Q2,4/24/2025,TSCO
2025Q2,4/24/2025,TSLA
2025Q2,4/24/2025,TSN
2025Q2,4/24/2025,TT
2025Q2,4/24/2025,TTWO
2025Q2,4/24/2025,TXN
2025Q2,4/24/2025,TXT
2025Q2,4/24/2025,TYL
2025Q2,4/24/2025,UAL
2025Q2,4/24/2025,UBER
2025Q2,4/24/2025,UDR
2025Q2,4/24/2025,UHS
2025Q2,4/24/2025,ULTA
2025Q2,4/24/2025,UNH
2025Q2,4/24/2025,UNP
2025Q2,4/24/2025,UPS
2025Q2,4/24/2025,URI
2025Q2,4/24/2025,USB
2025Q2,4/24/2025,V
2025Q2,4/24/2025,VICI
2025Q2,4/24/2025,VLO
2025Q2,4/24/2025,VLTO
2025Q2,4/24/2025,VMC
2025Q2,4/24/2025,VRSK
2025Q2,4/24/2025,VRSN
2025Q2,4/24/2025,VRTX
2025Q2,4/24/2025,VST
2025Q2,4/24/2025,VTR
2025Q2,4/24/2025,VTRS
2025Q2,4/24/2025,VZ
2025Q2,4/24/2025,WAB
2025Q2,4/24/2025,WAT
2025Q2,4/24/2025,WBA
2025Q2,4/24/2025,WBD
2025Q2,4/24/2025,WDAY
2025Q2,4/24/2025,WDC
2025Q2,4/24/2025,WEC
2025Q2,4/24/2025,WELL
2025Q2,4/24/2025,WFC
2025Q2,4/24/2025,WM
2025Q2,4/24/2025,WMB
2025Q2,4/24/2025,WMT
2025Q2,4/24/2025,WRB
2025Q2,4/24/2025,WSM
2025Q2,4/24/2025,WST
2025Q2,4/24/2025,WTW
2025Q2,4/24/2025,WY
2025Q2,4/24/2025,WYNN
2025Q2,4/24/2025,XEL
2025Q2,4/24/2025,XOM
2025Q2,4/24/2025,XYL
2025Q2,4/24/2025,YUM
2025Q2,4/24/2025,ZBH
2025Q2,4/24/2025,ZBRA
2025Q2,4/24/2025,ZTS
2025Q3,7/9/2025,A
2025Q3,7/9/2025,AAPL
2025Q3,7/9/2025,ABBV
2025Q3,7/9/2025,ABNB
2025Q3,7/9/2025,ABT
2025Q3,7/9/2025,ACGL
2025Q3,7/9/2025,ACN
2025Q3,7/9/2025,ADBE
2025Q3,7/9/2025,ADI
2025Q3,7/9/2025,ADM
2025Q3,7/9/2025,ADP
2025Q3,7/9/2025,ADSK
2025Q3,7/9/2025,AEE
2025Q3,7/9/2025,AEP
2025Q3,7/9/2025,AES
2025Q3,7/9/2025,AFL
2025Q3,7/9/2025,AIG
2025Q3,7/9/2025,AIZ
2025Q3,7/9/2025,AJG
2025Q3,7/9/2025,AKAM
2025Q3,7/9/2025,ALB
2025Q3,7/9/2025,ALGN
2025Q3,7/9/2025,ALL
2025Q3,7/9/2025,ALLE
2025Q3,7/9/2025,AMAT
2025Q3,7/9/2025,AMCR
2025Q3,7/9/2025,AMD
2025Q3,7/9/2025,AME
2025Q3,7/9/2025,AMGN
2025Q3,7/9/2025,AMP
2025Q3,7/9/2025,AMT
2025Q3,7/9/2025,AMZN
2025Q3,7/9/2025,ANET
2025Q3,7/9/2025,ANSS
2025Q3,7/9/2025,AON
2025Q3,7/9/2025,AOS
2025Q3,7/9/2025,APA
2025Q3,7/9/2025,APD
2025Q3,7/9/2025,APH
2025Q3,7/9/2025,APO
2025Q3,7/9/2025,APTV
2025Q3,7/9/2025,ARE
2025Q3,7/9/2025,ATO
2025Q3,7/9/2025,AVB
2025Q3,7/9/2025,AVGO
2025Q3,7/9/2025,AVY
2025Q3,7/9/2025,AWK
2025Q3,7/9/2025,AXON
2025Q3,7/9/2025,AXP
2025Q3,7/9/2025,AZO
2025Q3,7/9/2025,BA
2025Q3,7/9/2025,BAC
2025Q3,7/9/2025,BALL
2025Q3,7/9/2025,BAX
2025Q3,7/9/2025,BBY
2025Q3,7/9/2025,BDX
2025Q3,7/9/2025,BEN
2025Q3,7/9/2025,BF.B
2025Q3,7/9/2025,BG
2025Q3,7/9/2025,BIIB
2025Q3,7/9/2025,BK
2025Q3,7/9/2025,BKNG
2025Q3,7/9/2025,BKR
2025Q3,7/9/2025,BLDR
2025Q3,7/9/2025,BLK
2025Q3,7/9/2025,BMY
2025Q3,7/9/2025,BR
2025Q3,7/9/2025,BRK.B
2025Q3,7/9/2025,BRO
2025Q3,7/9/2025,BSX
2025Q3,7/9/2025,BX
2025Q3,7/9/2025,BXP
2025Q3,7/9/2025,C
2025Q3,7/9/2025,CAG
2025Q3,7/9/2025,CAH
2025Q3,7/9/2025,CARR
2025Q3,7/9/2025,CAT
2025Q3,7/9/2025,CB
2025Q3,7/9/2025,CBOE
2025Q3,7/9/2025,CBRE
2025Q3,7/9/2025,CCI
2025Q3,7/9/2025,CCL
2025Q3,7/9/2025,CDNS
2025Q3,7/9/2025,CDW
2025Q3,7/9/2025,CEG
2025Q3,7/9/2025,CF
2025Q3,7/9/2025,CFG
2025Q3,7/9/2025,CHD
2025Q3,7/9/2025,CHRW
2025Q3,7/9/2025,CHTR
2025Q3,7/9/2025,CI
2025Q3,7/9/2025,CINF
2025Q3,7/9/2025,CL
2025Q3,7/9/2025,CLX
2025Q3,7/9/2025,CMCSA
2025Q3,7/9/2025,CME
2025Q3,7/9/2025,CMG
2025Q3,7/9/2025,CMI
2025Q3,7/9/2025,CMS
2025Q3,7/9/2025,CNC
2025Q3,7/9/2025,CNP
2025Q3,7/9/2025,COF
2025Q3,7/9/2025,COIN
2025Q3,7/9/2025,COO
2025Q3,7/9/2025,COP
2025Q3,7/9/2025,COR
2025Q3,7/9/2025,COST
2025Q3,7/9/2025,CPAY
2025Q3,7/9/2025,CPB
2025Q3,7/9/2025,CPRT
2025Q3,7/9/2025,CPT
2025Q3,7/9/2025,CRL
2025Q3,7/9/2025,CRM
2025Q3,7/9/2025,CRWD
2025Q3,7/9/2025,CSCO
2025Q3,7/9/2025,CSGP
2025Q3,7/9/2025,CSX
2025Q3,7/9/2025,CTAS
2025Q3,7/9/2025,CTRA
2025Q3,7/9/2025,CTSH
2025Q3,7/9/2025,CTVA
2025Q3,7/9/2025,CVS
2025Q3,7/9/2025,CVX
2025Q3,7/9/2025,CZR
2025Q3,7/9/2025,D
2025Q3,7/9/2025,DAL
2025Q3,7/9/2025,DASH
2025Q3,7/9/2025,DAY
2025Q3,7/9/2025,DD
2025Q3,7/9/2025,DDOG
2025Q3,7/9/2025,DE
2025Q3,7/9/2025,DECK
2025Q3,7/9/2025,DELL
2025Q3,7/9/2025,DG
2025Q3,7/9/2025,DGX
2025Q3,7/9/2025,DHI
2025Q3,7/9/2025,DHR
2025Q3,7/9/2025,DIS
2025Q3,7/9/2025,DLR
2025Q3,7/9/2025,DLTR
2025Q3,7/9/2025,DOC
2025Q3,7/9/2025,DOV
2025Q3,7/9/2025,DOW
2025Q3,7/9/2025,DPZ
2025Q3,7/9/2025,DRI
2025Q3,7/9/2025,DTE
2025Q3,7/9/2025,DUK
2025Q3,7/9/2025,DVA
2025Q3,7/9/2025,DVN
2025Q3,7/9/2025,DXCM
2025Q3,7/9/2025,EA
2025Q3,7/9/2025,EBAY
2025Q3,7/9/2025,ECL
2025Q3,7/9/2025,ED
2025Q3,7/9/2025,EFX
2025Q3,7/9/2025,EG
2025Q3,7/9/2025,EIX
2025Q3,7/9/2025,EL
2025Q3,7/9/2025,ELV
2025Q3,7/9/2025,EMN
2025Q3,7/9/2025,EMR
2025Q3,7/9/2025,ENPH
2025Q3,7/9/2025,EOG
2025Q3,7/9/2025,EPAM
2025Q3,7/9/2025,EQIX
2025Q3,7/9/2025,EQR
2025Q3,7/9/2025,EQT
2025Q3,7/9/2025,ERIE
2025Q3,7/9/2025,ES
2025Q3,7/9/2025,ESS
2025Q3,7/9/2025,ETN
2025Q3,7/9/2025,ETR
2025Q3,7/9/2025,EVRG
2025Q3,7/9/2025,EW
2025Q3,7/9/2025,EXC
2025Q3,7/9/2025,EXE
2025Q3,7/9/2025,EXPD
2025Q3,7/9/2025,EXPE
2025Q3,7/9/2025,EXR
2025Q3,7/9/2025,F
2025Q3,7/9/2025,FANG
2025Q3,7/9/2025,FAST
2025Q3,7/9/2025,FCX
2025Q3,7/9/2025,FDS
2025Q3,7/9/2025,FDX
2025Q3,7/9/2025,FE
2025Q3,7/9/2025,FFIV
2025Q3,7/9/2025,FI
2025Q3,7/9/2025,FICO
2025Q3,7/9/2025,FIS
2025Q3,7/9/2025,FITB
2025Q3,7/9/2025,FOX
2025Q3,7/9/2025,FOXA
2025Q3,7/9/2025,FRT
2025Q3,7/9/2025,FSLR
2025Q3,7/9/2025,FTNT
2025Q3,7/9/2025,FTV
2025Q3,7/9/2025,GD
2025Q3,7/9/2025,GDDY
2025Q3,7/9/2025,GE
2025Q3,7/9/2025,GEHC
2025Q3,7/9/2025,GEN
2025Q3,7/9/2025,GEV
2025Q3,7/9/2025,GILD
2025Q3,7/9/2025,GIS
2025Q3,7/9/2025,GL
2025Q3,7/9/2025,GLW
2025Q3,7/9/2025,GM
2025Q3,7/9/2025,GNRC
2025Q3,7/9/2025,GOOG
2025Q3,7/9/2025,GOOGL
2025Q3,7/9/2025,GPC
2025Q3,7/9/2025,GPN
2025Q3,7/9/2025,GRMN
2025Q3,7/9/2025,GS
2025Q3,7/9/2025,GWW
2025Q3,7/9/2025,HAL
2025Q3,7/9/2025,HAS
2025Q3,7/9/2025,HBAN
2025Q3,7/9/2025,HCA
2025Q3,7/9/2025,HD
2025Q3,7/9/2025,HES
2025Q3,7/9/2025,HIG
2025Q3,7/9/2025,HII
2025Q3,7/9/2025,HLT
2025Q3,7/9/2025,HOLX
2025Q3,7/9/2025,HON
2025Q3,7/9/2025,HPE
2025Q3,7/9/2025,HPQ
2025Q3,7/9/2025,HRL
2025Q3,7/9/2025,HSIC
2025Q3,7/9/2025,HST
2025Q3,7/9/2025,HSY
2025Q3,7/9/2025,HUBB
2025Q3,7/9/2025,HUM
2025Q3,7/9/2025,HWM
2025Q3,7/9/2025,IBM
2025Q3,7/9/2025,ICE
2025Q3,7/9/2025,IDXX
2025Q3,7/9/2025,IEX
2025Q3,7/9/2025,IFF
2025Q3,7/9/2025,INCY
2025Q3,7/9/2025,INTC
2025Q3,7/9/2025,INTU
2025Q3,7/9/2025,INVH
2025Q3,7/9/2025,IP
2025Q3,7/9/2025,IPG
2025Q3,7/9/2025,IQV
2025Q3,7/9/2025,IR
2025Q3,7/9/2025,IRM
2025Q3,7/9/2025,ISRG
2025Q3,7/9/2025,IT
2025Q3,7/9/2025,ITW
2025Q3,7/9/2025,IVZ
2025Q3,7/9/2025,J
2025Q3,7/9/2025,JBHT
2025Q3,7/9/2025,JBL
2025Q3,7/9/2025,JCI
2025Q3,7/9/2025,JKHY
2025Q3,7/9/2025,JNJ
2025Q3,7/9/2025,JPM
2025Q3,7/9/2025,K
2025Q3,7/9/2025,KDP
2025Q3,7/9/2025,KEY
2025Q3,7/9/2025,KEYS
2025Q3,7/9/2025,KHC
2025Q3,7/9/2025,KIM
2025Q3,7/9/2025,KKR
2025Q3,7/9/2025,KLAC
2025Q3,7/9/2025,KMB
2025Q3,7/9/2025,KMI
2025Q3,7/9/2025,KMX
2025Q3,7/9/2025,KO
2025Q3,7/9/2025,KR
2025Q3,7/9/2025,KVUE
2025Q3,7/9/2025,L
2025Q3,7/9/2025,LDOS
2025Q3,7/9/2025,LEN
2025Q3,7/9/2025,LH
2025Q3,7/9/2025,LHX
2025Q3,7/9/2025,LII
2025Q3,7/9/2025,LIN
2025Q3,7/9/2025,LKQ
2025Q3,7/9/2025,LLY
2025Q3,7/9/2025,LMT
2025Q3,7/9/2025,LNT
2025Q3,7/9/2025,LOW
2025Q3,7/9/2025,LRCX
2025Q3,7/9/2025,LULU
2025Q3,7/9/2025,LUV
2025Q3,7/9/2025,LVS
2025Q3,7/9/2025,LW
2025Q3,7/9/2025,LYB
2025Q3,7/9/2025,LYV
2025Q3,7/9/2025,MA
2025Q3,7/9/2025,MAA
2025Q3,7/9/2025,MAR
2025Q3,7/9/2025,MAS
2025Q3,7/9/2025,MCD
2025Q3,7/9/2025,MCHP
2025Q3,7/9/2025,MCK
2025Q3,7/9/2025,MCO
2025Q3,7/9/2025,MDLZ
2025Q3,7/9/2025,MDT
2025Q3,7/9/2025,MET
2025Q3,7/9/2025,META
2025Q3,7/9/2025,MGM
2025Q3,7/9/2025,MHK
2025Q3,7/9/2025,MKC
2025Q3,7/9/2025,MKTX
2025Q3,7/9/2025,MLM
2025Q3,7/9/2025,MMC
2025Q3,7/9/2025,MMM
2025Q3,7/9/2025,MNST
2025Q3,7/9/2025,MO
2025Q3,7/9/2025,MOH
2025Q3,7/9/2025,MOS
2025Q3,7/9/2025,MPC
2025Q3,7/9/2025,MPWR
2025Q3,7/9/2025,MRK
2025Q3,7/9/2025,MRNA
2025Q3,7/9/2025,MS
2025Q3,7/9/2025,MSCI
2025Q3,7/9/2025,MSFT
2025Q3,7/9/2025,MSI
2025Q3,7/9/2025,MTB
2025Q3,7/9/2025,MTCH
2025Q3,7/9/2025,MTD
2025Q3,7/9/2025,MU
2025Q3,7/9/2025,NCLH
2025Q3,7/9/2025,NDAQ
2025Q3,7/9/2025,NDSN
2025Q3,7/9/2025,NEE
2025Q3,7/9/2025,NEM
2025Q3,7/9/2025,NFLX
2025Q3,7/9/2025,NI
2025Q3,7/9/2025,NKE
2025Q3,7/9/2025,NOC
2025Q3,7/9/2025,NOW
2025Q3,7/9/2025,NRG
2025Q3,7/9/2025,NSC
2025Q3,7/9/2025,NTAP
2025Q3,7/9/2025,NTRS
2025Q3,7/9/2025,NUE
2025Q3,7/9/2025,NVDA
2025Q3,7/9/2025,NVR
2025Q3,7/9/2025,NWS
2025Q3,7/9/2025,NWSA
2025Q3,7/9/2025,NXPI
2025Q3,7/9/2025,O
2025Q3,7/9/2025,ODFL
2025Q3,7/9/2025,OKE
2025Q3,7/9/2025,OMC
2025Q3,7/9/2025,ON
2025Q3,7/9/2025,ORCL
2025Q3,7/9/2025,ORLY
2025Q3,7/9/2025,OTIS
2025Q3,7/9/2025,OXY
2025Q3,7/9/2025,PANW
2025Q3,7/9/2025,PARA
2025Q3,7/9/2025,PAYC
2025Q3,7/9/2025,PAYX
2025Q3,7/9/2025,PCAR
2025Q3,7/9/2025,PCG
2025Q3,7/9/2025,PEG
2025Q3,7/9/2025,PEP
2025Q3,7/9/2025,PFE
2025Q3,7/9/2025,PFG
2025Q3,7/9/2025,PG
2025Q3,7/9/2025,PGR
2025Q3,7/9/2025,PH
2025Q3,7/9/2025,PHM
2025Q3,7/9/2025,PKG
2025Q3,7/9/2025,PLD
2025Q3,7/9/2025,PLTR
2025Q3,7/9/2025,PM
2025Q3,7/9/2025,PNC
2025Q3,7/9/2025,PNR
2025Q3,7/9/2025,PNW
2025Q3,7/9/2025,PODD
2025Q3,7/9/2025,POOL
2025Q3,7/9/2025,PPG
2025Q3,7/9/2025,PPL
2025Q3,7/9/2025,PRU
2025Q3,7/9/2025,PSA
2025Q3,7/9/2025,PSX
2025Q3,7/9/2025,PTC
2025Q3,7/9/2025,PWR
2025Q3,7/9/2025,PYPL
2025Q3,7/9/2025,QCOM
2025Q3,7/9/2025,RCL
2025Q3,7/9/2025,REG
2025Q3,7/9/2025,REGN
2025Q3,7/9/2025,RF
2025Q3,7/9/2025,RJF
2025Q3,7/9/2025,RL
2025Q3,7/9/2025,RMD
2025Q3,7/9/2025,ROK
2025Q3,7/9/2025,ROL
2025Q3,7/9/2025,ROP
2025Q3,7/9/2025,ROST
2025Q3,7/9/2025,RSG
2025Q3,7/9/2025,RTX
2025Q3,7/9/2025,RVTY
2025Q3,7/9/2025,SBAC
2025Q3,7/9/2025,SBUX
2025Q3,7/9/2025,SCHW
2025Q3,7/9/2025,SHW
2025Q3,7/9/2025,SJM
2025Q3,7/9/2025,SLB
2025Q3,7/9/2025,SMCI
2025Q3,7/9/2025,SNA
2025Q3,7/9/2025,SNPS
2025Q3,7/9/2025,SO
2025Q3,7/9/2025,SOLV
2025Q3,7/9/2025,SPG
2025Q3,7/9/2025,SPGI
2025Q3,7/9/2025,SRE
2025Q3,7/9/2025,STE
2025Q3,7/9/2025,STLD
2025Q3,7/9/2025,STT
2025Q3,7/9/2025,STX
2025Q3,7/9/2025,STZ
2025Q3,7/9/2025,SW
2025Q3,7/9/2025,SWK
2025Q3,7/9/2025,SWKS
2025Q3,7/9/2025,SYF
2025Q3,7/9/2025,SYK
2025Q3,7/9/2025,SYY
2025Q3,7/9/2025,T
2025Q3,7/9/2025,TAP
2025Q3,7/9/2025,TDG
2025Q3,7/9/2025,TDY
2025Q3,7/9/2025,TECH
2025Q3,7/9/2025,TEL
2025Q3,7/9/2025,TER
2025Q3,7/9/2025,TFC
2025Q3,7/9/2025,TGT
2025Q3,7/9/2025,TJX
2025Q3,7/9/2025,TKO
2025Q3,7/9/2025,TMO
2025Q3,7/9/2025,TMUS
2025Q3,7/9/2025,TPL
2025Q3,7/9/2025,TPR
2025Q3,7/9/2025,TRGP
2025Q3,7/9/2025,TRMB
2025Q3,7/9/2025,TROW
2025Q3,7/9/2025,TRV
2025Q3,7/9/2025,TSCO
2025Q3,7/9/2025,TSLA
2025Q3,7/9/2025,TSN
2025Q3,7/9/2025,TT
2025Q3,7/9/2025,TTWO
2025Q3,7/9/2025,TXN
2025Q3,7/9/2025,TXT
2025Q3,7/9/2025,TYL
2025Q3,7/9/2025,UAL
2025Q3,7/9/2025,UBER
2025Q3,7/9/2025,UDR
2025Q3,7/9/2025,UHS
2025Q3,7/9/2025,ULTA
2025Q3,7/9/2025,UNH
2025Q3,7/9/2025,UNP
2025Q3,7/9/2025,UPS
2025Q3,7/9/2025,URI
2025Q3,7/9/2025,USB
2025Q3,7/9/2025,V
2025Q3,7/9/2025,VICI
2025Q3,7/9/2025,VLO
2025Q3,7/9/2025,VLTO
2025Q3,7/9/2025,VMC
2025Q3,7/9/2025,VRSK
2025Q3,7/9/2025,VRSN
2025Q3,7/9/2025,VRTX
2025Q3,7/9/2025,VST
2025Q3,7/9/2025,VTR
2025Q3,7/9/2025,VTRS
2025Q3,7/9/2025,VZ
2025Q3,7/9/2025,WAB
2025Q3,7/9/2025,WAT
2025Q3,7/9/2025,WBA
2025Q3,7/9/2025,WBD
2025Q3,7/9/2025,WDAY
2025Q3,7/9/2025,WDC
2025Q3,7/9/2025,WEC
2025Q3,7/9/2025,WELL
2025Q3,7/9/2025,WFC
2025Q3,7/9/2025,WM
2025Q3,7/9/2025,WMB
2025Q3,7/9/2025,WMT
2025Q3,7/9/2025,WRB
2025Q3,7/9/2025,WSM
2025Q3,7/9/2025,WST
2025Q3,7/9/2025,WTW
2025Q3,7/9/2025,WY
2025Q3,7/9/2025,WYNN
2025Q3,7/9/2025,XEL
2025Q3,7/9/2025,XOM
2025Q3,7/9/2025,XYL
2025Q3,7/9/2025,YUM
2025Q3,7/9/2025,ZBH
2025Q3,7/9/2025,ZBRA
2025Q3,7/9/2025,ZTS
2025Q4,10/30/2025,A
2025Q4,10/30/2025,AAPL
2025Q4,10/30/2025,ABBV
2025Q4,10/30/2025,ABNB
2025Q4,10/30/2025,ABT
2025Q4,10/30/2025,ACGL
2025Q4,10/30/2025,ACN
2025Q4,10/30/2025,ADBE
2025Q4,10/30/2025,ADI
2025Q4,10/30/2025,ADM
2025Q4,10/30/2025,ADP
2025Q4,10/30/2025,ADSK
2025Q4,10/30/2025,AEE
2025Q4,10/30/2025,AEP
2025Q4,10/30/2025,AES
2025Q4,10/30/2025,AFL
2025Q4,10/30/2025,AIG
2025Q4,10/30/2025,AIZ
2025Q4,10/30/2025,AJG
2025Q4,10/30/2025,AKAM
2025Q4,10/30/2025,ALB
2025Q4,10/30/2025,ALGN
2025Q4,10/30/2025,ALL
2025Q4,10/30/2025,ALLE
2025Q4,10/30/2025,AMAT
2025Q4,10/30/2025,AMCR
2025Q4,10/30/2025,AMD
2025Q4,10/30/2025,AME
2025Q4,10/30/2025,AMGN
2025Q4,10/30/2025,AMP
2025Q4,10/30/2025,AMT
2025Q4,10/30/2025,AMZN
2025Q4,10/30/2025,ANET
2025Q4,10/30/2025,AON
2025Q4,10/30/2025,AOS
2025Q4,10/30/2025,APA
2025Q4,10/30/2025,APD
2025Q4,10/30/2025,APH
2025Q4,10/30/2025,APO
2025Q4,10/30/2025,APP
2025Q4,10/30/2025,APTV
2025Q4,10/30/2025,ARE
2025Q4,10/30/2025,ATO
2025Q4,10/30/2025,AVB
2025Q4,10/30/2025,AVGO
2025Q4,10/30/2025,AVY
2025Q4,10/30/2025,AWK
2025Q4,10/30/2025,AXON
2025Q4,10/30/2025,AXP
2025Q4,10/30/2025,AZO
2025Q4,10/30/2025,BA
2025Q4,10/30/2025,BAC
2025Q4,10/30/2025,BALL
2025Q4,10/30/2025,BAX
2025Q4,10/30/2025,BBY
2025Q4,10/30/2025,BDX
2025Q4,10/30/2025,BEN
2025Q4,10/30/2025,BF.B
2025Q4,10/30/2025,BG
2025Q4,10/30/2025,BIIB
2025Q4,10/30/2025,BK
2025Q4,10/30/2025,BKNG
2025Q4,10/30/2025,BKR
2025Q4,10/30/2025,BLDR
2025Q4,10/30/2025,BLK
2025Q4,10/30/2025,BMY
2025Q4,10/30/2025,BR
2025Q4,10/30/2025,BRK.B
2025Q4,10/30/2025,BRO
2025Q4,10/30/2025,BSX
2025Q4,10/30/2025,BX
2025Q4,10/30/2025,BXP
2025Q4,10/30/2025,C
2025Q4,10/30/2025,CAG
2025Q4,10/30/2025,CAH
2025Q4,10/30/2025,CARR
2025Q4,10/30/2025,CAT
2025Q4,10/30/2025,CB
2025Q4,10/30/2025,CBOE
2025Q4,10/30/2025,CBRE
2025Q4,10/30/2025,CCI
2025Q4,10/30/2025,CCL
2025Q4,10/30/2025,CDNS
2025Q4,10/30/2025,CDW
2025Q4,10/30/2025,CEG
2025Q4,10/30/2025,CF
2025Q4,10/30/2025,CFG
2025Q4,10/30/2025,CHD
2025Q4,10/30/2025,CHRW
2025Q4,10/30/2025,CHTR
2025Q4,10/30/2025,CI
2025Q4,10/30/2025,CINF
2025Q4,10/30/2025,CL
2025Q4,10/30/2025,CLX
2025Q4,10/30/2025,CMCSA
2025Q4,10/30/2025,CME
2025Q4,10/30/2025,CMG
2025Q4,10/30/2025,CMI
2025Q4,10/30/2025,CMS
2025Q4,10/30/2025,CNC
2025Q4,10/30/2025,CNP
2025Q4,10/30/2025,COF
2025Q4,10/30/2025,COIN
2025Q4,10/30/2025,COO
2025Q4,10/30/2025,COP
2025Q4,10/30/2025,COR
2025Q4,10/30/2025,COST
2025Q4,10/30/2025,CPAY
2025Q4,10/30/2025,CPB
2025Q4,10/30/2025,CPRT
2025Q4,10/30/2025,CPT
2025Q4,10/30/2025,CRL
2025Q4,10/30/2025,CRM
2025Q4,10/30/2025,CRWD
2025Q4,10/30/2025,CSCO
2025Q4,10/30/2025,CSGP
2025Q4,10/30/2025,CSX
2025Q4,10/30/2025,CTAS
2025Q4,10/30/2025,CTRA
2025Q4,10/30/2025,CTSH
2025Q4,10/30/2025,CTVA
2025Q4,10/30/2025,CVS
2025Q4,10/30/2025,CVX
2025Q4,10/30/2025,D
2025Q4,10/30/2025,DAL
2025Q4,10/30/2025,DASH
2025Q4,10/30/2025,DAY
2025Q4,10/30/2025,DD
2025Q4,10/30/2025,DDOG
2025Q4,10/30/2025,DE
2025Q4,10/30/2025,DECK
2025Q4,10/30/2025,DELL
2025Q4,10/30/2025,DG
2025Q4,10/30/2025,DGX
2025Q4,10/30/2025,DHI
2025Q4,10/30/2025,DHR
2025Q4,10/30/2025,DIS
2025Q4,10/30/2025,DLR
2025Q4,10/30/2025,DLTR
2025Q4,10/30/2025,DOC
2025Q4,10/30/2025,DOV
2025Q4,10/30/2025,DOW
2025Q4,10/30/2025,DPZ
2025Q4,10/30/2025,DRI
2025Q4,10/30/2025,DTE
2025Q4,10/30/2025,DUK
2025Q4,10/30/2025,DVA
2025Q4,10/30/2025,DVN
2025Q4,10/30/2025,DXCM
2025Q4,10/30/2025,EA
2025Q4,10/30/2025,EBAY
2025Q4,10/30/2025,ECL
2025Q4,10/30/2025,ED
2025Q4,10/30/2025,EFX
2025Q4,10/30/2025,EG
2025Q4,10/30/2025,EIX
2025Q4,10/30/2025,EL
2025Q4,10/30/2025,ELV
2025Q4,10/30/2025,EME
2025Q4,10/30/2025,EMN
2025Q4,10/30/2025,EMR
2025Q4,10/30/2025,EOG
2025Q4,10/30/2025,EPAM
2025Q4,10/30/2025,EQIX
2025Q4,10/30/2025,EQR
2025Q4,10/30/2025,EQT
2025Q4,10/30/2025,ERIE
2025Q4,10/30/2025,ES
2025Q4,10/30/2025,ESS
2025Q4,10/30/2025,ETN
2025Q4,10/30/2025,ETR
2025Q4,10/30/2025,EVRG
2025Q4,10/30/2025,EW
2025Q4,10/30/2025,EXC
2025Q4,10/30/2025,EXE
2025Q4,10/30/2025,EXPD
2025Q4,10/30/2025,EXPE
2025Q4,10/30/2025,EXR
2025Q4,10/30/2025,F
2025Q4,10/30/2025,FANG
2025Q4,10/30/2025,FAST
2025Q4,10/30/2025,FCX
2025Q4,10/30/2025,FDS
2025Q4,10/30/2025,FDX
2025Q4,10/30/2025,FE
2025Q4,10/30/2025,FFIV
2025Q4,10/30/2025,FI
2025Q4,10/30/2025,FICO
2025Q4,10/30/2025,FIS
2025Q4,10/30/2025,FITB
2025Q4,10/30/2025,FOX
2025Q4,10/30/2025,FOXA
2025Q4,10/30/2025,FRT
2025Q4,10/30/2025,FSLR
2025Q4,10/30/2025,FTNT
2025Q4,10/30/2025,FTV
2025Q4,10/30/2025,GD
2025Q4,10/30/2025,GDDY
2025Q4,10/30/2025,GE
2025Q4,10/30/2025,GEHC
2025Q4,10/30/2025,GEN
2025Q4,10/30/2025,GEV
2025Q4,10/30/2025,GILD
2025Q4,10/30/2025,GIS
2025Q4,10/30/2025,GL
2025Q4,10/30/2025,GLW
2025Q4,10/30/2025,GM
2025Q4,10/30/2025,GNRC
2025Q4,10/30/2025,GOOG
2025Q4,10/30/2025,GOOGL
2025Q4,10/30/2025,GPC
2025Q4,10/30/2025,GPN
2025Q4,10/30/2025,GRMN
2025Q4,10/30/2025,GS
2025Q4,10/30/2025,GWW
2025Q4,10/30/2025,HAL
2025Q4,10/30/2025,HAS
2025Q4,10/30/2025,HBAN
2025Q4,10/30/2025,HCA
2025Q4,10/30/2025,HD
2025Q4,10/30/2025,HIG
2025Q4,10/30/2025,HII
2025Q4,10/30/2025,HLT
2025Q4,10/30/2025,HOLX
2025Q4,10/30/2025,HON
2025Q4,10/30/2025,HOOD
2025Q4,10/30/2025,HPE
2025Q4,10/30/2025,HPQ
2025Q4,10/30/2025,HRL
2025Q4,10/30/2025,HSIC
2025Q4,10/30/2025,HST
2025Q4,10/30/2025,HSY
2025Q4,10/30/2025,HUBB
2025Q4,10/30/2025,HUM
2025Q4,10/30/2025,HWM
2025Q4,10/30/2025,IBKR
2025Q4,10/30/2025,IBM
2025Q4,10/30/2025,ICE
2025Q4,10/30/2025,IDXX
2025Q4,10/30/2025,IEX
2025Q4,10/30/2025,IFF
2025Q4,10/30/2025,INCY
2025Q4,10/30/2025,INTC
2025Q4,10/30/2025,INTU
2025Q4,10/30/2025,INVH
2025Q4,10/30/2025,IP
2025Q4,10/30/2025,IPG
2025Q4,10/30/2025,IQV
2025Q4,10/30/2025,IR
2025Q4,10/30/2025,IRM
2025Q4,10/30/2025,ISRG
2025Q4,10/30/2025,IT
2025Q4,10/30/2025,ITW
2025Q4,10/30/2025,IVZ
2025Q4,10/30/2025,J
2025Q4,10/30/2025,JBHT
2025Q4,10/30/2025,JBL
2025Q4,10/30/2025,JCI
2025Q4,10/30/2025,JKHY
2025Q4,10/30/2025,JNJ
2025Q4,10/30/2025,JPM
2025Q4,10/30/2025,K
2025Q4,10/30/2025,KDP
2025Q4,10/30/2025,KEY
2025Q4,10/30/2025,KEYS
2025Q4,10/30/2025,KHC
2025Q4,10/30/2025,KIM
2025Q4,10/30/2025,KKR
2025Q4,10/30/2025,KLAC
2025Q4,10/30/2025,KMB
2025Q4,10/30/2025,KMI
2025Q4,10/30/2025,KMX
2025Q4,10/30/2025,KO
2025Q4,10/30/2025,KR
2025Q4,10/30/2025,KVUE
2025Q4,10/30/2025,L
2025Q4,10/30/2025,LDOS
2025Q4,10/30/2025,LEN
2025Q4,10/30/2025,LH
2025Q4,10/30/2025,LHX
2025Q4,10/30/2025,LII
2025Q4,10/30/2025,LIN
2025Q4,10/30/2025,LKQ
2025Q4,10/30/2025,LLY
2025Q4,10/30/2025,LMT
2025Q4,10/30/2025,LNT
2025Q4,10/30/2025,LOW
2025Q4,10/30/2025,LRCX
2025Q4,10/30/2025,LULU
2025Q4,10/30/2025,LUV
2025Q4,10/30/2025,LVS
2025Q4,10/30/2025,LW
2025Q4,10/30/2025,LYB
2025Q4,10/30/2025,LYV
2025Q4,10/30/2025,MA
2025Q4,10/30/2025,MAA
2025Q4,10/30/2025,MAR
2025Q4,10/30/2025,MAS
2025Q4,10/30/2025,MCD
2025Q4,10/30/2025,MCHP
2025Q4,10/30/2025,MCK
2025Q4,10/30/2025,MCO
2025Q4,10/30/2025,MDLZ
2025Q4,10/30/2025,MDT
2025Q4,10/30/2025,MET
2025Q4,10/30/2025,META
2025Q4,10/30/2025,MGM
2025Q4,10/30/2025,MHK
2025Q4,10/30/2025,MKC
2025Q4,10/30/2025,MLM
2025Q4,10/30/2025,MMC
2025Q4,10/30/2025,MMM
2025Q4,10/30/2025,MNST
2025Q4,10/30/2025,MO
2025Q4,10/30/2025,MOH
2025Q4,10/30/2025,MOS
2025Q4,10/30/2025,MPC
2025Q4,10/30/2025,MPWR
2025Q4,10/30/2025,MRK
2025Q4,10/30/2025,MRNA
2025Q4,10/30/2025,MS
2025Q4,10/30/2025,MSCI
2025Q4,10/30/2025,MSFT
2025Q4,10/30/2025,MSI
2025Q4,10/30/2025,MTB
2025Q4,10/30/2025,MTCH
2025Q4,10/30/2025,MTD
2025Q4,10/30/2025,MU
2025Q4,10/30/2025,NCLH
2025Q4,10/30/2025,NDAQ
2025Q4,10/30/2025,NDSN
2025Q4,10/30/2025,NEE
2025Q4,10/30/2025,NEM
2025Q4,10/30/2025,NFLX
2025Q4,10/30/2025,NI
2025Q4,10/30/2025,NKE
2025Q4,10/30/2025,NOC
2025Q4,10/30/2025,NOW
2025Q4,10/30/2025,NRG
2025Q4,10/30/2025,NSC
2025Q4,10/30/2025,NTAP
2025Q4,10/30/2025,NTRS
2025Q4,10/30/2025,NUE
2025Q4,10/30/2025,NVDA
2025Q4,10/30/2025,NVR
2025Q4,10/30/2025,NWS
2025Q4,10/30/2025,NWSA
2025Q4,10/30/2025,NXPI
2025Q4,10/30/2025,O
2025Q4,10/30/2025,ODFL
2025Q4,10/30/2025,OKE
2025Q4,10/30/2025,OMC
2025Q4,10/30/2025,ON
2025Q4,10/30/2025,ORCL
2025Q4,10/30/2025,ORLY
2025Q4,10/30/2025,OTIS
2025Q4,10/30/2025,OXY
2025Q4,10/30/2025,PANW
2025Q4,10/30/2025,PAYC
2025Q4,10/30/2025,PAYX
2025Q4,10/30/2025,PCAR
2025Q4,10/30/2025,PCG
2025Q4,10/30/2025,PEG
2025Q4,10/30/2025,PEP
2025Q4,10/30/2025,PFE
2025Q4,10/30/2025,PFG
2025Q4,10/30/2025,PG
2025Q4,10/30/2025,PGR
2025Q4,10/30/2025,PH
2025Q4,10/30/2025,PHM
2025Q4,10/30/2025,PKG
2025Q4,10/30/2025,PLD
2025Q4,10/30/2025,PLTR
2025Q4,10/30/2025,PM
2025Q4,10/30/2025,PNC
2025Q4,10/30/2025,PNR
2025Q4,10/30/2025,PNW
2025Q4,10/30/2025,PODD
2025Q4,10/30/2025,POOL
2025Q4,10/30/2025,PPG
2025Q4,10/30/2025,PPL
2025Q4,10/30/2025,PRU
2025Q4,10/30/2025,PSA
2025Q4,10/30/2025,PSKY
2025Q4,10/30/2025,PSX
2025Q4,10/30/2025,PTC
2025Q4,10/30/2025,PWR
2025Q4,10/30/2025,PYPL
2025Q4,10/30/2025,QCOM
2025Q4,10/30/2025,RCL
2025Q4,10/30/2025,REG
2025Q4,10/30/2025,REGN
2025Q4,10/30/2025,RF
2025Q4,10/30/2025,RJF
2025Q4,10/30/2025,RL
2025Q4,10/30/2025,RMD
2025Q4,10/30/2025,ROK
2025Q4,10/30/2025,ROL
2025Q4,10/30/2025,ROP
2025Q4,10/30/2025,ROST
2025Q4,10/30/2025,RSG
2025Q4,10/30/2025,RTX
2025Q4,10/30/2025,RVTY
2025Q4,10/30/2025,SBAC
2025Q4,10/30/2025,SBUX
2025Q4,10/30/2025,SCHW
2025Q4,10/30/2025,SHW
2025Q4,10/30/2025,SJM
2025Q4,10/30/2025,SLB
2025Q4,10/30/2025,SMCI
2025Q4,10/30/2025,SNA
2025Q4,10/30/2025,SNPS
2025Q4,10/30/2025,SO
2025Q4,10/30/2025,SOLS
2025Q4,10/30/2025,SOLV
2025Q4,10/30/2025,SPG
2025Q4,10/30/2025,SPGI
2025Q4,10/30/2025,SRE
2025Q4,10/30/2025,STE
2025Q4,10/30/2025,STLD
2025Q4,10/30/2025,STT
2025Q4,10/30/2025,STX
2025Q4,10/30/2025,STZ
2025Q4,10/30/2025,SW
2025Q4,10/30/2025,SWK
2025Q4,10/30/2025,SWKS
2025Q4,10/30/2025,SYF
2025Q4,10/30/2025,SYK
2025Q4,10/30/2025,SYY
2025Q4,10/30/2025,T
2025Q4,10/30/2025,TAP
2025Q4,10/30/2025,TDG
2025Q4,10/30/2025,TDY
2025Q4,10/30/2025,TECH
2025Q4,10/30/2025,TEL
2025Q4,10/30/2025,TER
2025Q4,10/30/2025,TFC
2025Q4,10/30/2025,TGT
2025Q4,10/30/2025,TJX
2025Q4,10/30/2025,TKO
2025Q4,10/30/2025,TMO
2025Q4,10/30/2025,TMUS
2025Q4,10/30/2025,TPL
2025Q4,10/30/2025,TPR
2025Q4,10/30/2025,TRGP
2025Q4,10/30/2025,TRMB
2025Q4,10/30/2025,TROW
2025Q4,10/30/2025,TRV
2025Q4,10/30/2025,TSCO
2025Q4,10/30/2025,TSLA
2025Q4,10/30/2025,TSN
2025Q4,10/30/2025,TT
2025Q4,10/30/2025,TTD
2025Q4,10/30/2025,TTWO
2025Q4,10/30/2025,TXN
2025Q4,10/30/2025,TXT
2025Q4,10/30/2025,TYL
2025Q4,10/30/2025,UAL
2025Q4,10/30/2025,UBER
2025Q4,10/30/2025,UDR
2025Q4,10/30/2025,UHS
2025Q4,10/30/2025,ULTA
2025Q4,10/30/2025,UNH
2025Q4,10/30/2025,UNP
2025Q4,10/30/2025,UPS
2025Q4,10/30/2025,URI
2025Q4,10/30/2025,USB
2025Q4,10/30/2025,V
2025Q4,10/30/2025,VICI
2025Q4,10/30/2025,VLO
2025Q4,10/30/2025,VLTO
2025Q4,10/30/2025,VMC
2025Q4,10/30/2025,VRSK
2025Q4,10/30/2025,VRSN
2025Q4,10/30/2025,VRTX
2025Q4,10/30/2025,VST
2025Q4,10/30/2025,VTR
2025Q4,10/30/2025,VTRS
2025Q4,10/30/2025,VZ
2025Q4,10/30/2025,WAB
2025Q4,10/30/2025,WAT
2025Q4,10/30/2025,WBD
2025Q4,10/30/2025,WDAY
2025Q4,10/30/2025,WDC
2025Q4,10/30/2025,WEC
2025Q4,10/30/2025,WELL
2025Q4,10/30/2025,WFC
2025Q4,10/30/2025,WM
2025Q4,10/30/2025,WMB
2025Q4,10/30/2025,WMT
2025Q4,10/30/2025,WRB
2025Q4,10/30/2025,WSM
2025Q4,10/30/2025,WST
2025Q4,10/30/2025,WTW
2025Q4,10/30/2025,WY
2025Q4,10/30/2025,WYNN
2025Q4,10/30/2025,XEL
2025Q4,10/30/2025,XOM
2025Q4,10/30/2025,XYL
2025Q4,10/30/2025,XYZ
2025Q4,10/30/2025,YUM
2025Q4,10/30/2025,ZBH
2025Q4,10/30/2025,ZBRA
2025Q4,10/30/2025,ZTS
